code,snapshot_date,ISU_CD,Name,Market,Dept,Close,ChangeCode,Changes,ChagesRatio,Open,High,Low,Volume,Amount,Marcap,Stocks,MarketId,lateInfoMsgCd
005930,2026-09-29,KR7005930003,삼성전자,KOSPI,,273500,1,3500,1.3,266000,276000,266000,15792758,4289837873500,1593110920680000,5846278608,STK,ME006
000660,2026-09-29,KR7000660001,SK하이닉스,KOSPI,,1782000,1,14000,0.79,1755000,1788000,1736000,2911613,5138057703500,1289319024225000,730492365,STK,ME006
005935,2026-09-29,KR7005931001,삼성전자우,KOSPI,,204500,2,-2500,-1.21,204000,207000,199900,3772677,766780188100,163683725412000,802371203,STK,ME006
402340,2026-09-29,KR7402340004,SK스퀘어,KOSPI,,1121000,1,21000,1.91,1096000,1121000,1087000,430264,476349638000,147491029764000,131923998,STK,ME006
009150,2026-09-29,KR7009150004,삼성전기,KOSPI,,1545000,1,46000,3.07,1525000,1560000,1493000,575956,877532055000,114131967488000,74693696,STK,ME006
373220,2026-09-29,KR7373220003,LG에너지솔루션,KOSPI,,353000,2,-11000,-3.02,359000,359000,348500,256719,90275784750,82485000000000,234000000,STK,ME006
005380,2026-09-29,KR7005380001,현대차,KOSPI,,349500,2,-5000,-1.41,351500,352000,344500,544507,189341521750,71213272200000,203466492,STK,ME006
207940,2026-09-29,KR7207940008,삼성바이오로직스,KOSPI,,1382000,2,-18000,-1.29,1386000,1390000,1362000,30823,42369693500,64112967135000,46290951,STK,ME006
105560,2026-09-29,KR7105560007,KB금융,KOSPI,,172900,2,-1300,-0.75,173000,174500,171300,779061,134546766326,61538321849000,354687734,STK,ME006
032830,2026-09-29,KR7032830002,삼성생명,KOSPI,,290000,2,-6000,-2.03,295500,295500,286000,182396,52643524250,58100000000000,200000000,STK,ME006
028260,2026-09-29,KR7028260008,삼성물산,KOSPI,,346000,1,500,0.14,343500,349000,340500,268363,92366473500,55947815445000,162167581,STK,ME006
012450,2026-09-29,KR7012450003,한화에어로스페이스,KOSPI,,1014000,2,-20000,-1.93,1033000,1039000,1000000,100627,101541803000,52182161812000,51563401,STK,ME006
055550,2026-09-29,KR7055550008,신한지주,KOSPI,,110200,2,-1100,-0.99,110000,110800,109200,718295,79105086450,51874251409500,469450239,STK,ME006
034020,2026-09-29,KR7034020008,두산에너빌리티,KOSPI,,80100,2,-1900,-2.32,80500,81100,78700,2104425,167068081900,51052723336200,640561146,STK,ME006
000270,2026-09-29,KR7000270009,기아,KOSPI,,115800,2,-1800,-1.53,116000,116300,113700,941396,108336564350,45287907768000,390412998,STK,ME006
329180,2026-09-29,KR7329180004,HD현대중공업,KOSPI,,428500,2,-13500,-3.05,437000,438500,424500,193198,82798568750,45028365525000,104961225,STK,ME006
034730,2026-09-29,KR7034730002,SK,KOSPI,,585000,1,7000,1.21,582000,587000,570000,106649,61941408000,42486583958000,72502703,STK,ME006
068270,2026-09-29,KR7068270008,셀트리온,KOSPI,,178900,1,600,0.34,178400,179300,175500,295323,52517450865,41615212786400,232617176,STK,ME006
006400,2026-09-29,KR7006400006,삼성SDI,KOSPI,,515000,2,-18000,-3.38,526000,527000,505000,359515,184455796000,41179205830000,80585530,STK,ME006
086790,2026-09-29,KR7086790003,하나금융지주,KOSPI,,134400,2,-900,-0.67,135400,135400,133000,415327,55833104100,36662228823000,270969910,STK,ME006
066570,2026-09-29,KR7066570003,LG전자,KOSPI,,215000,1,500,0.23,212000,215500,210000,547199,116613887000,34775870213000,162884638,STK,ME006
012330,2026-09-29,KR7012330007,현대모비스,KOSPI,,367000,2,-6000,-1.61,369000,371500,362000,225873,82701538750,32964154695000,89820585,STK,ME006
010120,2026-09-29,KR7010120004,LS ELECTRIC,KOSPI,,205000,1,500,0.24,203000,207500,201500,221536,45177146250,30750000000000,150000000,STK,ME006
035420,2026-09-29,KR7035420009,NAVER,KOSPI,,194600,2,-3100,-1.57,196600,197200,193200,557776,108494553200,29627983081200,152094369,STK,ME006
000810,2026-09-29,KR7000810002,삼성화재,KOSPI,,651000,2,-10000,-1.51,664000,664000,646000,73062,47576028000,29154799869000,44647473,STK,ME006
316140,2026-09-29,KR7316140003,우리금융지주,KOSPI,,36200,2,-200,-0.55,36250,36500,35750,1526455,55293886075,26819030674800,736786557,STK,ME006
298040,2026-09-29,KR7298040007,효성중공업,KOSPI,,2807000,1,27000,0.97,2780000,2839000,2751000,28493,79745186500,26146032592000,9324548,STK,ME006
096770,2026-09-29,KR7096770003,SK이노베이션,KOSPI,,146300,2,-11900,-7.52,156200,156400,144100,731105,107803733650,24664801769200,169052788,STK,ME006
267260,2026-09-29,KR7267260008,HD현대일렉트릭,KOSPI,,684000,2,-9000,-1.3,681000,686000,670000,120981,81867273000,24548098935000,36047135,STK,ME006
005490,2026-09-29,KR7005490008,POSCO홀딩스,KOSPI,,306000,2,-10500,-3.32,313500,313500,302500,230726,70506884000,24089424208000,79241527,STK,ME006
042660,2026-09-29,KR7042660001,한화오션,KOSPI,,79000,2,-1000,-1.25,80600,81000,78000,835433,65659156500,24084092768400,306413394,STK,ME006
042700,2026-09-29,KR7042700005,한미반도체,KOSPI,,251500,1,17000,7.25,235000,252000,235000,732350,181282483250,24018674400000,95312200,STK,ME006
009540,2026-09-29,KR7009540006,HD한국조선해양,KOSPI,,323000,2,-9000,-2.71,332500,333000,320000,130297,42072723620,22895103026000,70773116,STK,ME006
000150,2026-09-29,KR7000150003,두산,KOSPI,,1399000,2,-24000,-1.69,1412000,1413000,1361000,71156,98010866000,22363686135000,16193835,STK,ME006
010130,2026-09-29,KR7010130003,고려아연,KOSPI,,1070000,2,-32000,-2.9,1088000,1091000,1046000,24517,25960313000,22208839016000,20872969,STK,ME006
138040,2026-09-29,KR7138040001,메리츠금융지주,KOSPI,,132300,2,-1100,-0.82,133500,133500,130600,123789,16355741450,22206983127100,167347273,STK,ME006
011200,2026-09-29,KR7011200003,HMM,KOSPI,,20900,2,-350,-1.65,21350,21450,20850,569351,11979711125,19807997370000,943237970,STK,ME006
015760,2026-09-29,KR7015760002,한국전력,KOSPI,,30050,2,-650,-2.12,30300,30450,29900,1320312,39672617250,19323118717700,641964077,STK,ME006
017670,2026-09-29,KR7017670001,SK텔레콤,KOSPI,,86000,2,-2200,-2.49,87200,87200,84700,678263,58059199950,18514902568600,214790053,STK,ME006
033780,2026-09-29,KR7033780008,KT&G,KOSPI,,176100,1,700,0.4,176100,177700,173500,290672,51280306150,18395212803200,103810456,STK,ME006
010950,2026-09-29,KR7010950004,S-Oil,KOSPI,,158200,2,-4000,-2.47,163700,164800,154000,251454,39836443650,17765564577600,112582792,STK,ME006
051910,2026-09-29,KR7051910008,LG화학,KOSPI,,251500,2,-11000,-4.19,259500,260000,247000,227280,57047634500,17648085750000,70592343,STK,ME006
010140,2026-09-29,KR7010140002,삼성중공업,KOSPI,,19460,2,-640,-3.18,20050,20100,19160,5708083,110807806290,17010400000000,880000000,STK,ME006
006800,2026-09-29,KR7006800007,미래에셋증권,KOSPI,,31050,2,-750,-2.36,31550,31800,30650,776486,24109014725,16915105738650,543021051,STK,ME006
003550,2026-09-29,KR7003550001,LG,KOSPI,,110800,2,-3200,-2.81,113400,113400,109100,184278,20383568800,16842789245600,151192004,STK,ME006
018260,2026-09-29,KR7018260000,삼성에스디에스,KOSPI,,217000,2,-2000,-0.91,218500,220000,214000,118421,25620585500,16752293700000,77377800,STK,ME006
024110,2026-09-29,KR7024110009,기업은행,KOSPI,,20650,2,-250,-1.2,20750,20750,20450,472634,9731989200,16506715488300,797425869,STK,ME006
267250,2026-09-29,KR7267250009,HD현대,KOSPI,,202500,2,-6500,-3.11,210000,210000,200000,116317,23519304000,15917106627500,78993085,STK,ME006
003670,2026-09-29,KR7003670007,포스코퓨처엠,KOSPI,,176000,2,-9200,-4.97,182900,183000,173300,315418,55332787150,15601166988000,88946220,STK,ME006
035720,2026-09-29,KR7035720002,카카오,KOSPI,,33600,2,-550,-1.61,34100,34150,33400,1122408,37726002925,14929096731100,442999903,STK,ME006
079550,2026-09-29,KR7079550000,LIG디펜스앤에어로스페이스,KOSPI,,677000,2,-16000,-2.31,692000,696000,664000,49984,33774637000,14916000000000,22000000,STK,ME006
086280,2026-09-29,KR7086280005,현대글로비스,KOSPI,,197200,2,-1900,-0.95,199000,199000,194600,106582,20923159150,14812500000000,75000000,STK,ME006
011070,2026-09-29,KR7011070000,LG이노텍,KOSPI,,585000,1,7000,1.21,573000,591000,561000,249374,144292833000,13845257595000,23667107,STK,ME006
272210,2026-09-29,KR7272210006,한화시스템,KOSPI,,71800,2,-600,-0.83,72400,72500,70000,339828,24145215050,13583304069100,188919389,STK,ME006
278470,2026-09-29,KR7278470000,에이피알,KOSPI,,361500,2,-7000,-1.9,371500,371500,358000,132936,48123127000,13571331187500,37438155,STK,ME006
030200,2026-09-29,KR7030200000,KT,KOSPI,,52600,2,-300,-0.57,52800,52900,52300,241950,12752443050,13331947136500,252021685,STK,ME006
000720,2026-09-29,KR7000720003,현대건설,KOSPI,,117800,2,-6800,-5.46,122900,123700,115500,609184,71618864600,13028624505000,111355765,STK,ME006
005830,2026-09-29,KR7005830005,DB손해보험,KOSPI,,190900,3,0,0.0,192000,193300,189200,160929,30807016400,12549866868400,65500349,STK,ME006
047810,2026-09-29,KR7047810007,한국항공우주,KOSPI,,127100,2,-2500,-1.93,129800,130300,125900,160770,20417554900,12418328631800,97475107,STK,ME006
064350,2026-09-29,KR7064350002,현대로템,KOSPI,,112000,2,-3700,-3.2,114900,115700,110700,379606,42492299450,12256679503900,109142293,STK,ME006
003490,2026-09-29,KR7003490000,대한항공,KOSPI,,31450,2,-250,-0.79,31400,31500,30950,1825007,57015511100,11562127122600,368220609,STK,ME006
443060,2026-09-29,KR7443060009,HD현대마린솔루션,KOSPI,,235500,2,-10000,-4.07,243500,243500,230500,60429,14190325000,10647946750000,44833460,STK,ME006
307950,2026-09-29,KR7307950006,현대오토에버,KOSPI,,370500,2,-5500,-1.46,372500,376000,361500,44309,16253471500,10146873340000,27423982,STK,ME006
078930,2026-09-29,KR7078930005,GS,KOSPI,,108800,2,-5000,-4.39,113700,113800,106300,242177,26314616450,10097740306500,92895495,STK,ME006
071050,2026-09-29,KR7071050009,한국금융지주,KOSPI,,178500,2,-3400,-1.87,181000,181400,174600,183475,32552196150,9974952568000,55725992,STK,ME006
006260,2026-09-29,KR7006260004,LS,KOSPI,,317500,1,4500,1.44,312000,322000,309000,82046,25862605500,9843600000000,31200000,STK,ME006
005940,2026-09-29,KR7005940002,NH투자증권,KOSPI,,26150,1,100,0.38,26100,26350,25800,430406,11261856125,9691660256250,369206105,STK,ME006
323410,2026-09-29,KR7323410001,카카오뱅크,KOSPI,,20200,2,-300,-1.46,20450,20450,20000,582073,11717185325,9661688849250,477120437,STK,ME006
047050,2026-09-29,KR7047050000,포스코인터내셔널,KOSPI,,54600,2,-2300,-4.04,56700,56700,53800,450074,24498948900,9570199667200,175922788,STK,ME006
000500,2026-09-29,KR7000500009,가온전선,KOSPI,,314500,1,14000,4.66,296500,315500,296000,139141,42742787750,9365057401500,29777607,STK,ME006
028050,2026-09-29,KR7028050003,삼성E&A,KOSPI,,47600,2,-2400,-4.8,49200,49450,46750,1639220,78182990250,9241400000000,196000000,STK,ME006
003230,2026-09-29,KR7003230000,삼양식품,KOSPI,,1223000,1,8000,0.66,1210000,1245000,1207000,22897,28090830000,9227943375000,7533015,STK,ME006
259960,2026-09-29,KR7259960003,크래프톤,KOSPI,,198000,2,-4000,-1.98,203000,203500,196000,74186,14682146950,9123546555600,45916188,STK,ME006
180640,2026-09-29,KR7180640005,한진칼,KOSPI,,135400,2,-5900,-4.18,140800,140800,132800,68738,9270025600,9093021855000,66762275,STK,ME006
007660,2026-09-29,KR7007660004,이수페타시스,KOSPI,,118800,1,6500,5.79,112000,118300,111500,576292,66817624500,8662287842000,73409219,STK,ME006
0126Z0,2026-09-29,KR70126Z0002,삼성에피스홀딩스,KOSPI,,338000,1,6000,1.81,332000,342000,324500,36345,12099664750,8447795135500,24883049,STK,ME006
090430,2026-09-29,KR7090430000,아모레퍼시픽,KOSPI,,142100,2,-600,-0.42,142800,144200,141100,144958,20663732050,8346916709300,58492759,STK,ME006
277810,2026-09-29,KR7277810008,레인보우로보틱스,KOSDAQ,기술성장기업부,418000,2,-3500,-0.83,425000,426000,410500,46055,19138316250,8080040857000,19399858,KSQ,ME006
016360,2026-09-29,KR7016360000,삼성증권,KOSPI,,88200,2,-600,-0.68,88700,88800,87000,260594,22875878450,7903050000000,89300000,STK,ME006
161390,2026-09-29,KR7161390000,한국타이어앤테크놀로지,KOSPI,,59300,2,-600,-1.0,59400,59900,58100,183170,10804717900,7407729126200,123875069,STK,ME006
009830,2026-09-29,KR7009830001,한화솔루션,KOSPI,,32350,2,-1000,-3.0,32800,33700,31500,5106650,165376598725,7309007420000,224892536,STK,ME006
021240,2026-09-29,KR7021240007,코웨이,KOSPI,,100700,2,-900,-0.89,100700,102900,98300,157627,16029355150,7182893739000,70767426,STK,ME006
047040,2026-09-29,KR7047040001,대우건설,KOSPI,,17600,2,-1080,-5.78,18470,18480,17150,8397276,146556825090,7137465672060,410907638,STK,ME006
352820,2026-09-29,KR7352820005,하이브,KOSPI,,158800,2,-3100,-1.91,161900,162500,156900,152539,24171810100,6841054873200,43106836,STK,ME006
000880,2026-09-29,KR7000880005,한화,KOSPI,,127500,2,-4200,-3.19,132000,132400,125400,92569,11816129780,6783435698400,53328897,STK,ME006
064400,2026-09-29,KR7064400005,LG씨엔에스,KOSPI,,69500,2,-700,-1.0,69600,69700,68500,333576,22994610650,6714196196400,96885948,STK,ME006
039490,2026-09-29,KR7039490008,키움증권,KOSPI,,254000,2,-3000,-1.17,256500,257000,249000,75533,19058396500,6701334738000,26228316,STK,ME006
128940,2026-09-29,KR7128940004,한미약품,KOSPI,,500000,2,-4000,-0.79,503000,514000,490000,62004,31213867000,6495172437000,12810991,STK,ME006
353200,2026-09-29,KR7353200009,대덕전자,KOSPI,,131600,1,8300,6.73,123300,130300,121500,1495712,190859873050,6434083635000,49416925,STK,ME006
062040,2026-09-29,KR7062040001,산일전기,KOSPI,,207000,1,6000,2.99,200500,206000,199800,158909,32225016150,6312427100000,30642850,STK,ME006
032640,2026-09-29,KR7032640005,LG유플러스,KOSPI,,14730,2,-40,-0.27,14810,14840,14570,673554,9919389210,6281530433600,424427732,STK,ME006
039030,2026-09-29,KR7039030002,이오테크닉스,KOSDAQ,우량기업부,502000,1,33500,7.15,474500,497000,471500,108741,53385069500,6104337025000,12319550,KSQ,ME006
000990,2026-09-29,KR7000990002,DB하이텍,KOSPI,,141600,1,14500,11.41,125900,140000,125800,1039100,141546677400,6081941402400,43504588,STK,ME006
005387,2026-09-29,KR7005382007,현대차2우B,KOSPI,,177600,2,-2600,-1.44,180200,180200,174600,202369,35822363959,6073774433100,34257047,STK,ME006
267270,2026-09-29,KR7267270007,HD건설기계,KOSPI,,125600,2,-3400,-2.64,128200,128400,122100,215235,26662000800,5927673772800,47497386,STK,ME006
326030,2026-09-29,KR7326030004,SK바이오팜,KOSPI,,74700,2,-1500,-1.97,76200,76200,73800,98601,7343319050,5865662425000,78313250,STK,ME006
001440,2026-09-29,KR7001440007,대한전선,KOSPI,,30200,1,300,1.0,29900,30025,29200,1615077,47722954600,5781781582000,195992596,STK,ME006
175330,2026-09-29,KR7175330000,JB금융지주,KOSPI,,30600,2,-600,-1.92,31250,31350,30400,298796,9174007850,5763524361600,186521824,STK,ME006
377300,2026-09-29,KR7377300009,카카오페이,KOSPI,,40200,2,-950,-2.31,40800,40900,39750,165218,6620503150,5425554942200,135300622,STK,ME006
000100,2026-09-29,KR7000100008,유한양행,KOSPI,,73000,2,-1700,-2.28,74400,74500,72500,201331,14697971850,5373952013000,73615781,STK,ME006
028300,2026-09-29,KR7028300002,HLB,KOSDAQ,중견기업부,40050,1,350,0.88,46600,47700,38700,6794280,289316751475,5347908653450,133198223,KSQ,ME006
241560,2026-09-29,KR7241560002,두산밥캣,KOSPI,,55500,2,-2600,-4.48,58200,58300,54100,225669,12488672800,5291254788000,95856065,STK,ME006
088350,2026-09-29,KR7088350004,한화생명,KOSPI,,5770,2,-50,-0.86,5790,5840,5740,1378104,7974394710,5063529900000,868530000,STK,ME006
138930,2026-09-29,KR7138930003,BNK금융지주,KOSPI,,16330,2,-210,-1.27,16590,16590,16230,469967,7693803480,5044445506440,306839751,STK,ME006
029780,2026-09-29,KR7029780004,삼성카드,KOSPI,,42500,2,-850,-1.96,43450,43450,42200,80843,3431539175,4924002867500,115858891,STK,ME006
088980,2026-09-29,KR7088980008,맥쿼리인프라,KOSPI,,9880,2,-10,-0.1,9890,9910,9790,483621,4764859200,4712592411120,478921993,STK,ME006
052690,2026-09-29,KR7052690005,한전기술,KOSPI,,121900,2,-4300,-3.41,122700,123800,119100,249240,30233759000,4628442000000,38220000,STK,ME006
011790,2026-09-29,KR7011790003,SKC,KOSPI,,92900,1,1300,1.42,90200,93200,89000,199361,18215059150,4563043416000,49598298,STK,ME006
036570,2026-09-29,KR7036570000,NC,KOSPI,,210000,2,-6000,-2.78,216500,220500,205500,79711,16741020500,4545788642000,21544022,STK,ME006
095340,2026-09-29,KR7095340006,ISC,KOSDAQ,우량기업부,209500,1,6000,2.95,204500,210000,199900,127990,26268115200,4440783651000,21197058,KSQ,ME006
454910,2026-09-29,KR7454910001,두산로보틱스,KOSPI,,68600,2,-800,-1.15,69800,70400,67500,233710,15986814000,4440168630000,64819980,STK,ME006
066970,2026-09-29,KR7066970005,엘앤에프,KOSPI,,110000,2,-4300,-3.76,112700,112700,107400,365141,39826566900,4434794056000,40686184,STK,ME006
271560,2026-09-29,KR7271560005,오리온,KOSPI,,110700,2,-800,-0.72,111600,111600,110200,48013,5319926100,4407459862000,39528788,STK,ME006
319660,2026-09-29,KR7319660007,피에스케이,KOSDAQ,우량기업부,148800,1,7800,5.53,137900,148800,137800,268228,38970720150,4310247043200,28966714,KSQ,ME006
001450,2026-09-29,KR7001450006,현대해상,KOSPI,,49800,1,850,1.74,49050,50700,48750,475198,23773579550,4262412500000,85248250,STK,ME006
051900,2026-09-29,KR7051900009,LG생활건강,KOSPI,,280000,2,-11500,-3.95,292000,294000,275500,87444,24595998750,4193146440000,14975523,STK,ME006
440110,2026-09-29,KR7440110005,파두,KOSDAQ,기술성장기업부,84200,1,3300,4.08,79900,85700,79700,622222,52052629600,4189281857200,50111027,KSQ,ME006
108490,2026-09-29,KR7108490004,로보티즈,KOSDAQ,기술성장기업부,286500,1,5000,1.78,293500,293500,277000,195017,55631208500,4180102980000,14667028,KSQ,ME006
034220,2026-09-29,KR7034220004,LG디스플레이,KOSPI,,8300,2,-150,-1.78,8450,8460,8210,2963150,24602141005,4170000000000,500000000,STK,ME006
002380,2026-09-29,KR7002380004,KCC,KOSPI,,471500,2,-8500,-1.77,480500,480500,466000,12112,5702410750,4051550464000,8592896,STK,ME006
005385,2026-09-29,KR7005381009,현대차우,KOSPI,,177300,2,-2500,-1.39,178700,179000,174800,52959,9361362350,4047077356400,22839037,STK,ME006
010060,2026-09-29,KR7010060002,OCI홀딩스,KOSPI,,217500,2,-11000,-4.81,222000,225500,205000,328328,70549732500,4042105228000,18670232,STK,ME006
004020,2026-09-29,KR7004020004,현대제철,KOSPI,,30100,2,-1150,-3.68,31000,31000,29500,624620,18701368375,4003373550000,133445785,STK,ME006
001040,2026-09-29,KR7001040005,CJ,KOSPI,,136500,1,1200,0.89,135100,137100,132200,132354,17957455200,3991413326400,29176998,STK,ME006
031980,2026-09-29,KR7031980006,피에스케이홀딩스,KOSDAQ,우량기업부,180800,1,13900,8.33,166900,180800,165000,188081,33292267800,3898481016000,21562395,KSQ,ME006
000250,2026-09-29,KR7000250001,삼천당제약,KOSDAQ,중견기업부,166300,1,3800,2.34,162100,168000,158400,81733,13373247050,3896286099200,23457472,KSQ,ME006
082740,2026-09-29,KR7082740002,한화엔진,KOSPI,,46750,2,-900,-1.89,47600,47900,45550,504114,23271221475,3884464460100,83447142,STK,ME006
103590,2026-09-29,KR7103590006,일진전기,KOSPI,,82000,2,-100,-0.12,81300,84000,80100,432855,35305403600,3857748051000,47685390,STK,ME006
084370,2026-09-29,KR7084370006,유진테크,KOSDAQ,우량기업부,166000,1,10900,7.03,153900,167500,153500,167708,27243840800,3829270618200,22916042,KSQ,ME006
008930,2026-09-29,KR7008930000,한미사이언스,KOSPI,,51300,2,-1100,-2.1,52100,53000,50000,77359,4007668150,3570038910000,68391550,STK,ME006
161890,2026-09-29,KR7161890009,한국콜마,KOSPI,,149600,1,1200,0.81,149500,150300,146100,144090,21440572100,3540761550000,23605077,STK,ME006
131290,2026-09-29,KR7131290009,티에스이,KOSDAQ,우량기업부,299000,1,6000,2.05,293000,309500,283500,117025,34471147250,3285244413000,11061429,KSQ,ME006
018880,2026-09-29,KR7018880005,한온시스템,KOSPI,,3215,2,-80,-2.43,3280,3280,3165,3136135,10032582466,3284004294400,1026251342,STK,ME006
036460,2026-09-29,KR7036460004,한국가스공사,KOSPI,,35050,2,-450,-1.27,35450,35500,34550,134502,4696187125,3277111500000,92313000,STK,ME006
004170,2026-09-29,KR7004170007,신세계,KOSPI,,338000,2,-5500,-1.6,341000,346000,332500,69453,23361177750,3211361540000,9445181,STK,ME006
012750,2026-09-29,KR7012750006,에스원,KOSPI,,82800,2,-500,-0.6,83500,83800,82200,74250,6169828600,3172931363000,37999178,STK,ME006
111770,2026-09-29,KR7111770004,영원무역,KOSPI,,70700,2,-700,-0.98,71600,71600,69800,35845,2533256500,3150545374800,44311468,STK,ME006
192820,2026-09-29,KR7192820009,코스맥스,KOSPI,,278500,1,7500,2.77,270000,279000,268000,59806,16489084000,3149488747500,11349509,STK,ME006
067310,2026-09-29,KR7067310003,하나마이크론,KOSDAQ,중견기업부,46850,1,900,1.96,45300,46600,44800,1377740,63279599625,3091825408500,66490869,KSQ,ME006
035250,2026-09-29,KR7035250000,강원랜드,KOSPI,,14370,2,-80,-0.55,14570,14570,14320,233751,3365241565,3087161415000,213940500,STK,ME006
087010,2026-09-29,KR7087010005,펩트론,KOSDAQ,기술성장기업부,131200,2,-6100,-4.44,134300,135300,125100,201614,26266016750,3075558465000,23317350,KSQ,ME006
028670,2026-09-29,KR7028670008,팬오션,KOSPI,,5700,3,0,0.0,5740,6030,5660,3830437,22269388235,3047046218400,534569512,STK,ME006
375500,2026-09-29,KR7375500006,DL이앤씨,KOSPI,,78800,2,-3200,-3.9,81500,81700,77000,338696,26468347600,3041318767800,38693623,STK,ME006
022100,2026-09-29,KR7022100002,포스코DX,KOSPI,,19860,2,-340,-1.68,20300,20300,19650,190010,3762300495,3019409717940,152034729,STK,ME006
031210,2026-09-29,KR7031210008,서울보증보험,KOSPI,,43100,2,-100,-0.23,42900,43250,42600,44135,1897770511,3016293033600,69821598,STK,ME006
139130,2026-09-29,KR7139130009,iM금융지주,KOSPI,,18640,2,-240,-1.27,18890,18900,18420,316684,5913796420,2986733874880,158363408,STK,ME006
011780,2026-09-29,KR7011780004,금호석유화학,KOSPI,,115800,2,-2600,-2.2,118500,118700,114300,50059,5780220650,2923281165000,25157325,STK,ME006
006360,2026-09-29,KR7006360002,GS건설,KOSPI,,34300,2,-1250,-3.52,35350,35350,33250,1213961,41272750200,2909770660000,85581490,STK,ME006
023530,2026-09-29,KR7023530009,롯데쇼핑,KOSPI,,101600,2,-1000,-0.97,102300,102500,100400,60982,6190682050,2885453010000,28288755,STK,ME006
017800,2026-09-29,KR7017800004,현대엘리베이터,KOSPI,,73500,2,-400,-0.54,73900,73900,72900,76509,5604705450,2881108774500,39092385,STK,ME006
251270,2026-09-29,KR7251270005,넷마블,KOSPI,,34500,2,-1000,-2.82,35500,35550,34050,96231,3325985875,2873123583750,83158425,STK,ME006
007340,2026-09-29,KR7007340003,DN오토모티브,KOSPI,,49200,2,-1500,-2.96,50700,50900,47550,115165,5678574300,2872883471500,58510865,STK,ME006
336260,2026-09-29,KR7336260005,두산퓨얼셀,KOSPI,,44300,2,-2150,-4.63,45500,45500,43000,960732,41953830100,2868625198800,65493726,STK,ME006
302440,2026-09-29,KR7302440003,SK바이오사이언스,KOSPI,,35800,2,-650,-1.78,36400,36400,35450,49839,1779693825,2816590252700,78456553,STK,ME006
097950,2026-09-29,KR7097950000,CJ제일제당,KOSPI,,178900,2,-200,-0.11,178300,179400,178000,31411,5613287700,2699215549800,15054186,STK,ME006
383220,2026-09-29,KR7383220001,F&F,KOSPI,,69200,2,-400,-0.57,69700,69800,68300,30258,2099132850,2673833835000,38307075,STK,ME006
003690,2026-09-29,KR7003690005,코리안리,KOSPI,,15100,1,230,1.55,14930,15210,14860,239863,3620341720,2673789199030,176721031,STK,ME006
014680,2026-09-29,KR7014680003,한솔케미칼,KOSPI,,245500,1,8500,3.59,239500,250000,237000,70731,17409989750,2666126892000,10794036,STK,ME006
004800,2026-09-29,KR7004800009,효성,KOSPI,,158700,1,700,0.44,158200,158800,155500,7533,1182574400,2658376631600,16740407,STK,ME006
080220,2026-09-29,KR7080220007,제주반도체,KOSDAQ,우량기업부,77400,1,2800,3.75,74100,77100,73500,755064,57150369750,2652098141000,34442833,KSQ,ME006
026960,2026-09-29,KR7026960005,동서,KOSPI,,25600,2,-200,-0.78,25700,25950,25500,56189,1443077000,2587215000000,99700000,STK,ME006
010170,2026-09-29,KR7010170009,대한광통신,KOSDAQ,중견기업부,16900,2,-380,-2.2,17200,17270,16310,6524658,109574614875,2581061956000,155485660,KSQ,ME006
085620,2026-09-29,KR7085620003,미래에셋생명,KOSPI,,19090,2,-430,-2.2,19310,19370,18800,84460,1608598020,2575179000000,135180000,STK,ME006
011170,2026-09-29,KR7011170008,롯데케미칼,KOSPI,,60200,2,-2100,-3.37,62300,62300,57000,137333,8305770200,2557970056200,42775419,STK,ME006
257720,2026-09-29,KR7257720003,실리콘투,KOSDAQ,우량기업부,38200,2,-500,-1.29,38900,39200,37650,496292,18991979900,2501734013800,65576252,KSQ,ME006
004370,2026-09-29,KR7004370003,농심,KOSPI,,408000,1,11000,2.77,397500,412000,395000,27560,11209716250,2496924541000,6082642,STK,ME006
489790,2026-09-29,KR7489790006,한화비전,KOSPI,,48950,1,2700,5.84,45850,49050,45600,219316,10500969000,2476455529500,50488390,STK,ME006
310210,2026-09-29,KR7310210000,보로노이,KOSDAQ,기술성장기업부,132100,2,-5600,-4.07,136500,136500,130600,57524,7585217300,2464832941200,18616563,KSQ,ME006
450080,2026-09-29,KR7450080007,에코프로머티,KOSPI,,34550,2,-1250,-3.49,35550,35550,33600,399996,13655146100,2432456434500,70813870,STK,ME006
004990,2026-09-29,KR7004990008,롯데지주,KOSPI,,24000,2,-550,-2.24,24600,24700,23750,100639,2423511650,2396913812800,99663776,STK,ME006
005290,2026-09-29,KR7005290002,동진쎄미켐,KOSDAQ,우량기업부,46900,1,1800,3.99,45100,46600,44750,489000,22377030950,2375207871600,50970126,KSQ,ME006
000240,2026-09-29,KR7000240002,한국앤컴퍼니,KOSPI,,24750,2,-450,-1.79,25300,25400,24550,42741,1064023575,2373381000000,94935240,STK,ME006
483650,2026-09-29,KR7483650008,달바글로벌,KOSPI,,188500,1,4700,2.56,185500,188900,181100,104777,19545954950,2366381468500,12527165,STK,ME006
178320,2026-09-29,KR7178320008,서진시스템,KOSDAQ,중견기업부,37350,1,1450,4.04,35750,37350,35100,1552645,56568412000,2354582918550,63723489,KSQ,ME006
005440,2026-09-29,KR7005440003,현대지에프홀딩스,KOSPI,,12690,2,-100,-0.78,12880,12890,12520,447395,5670963925,2329144427300,183397199,STK,ME006
001720,2026-09-29,KR7001720002,신영증권,KOSPI,,140500,2,-2000,-1.4,140500,141300,138200,4989,697542100,2321328000000,16440000,STK,ME006
005850,2026-09-29,KR7005850003,에스엘,KOSPI,,49450,2,-1150,-2.27,50200,50400,48900,50894,2510790725,2308491444000,46448520,STK,ME006
145020,2026-09-29,KR7145020004,휴젤,KOSDAQ,우량기업부,183700,2,-2400,-1.29,180900,189000,178600,101940,18528031900,2294031210900,12515173,KSQ,ME006
282330,2026-09-29,KR7282330000,BGF리테일,KOSPI,,131700,2,-1600,-1.2,133700,133700,129900,43033,5642009550,2291845935600,17283906,STK,ME006
319400,2026-09-29,KR7319400008,현대무벡스,KOSDAQ,우량기업부,20450,2,-250,-1.21,20900,20950,20050,547411,11103519350,2272071195600,111376039,KSQ,ME006
140410,2026-09-29,KR7140410002,메지온,KOSDAQ,투자주의환기종목(소속부없음),73800,2,-5000,-6.35,78300,78800,73400,123705,9323532800,2259879541200,30621674,KSQ,ME006
009420,2026-09-29,KR7009420001,한올바이오파마,KOSPI,,43050,2,-350,-0.81,43500,43950,42700,225255,9729502525,2259407593500,52240638,STK,ME006
214370,2026-09-29,KR7214370009,케어젠,KOSDAQ,벤처기업부,41450,1,1750,4.41,40450,41700,39500,63885,2589261600,2239915500000,53715000,KSQ,ME006
018670,2026-09-29,KR7018670000,SK가스,KOSPI,,239500,2,-1000,-0.42,242500,243000,235500,5967,1422264750,2238522426000,9269244,STK,ME006
020150,2026-09-29,KR7020150009,롯데에너지머티리얼즈,KOSPI,,42850,1,300,0.71,42300,43000,41500,156224,6614187150,2228150450650,52365463,STK,ME006
279570,2026-09-29,KR7279570006,케이뱅크,KOSPI,,5460,2,-50,-0.91,5450,5490,5400,208061,1129647495,2211038572950,405695151,STK,ME006
103140,2026-09-29,KR7103140000,풍산,KOSPI,,77400,2,-500,-0.64,78300,78300,76700,55624,4299490000,2183091256200,28024278,STK,ME006
009970,2026-09-29,KR7009970005,영원무역홀딩스,KOSPI,,165300,2,-2900,-1.72,168300,169500,164500,7407,1227291950,2158105912200,12953817,STK,ME006
058610,2026-09-29,KR7058610007,에스피지,KOSDAQ,우량기업부,97400,1,400,0.41,99200,99500,96200,118262,11513403150,2157857128000,22177360,KSQ,ME006
204320,2026-09-29,KR7204320006,HL만도,KOSPI,,45950,2,-500,-1.08,46800,46800,45400,138587,6341371750,2155331808000,46957120,STK,ME006
112610,2026-09-29,KR7112610001,씨에스윈드,KOSPI,,50400,2,-2500,-4.73,52400,52600,48750,394135,19714344500,2125438711200,42171403,STK,ME006
032820,2026-09-29,KR7032820003,우리기술,KOSDAQ,벤처기업부,12290,2,-420,-3.3,12480,12520,12010,2399693,29341762655,2106244420280,172784612,KSQ,ME006
098460,2026-09-29,KR7098460009,고영,KOSDAQ,우량기업부,30700,1,1550,5.32,29050,30750,28800,1911752,57444388325,2097279549750,68204213,KSQ,ME006
030000,2026-09-29,KR7030000004,제일기획,KOSPI,,17830,1,20,0.11,17820,17900,17740,175544,3133514335,2056937103000,115041225,STK,ME006
457190,2026-09-29,KR7457190007,이수스페셜티케미컬,KOSPI,,72300,1,7400,11.4,64700,69000,62300,402933,27163312100,2054883296000,30218872,STK,ME006
030530,2026-09-29,KR7030530000,원익홀딩스,KOSDAQ,중견기업부,26750,2,-500,-1.83,28000,28050,26000,1010261,26898684100,2054530294600,77237981,KSQ,ME006
002790,2026-09-29,KR7002790004,아모레퍼시픽홀딩스,KOSPI,,26700,1,50,0.19,26750,26900,26450,57792,1543085800,2052902133000,76458180,STK,ME006
263750,2026-09-29,KR7263750002,펄어비스,KOSDAQ,우량기업부,32600,2,-650,-1.95,33000,33300,32350,182957,5977561000,2051853661500,62843910,KSQ,ME006
081660,2026-09-29,KR7081660003,미스토홀딩스,KOSPI,,38300,1,50,0.13,38000,38500,37550,108738,4151829350,2044035840000,53091840,STK,ME006
051600,2026-09-29,KR7051600005,한전KPS,KOSPI,,45100,2,-1300,-2.8,45900,45900,44550,104598,4697961000,2031750000000,45000000,STK,ME006
139480,2026-09-29,KR7139480008,이마트,KOSPI,,71900,2,-200,-0.28,72200,72400,71100,52172,3730700650,1986898968000,27595819,STK,ME006
073240,2026-09-29,KR7073240004,금호타이어,KOSPI,,6810,3,0,0.0,6820,6870,6670,1019298,6899914240,1964860363080,287260287,STK,ME006
069960,2026-09-29,KR7069960003,현대백화점,KOSPI,,89400,2,-1800,-1.97,90900,91000,88100,123621,11022951350,1930059624000,21564912,STK,ME006
347850,2026-09-29,KR7347850000,디앤디파마텍,KOSDAQ,기술성장기업부,42000,2,-1200,-2.78,42650,42750,40500,491953,20360882675,1929540128550,45996189,KSQ,ME006
007070,2026-09-29,KR7007070006,GS리테일,KOSPI,,22750,2,-250,-1.09,23050,23050,22350,129600,2937329900,1918790174250,83607415,STK,ME006
229640,2026-09-29,KR7229640008,LS에코에너지,KOSPI,,62900,1,200,0.32,60800,62500,59300,173282,10627458400,1901804985900,30624879,STK,ME006
089030,2026-09-29,KR7089030001,테크윙,KOSDAQ,중견기업부,51400,1,2050,4.15,49100,51100,48850,747189,37424457675,1893441259500,37053645,KSQ,ME006
000155,2026-09-29,KR7000151001,두산우,KOSPI,,474000,2,-7000,-1.46,481000,492000,461000,7179,3384755500,1874340678000,3996462,STK,ME006
462870,2026-09-29,KR7462870007,시프트업,KOSPI,,31250,2,-300,-0.95,31550,31900,31000,31256,975299925,1832746968000,58741890,STK,ME006
089860,2026-09-29,KR7089860001,롯데렌탈,KOSPI,,49400,2,-300,-0.6,49000,49800,49000,35150,1733792875,1806392053000,36309388,STK,ME006
083650,2026-09-29,KR7083650002,비에이치아이,KOSDAQ,우량기업부,58400,2,-2100,-3.47,59500,59800,57100,255395,14796527350,1797868187500,30944375,KSQ,ME006
043260,2026-09-29,KR7043260009,성호전자,KOSDAQ,우량기업부,24850,2,-100,-0.4,24700,25200,23400,2521156,61076536700,1784436205200,75451848,KSQ,ME006
007810,2026-09-29,KR7007810005,코리아써키트,KOSPI,,75100,1,6100,8.84,69100,74700,68400,1344724,97103201050,1777112142000,23982620,STK,ME006
181710,2026-09-29,KR7181710005,NHN,KOSPI,,54700,2,-1700,-3.01,56500,56500,54000,138081,7541242450,1774860178500,32328965,STK,ME006
281820,2026-09-29,KR7281820001,케이씨텍,KOSPI,,88500,1,3700,4.36,84400,88400,84000,134646,11665795050,1744262034100,19798661,STK,ME006
036540,2026-09-29,KR7036540003,SFA반도체,KOSDAQ,중견기업부,10670,1,100,0.95,10450,10770,10320,3915120,40951693195,1735056196650,164460303,KSQ,ME006
183300,2026-09-29,KR7183300003,코미코,KOSDAQ,우량기업부,33450,1,2950,9.67,30250,33600,30200,668977,21646786025,1725806040000,51363275,KSQ,ME006
020560,2026-09-29,KR7020560009,아시아나항공,KOSPI,,8370,3,0,0.0,8360,8420,8260,59214,494503040,1715902622630,205990711,STK,ME006
439260,2026-09-29,KR7439260001,대한조선,KOSPI,,44900,2,-650,-1.43,45550,45700,44500,35652,1598124400,1713992850000,38088730,STK,ME006
068760,2026-09-29,KR7068760008,셀트리온제약,KOSDAQ,우량기업부,38500,2,-850,-2.16,39300,39300,38050,116135,4454240475,1713930015200,44402332,KSQ,ME006
475150,2026-09-29,KR7475150009,SK이터닉스,KOSPI,,50200,2,-1000,-1.95,51200,51400,49500,549391,27539735675,1699943499600,34067004,STK,ME006
060370,2026-09-29,KR7060370004,LS마린솔루션,KOSDAQ,우량기업부,32100,2,-1250,-3.75,32950,32950,31650,175943,5631491900,1682091098800,52238854,KSQ,ME006
023590,2026-09-29,KR7023590003,다우기술,KOSPI,,38300,2,-1100,-2.79,39400,39400,37750,53368,2037676225,1651410952800,43287312,STK,ME006
323280,2026-09-29,KR7323280008,태성,KOSDAQ,중견기업부,54100,1,6450,13.54,47650,54300,45500,880473,45264245825,1649050920000,30537980,KSQ,ME006
120110,2026-09-29,KR7120110002,코오롱인더,KOSPI,,54700,2,-1500,-2.67,56000,56000,53500,120364,6522606800,1638047950400,29946032,STK,ME006
001820,2026-09-29,KR7001820000,삼화콘덴서,KOSPI,,158800,1,13800,9.52,143800,157700,142200,1489531,227381622150,1637212500000,10395000,STK,ME006
420770,2026-09-29,KR7420770000,기가비스,KOSDAQ,우량기업부,129000,1,3100,2.46,120400,130200,117300,162449,20024416900,1635172782000,12675758,KSQ,ME006
001430,2026-09-29,KR7001430008,세아베스틸지주,KOSPI,,45300,1,700,1.57,43950,45500,42700,125383,5552849050,1624553990700,35862119,STK,ME006
000120,2026-09-29,KR7000120006,CJ대한통운,KOSPI,,70500,2,-300,-0.42,70900,71000,69900,24955,1753903050,1610551486400,22812344,STK,ME006
089970,2026-09-29,KR7089970008,브이엠,KOSDAQ,우량기업부,61200,1,1200,2.0,59600,61300,59000,470469,28217414200,1605932665000,26326765,KSQ,ME006
071970,2026-09-29,KR7071970008,HD현대마린엔진,KOSPI,,47350,2,-1750,-3.56,48950,49000,46500,253709,11955098950,1601094564000,33921495,STK,ME006
008770,2026-09-29,KR7008770000,호텔신라,KOSPI,,40100,2,-300,-0.74,40400,40550,39900,102532,4116984075,1577774464200,39248121,STK,ME006
395400,2026-09-29,KR7395400005,SK리츠,KOSPI,,5230,2,-60,-1.13,5280,5280,5160,120358,625164105,1574322152600,301017620,STK,ME006
006040,2026-09-29,KR7006040000,동원산업,KOSPI,,35400,2,-850,-2.34,36050,36050,35300,22627,803032200,1571413156400,44140819,STK,ME006
007390,2026-09-29,KR7007390008,네이처셀,KOSDAQ,중견기업부,24400,2,-1000,-3.94,24800,24850,23850,273256,6613826250,1568993613600,64435056,KSQ,ME006
001120,2026-09-29,KR7001120005,LX인터내셔널,KOSPI,,40200,2,-750,-1.83,41000,41000,39650,92198,3699969225,1565904000000,38760000,STK,ME006
009155,2026-09-29,KR7009151002,삼성전기우,KOSPI,,531000,1,9000,1.72,525000,534000,518000,29502,15512330500,1540701520000,2906984,STK,ME006
437730,2026-09-29,KR7437730005,삼현,KOSDAQ,기술성장기업부,48850,2,-1250,-2.5,51500,51600,47350,404021,19634637650,1537816999500,31707567,KSQ,ME006
218410,2026-09-29,KR7218410009,RFHIC,KOSDAQ,우량기업부,58400,1,1100,1.92,56200,58000,55800,260916,14900210950,1536060547600,26575442,KSQ,ME006
294870,2026-09-29,KR7294870001,IPARK현대산업개발,KOSPI,,23050,2,-750,-3.15,23500,24000,22750,191648,4433058025,1525754689500,65907330,STK,ME006
093370,2026-09-29,KR7093370005,후성,KOSPI,,14170,1,170,1.21,13980,14150,13610,1732094,24168627200,1514445259600,107255330,STK,ME006
012630,2026-09-29,KR7012630000,HDC,KOSPI,,25250,2,-650,-2.51,25750,26100,25000,48077,1219220150,1511465541300,59741721,STK,ME006
001800,2026-09-29,KR7001800002,오리온홀딩스,KOSPI,,24100,2,-100,-0.41,24100,24350,23750,54548,1315677275,1458798811000,60156652,STK,ME006
011210,2026-09-29,KR7011210002,현대위아,KOSPI,,53000,2,-1000,-1.85,53600,53900,52500,29794,1581003350,1444058907300,27195083,STK,ME006
006280,2026-09-29,KR7006280002,녹십자,KOSPI,,121800,2,-1400,-1.14,124300,124600,121400,12929,1579110800,1439781481600,11686538,STK,ME006
005070,2026-09-29,KR7005070008,코스모신소재,KOSPI,,43550,2,-800,-1.8,44350,44800,42200,161305,6961642150,1429887281550,33214571,STK,ME006
078600,2026-09-29,KR7078600004,대주전자재료,KOSDAQ,우량기업부,90500,2,-2300,-2.48,90900,90900,88200,122584,10934582300,1410231592400,15704138,KSQ,ME006
0009K0,2026-09-29,KR70009K0001,에임드바이오,KOSDAQ,기술성장기업부,21300,2,-1050,-4.7,22100,22150,20800,109338,2316249450,1400459711500,65137661,KSQ,ME006
361610,2026-09-29,KR7361610009,SK아이이테크놀로지,KOSPI,,17050,2,-1200,-6.58,18000,18010,16680,390892,6665783110,1376476893000,81787100,STK,ME006
039200,2026-09-29,KR7039200001,오스코텍,KOSDAQ,벤처기업부,35500,1,250,0.71,35150,35800,34300,110730,3895171400,1363903974400,38258176,KSQ,ME006
322000,2026-09-29,KR7322000001,HD현대에너지솔루션,KOSPI,,121700,2,-3400,-2.72,124000,124000,118500,208465,25059777750,1358560000000,11200000,STK,ME006
204270,2026-09-29,KR7204270003,제이앤티씨,KOSDAQ,중견기업부,23200,1,250,1.09,23100,23800,22200,767205,17638706500,1333407141300,57848466,KSQ,ME006
097230,2026-09-29,KR7097230007,HJ중공업,KOSPI,,14530,2,-420,-2.81,15000,15000,14350,190928,2768838170,1313797255200,90295344,STK,ME006
00680K,2026-09-29,KR700680K019,미래에셋증권2우B,KOSPI,,10210,2,-370,-3.5,10580,10580,10070,231888,2372137775,1301983864500,127271150,STK,ME006
950160,2026-09-29,KR8840120008,코오롱티슈진,KOSDAQ,외국기업(소속부없음),15250,2,-1150,-7.01,16300,16300,14860,981438,15029780790,1279650609600,84970160,KSQ,ME006
290650,2026-09-29,KR7290650001,엘앤씨바이오,KOSDAQ,우량기업부,47250,1,1450,3.17,45450,47550,45000,93826,4363058050,1275666999200,26969704,KSQ,ME006
007310,2026-09-29,KR7007310006,오뚜기,KOSPI,,315500,2,-5500,-1.71,321000,321000,315000,1835,581274750,1264470365000,4007830,STK,ME006
066575,2026-09-29,KR7066571001,LG전자우,KOSPI,,73600,1,200,0.27,72500,73900,71500,37360,2731456350,1259389216700,17181299,STK,ME006
950260,2026-09-29,KR8840280000,인제니아테라퓨틱스(Reg.S),KOSDAQ,기술성장기업부,24350,3,0,0.0,24200,26050,24000,1364960,34021241400,1250948557100,49444607,KSQ,ME006
192080,2026-09-29,KR7192080000,더블유게임즈,KOSPI,,58500,2,-400,-0.68,59200,59200,58000,53307,3125891700,1247117265200,21173468,STK,ME006
001740,2026-09-29,KR7001740000,SK네트웍스,KOSPI,,6240,1,120,1.96,6140,6210,6070,501164,3086132455,1243682111800,200593889,STK,ME006
069620,2026-09-29,KR7069620003,대웅제약,KOSPI,,106900,2,-1400,-1.29,108300,108300,104900,19445,2061031050,1243239497500,11586575,STK,ME006
298020,2026-09-29,KR7298020009,효성티앤씨,KOSPI,,290500,2,-24000,-7.63,315000,315000,286000,38184,11095697500,1242044734000,4327682,STK,ME006
415640,2026-09-29,KR7415640002,KB발해인프라,KOSPI,,10120,2,-10,-0.1,10070,10130,9990,70500,707365695,1241386401240,122545548,STK,ME006
003540,2026-09-29,KR7003540002,대신증권,KOSPI,,25750,2,-350,-1.34,26100,26150,25400,78007,1996898350,1225019438200,47666126,STK,ME006
000815,2026-09-29,KR7000811000,삼성화재우,KOSPI,,401500,2,-9000,-2.19,412500,412500,399500,7100,2858105250,1211829060000,3007020,STK,ME006
252990,2026-09-29,KR7252990007,샘씨엔에스,KOSDAQ,우량기업부,20050,1,1500,8.09,18480,20150,18220,1134884,22270252570,1201346885550,60217889,KSQ,ME006
330590,2026-09-29,KR7330590001,롯데리츠,KOSPI,,4155,1,15,0.36,4150,4185,4060,155210,644247040,1200665713020,288968884,STK,ME006
300720,2026-09-29,KR7300720000,한일시멘트,KOSPI,,16110,2,-270,-1.65,16380,16380,16030,35028,564669590,1194374194160,73545209,STK,ME006
166090,2026-09-29,KR7166090001,하나머티리얼즈,KOSDAQ,우량기업부,59800,1,2800,4.91,56500,59800,56500,132667,7768070450,1182704905200,19777674,KSQ,ME006
232140,2026-09-29,KR7232140004,와이씨,KOSDAQ,우량기업부,14330,1,420,3.02,13750,14230,13500,1762282,24597887815,1167505330500,82045350,KSQ,ME006
280360,2026-09-29,KR7280360009,롯데웰푸드,KOSPI,,123900,2,-2400,-1.9,127500,128100,124300,10515,1316296500,1152412664800,9204574,STK,ME006
030610,2026-09-29,KR7030610000,교보증권,KOSPI,,9940,2,-60,-0.6,10000,10020,9850,33451,331326830,1135071091560,113962961,STK,ME006
004000,2026-09-29,KR7004000006,롯데정밀화학,KOSPI,,43150,2,-1200,-2.71,44150,44150,42750,41138,1769554500,1118430000000,25800000,STK,ME006
006120,2026-09-29,KR7006120000,SK디스커버리,KOSPI,,63500,2,-800,-1.24,63100,65500,62500,25940,1649478150,1112738688900,17413751,STK,ME006
127120,2026-09-29,KR7127120004,제이에스링크,KOSDAQ,벤처기업부,30150,2,-2050,-6.37,32100,32100,29200,277646,8309108650,1104593193000,37191690,KSQ,ME006
347700,2026-09-29,KR7347700007,스피어,KOSDAQ,기술성장기업부,21300,2,-900,-4.05,22200,22200,20600,904720,19118280225,1095466442500,51551362,KSQ,ME006
356860,2026-09-29,KR7356860007,티엘비,KOSDAQ,우량기업부,45550,1,1850,4.23,44200,45500,43950,577966,25960021250,1078407330000,23701260,KSQ,ME006
195870,2026-09-29,KR7195870001,해성디에스,KOSPI,,63400,1,3400,5.67,59600,63100,59400,183356,11268768100,1071000000000,17000000,STK,ME006
000080,2026-09-29,KR7000080002,하이트진로,KOSPI,,15020,2,-120,-0.79,15140,15300,15000,84336,1271851425,1059718862210,70133611,STK,ME006
000210,2026-09-29,KR7000210005,DL,KOSPI,,50200,2,-2100,-4.02,52400,52500,49600,62803,3156721900,1054080965200,20955884,STK,ME006
003160,2026-09-29,KR7003160009,디아이,KOSPI,,37050,1,900,2.49,36100,37400,35850,431388,15810917025,1038610000000,28300000,STK,ME006
003570,2026-09-29,KR7003570009,SNT다이내믹스,KOSPI,,30650,1,850,2.85,29150,36200,27700,778966,24695237300,1030833607000,33252697,STK,ME006
017960,2026-09-29,KR7017960006,한국카본,KOSPI,,19860,2,-540,-2.65,20150,20300,19500,153446,3031076055,1026295011960,51676486,STK,ME006
006340,2026-09-29,KR7006340004,대원전선,KOSPI,,13250,1,50,0.38,13080,13230,12870,1133039,14767372735,1019387408000,78414416,STK,ME006
003240,2026-09-29,KR7003240009,태광산업,KOSPI,,903000,1,1000,0.11,915000,916000,891000,826,739659000,1006513600000,1113400,STK,ME006
458870,2026-09-29,KR7458870003,씨어스,KOSDAQ,기술성장기업부,25900,2,-1950,-7.0,27450,27450,25150,283243,7349780475,981641267200,38345362,KSQ,ME006
003530,2026-09-29,KR7003530003,한화투자증권,KOSPI,,4560,2,-55,-1.19,4595,4595,4490,580009,2624868355,976192376250,214547775,STK,ME006
192400,2026-09-29,KR7192400000,쿠쿠홀딩스,KOSPI,,27450,3,0,0.0,27150,27550,27150,9221,252274950,976181978250,35562185,STK,ME006
083450,2026-09-29,KR7083450007,GST,KOSDAQ,우량기업부,52900,1,3500,7.09,48750,53200,48750,266425,13786376800,974947000000,18430000,KSQ,ME006
451800,2026-09-29,KR7451800007,한화리츠,KOSPI,,5310,2,-40,-0.75,5280,5340,5160,57654,301920125,959064000000,179600000,STK,ME006
030190,2026-09-29,KR7030190003,NICE평가정보,KOSPI,,16150,2,-100,-0.62,16250,16400,16120,55472,900263145,953276602760,58268741,STK,ME006
009240,2026-09-29,KR7009240003,한샘,KOSPI,,39700,2,-1050,-2.58,40850,40900,39650,23103,923209575,944887209200,23533928,STK,ME006
032350,2026-09-29,KR7032350001,롯데관광개발,KOSPI,,11590,2,-210,-1.78,11810,11820,11440,132543,1533078895,924815312800,79725458,STK,ME006
445680,2026-09-29,KR7445680002,큐리옥스바이오시스템즈,KOSDAQ,기술성장기업부,53300,1,3000,5.96,50500,53600,49000,87946,4527209000,923243866400,17224699,KSQ,ME006
100790,2026-09-29,KR7100790005,미래에셋벤처투자,KOSDAQ,우량기업부,17250,1,90,0.52,17050,17370,16670,264759,4515995130,920579616740,53120578,KSQ,ME006
000370,2026-09-29,KR7000370007,한화손해보험,KOSPI,,7870,2,-20,-0.25,7910,7960,7760,352006,2765412400,919902650200,116738915,STK,ME006
071320,2026-09-29,KR7071320006,지역난방공사,KOSPI,,78600,2,-500,-0.63,79200,79300,78100,13057,1026367150,918194399200,11578744,STK,ME006
119850,2026-09-29,KR7119850006,지엔씨에너지,KOSDAQ,우량기업부,56100,1,800,1.45,53900,56600,53100,224837,12435682550,912914449500,16448909,KSQ,ME006
003090,2026-09-29,KR7003090008,대웅,KOSPI,,15490,2,-460,-2.88,16040,16050,15390,66272,1029983800,909340567200,58141980,STK,ME006
161580,2026-09-29,KR7161580006,필옵틱스,KOSDAQ,중견기업부,38550,1,4250,12.39,33650,39400,33200,2321296,87047039300,902526509500,23442247,KSQ,ME006
285130,2026-09-29,KR7285130001,SK케미칼,KOSPI,,51100,2,-1000,-1.92,52000,52000,50600,30544,1562828650,890886449000,17298766,STK,ME006
009450,2026-09-29,KR7009450008,경동나비엔,KOSPI,,60900,2,-100,-0.16,61000,61300,60000,32516,1976163850,890140971200,14568592,STK,ME006
185750,2026-09-29,KR7185750007,종근당,KOSPI,,64100,2,-1300,-1.99,65400,65400,64000,22554,1451629500,888899032000,13802780,STK,ME006
417200,2026-09-29,KR7417200003,LS머트리얼즈,KOSDAQ,중견기업부,13220,1,140,1.07,12960,13160,12580,595810,7694197595,883543726540,67652659,KSQ,ME006
005300,2026-09-29,KR7005300009,롯데칠성,KOSPI,,95500,2,-1100,-1.14,96700,96800,95000,9005,860600000,883349756800,9278884,STK,ME006
160190,2026-09-29,KR7160190005,하이젠알앤엠,KOSDAQ,중견기업부,28300,2,-1250,-4.23,30300,30300,27300,165883,4666457000,878763600000,30888000,KSQ,ME006
006110,2026-09-29,KR7006110001,삼아알미늄,KOSPI,,58100,1,100,0.17,57500,58500,55300,91578,5212846500,878672735500,15123455,STK,ME006
328130,2026-09-29,KR7328130000,루닛,KOSDAQ,기술성장기업부,11770,1,100,0.86,11570,12000,11100,1511984,17623792265,878606524000,74458180,KSQ,ME006
327260,2026-09-29,KR7327260006,RF머트리얼즈,KOSDAQ,벤처기업부,49150,1,3050,6.62,45400,50200,44750,934340,45191447500,877855343200,17988839,KSQ,ME006
034230,2026-09-29,KR7034230003,파라다이스,KOSPI,,9470,2,-180,-1.87,9660,9660,9380,247205,2339103420,877200247540,92629382,STK,ME006
051915,2026-09-29,KR7051911006,LG화학우,KOSPI,,113200,2,-3800,-3.25,116900,116900,111700,15476,1747045050,867296640000,7688800,STK,ME006
099320,2026-09-29,KR7099320004,쎄트렉아이,KOSDAQ,우량기업부,78900,2,-1100,-1.38,79200,82000,76100,64381,5011130500,864055834200,10951278,KSQ,ME006
388210,2026-09-29,KR7388210007,씨엠티엑스,KOSDAQ,벤처기업부,89100,1,3800,4.45,85400,89200,82700,82678,7109909350,857314094400,9654438,KSQ,ME006
077970,2026-09-29,KR7077970002,STX엔진,KOSPI,,21500,2,-450,-2.05,21850,21950,21200,117179,2515510550,857161145050,40148063,STK,ME006
053800,2026-09-29,KR7053800009,안랩,KOSDAQ,우량기업부,75900,1,1300,1.74,74700,76700,72200,100925,7562513600,853403010200,11126506,KSQ,ME006
079160,2026-09-29,KR7079160008,CJ CGV,KOSPI,,5150,2,-80,-1.53,5210,5260,5110,365063,1886438965,851095576580,165582797,STK,ME006
065350,2026-09-29,KR7065350001,신성델타테크,KOSDAQ,우량기업부,30400,2,-1000,-3.18,31050,31050,29750,103488,3129445400,842383006200,27483948,KSQ,ME006
003470,2026-09-29,KR7003470002,유안타증권,KOSPI,,4365,2,-35,-0.8,4400,4400,4315,249050,1083298990,841048645230,192680102,STK,ME006
031330,2026-09-29,KR7031330004,에스에이엠티,KOSDAQ,우량기업부,8380,2,-20,-0.24,8280,8520,8250,297163,2477523645,839958562800,99995067,KSQ,ME006
071055,2026-09-29,KR7071051007,한국금융지주우,KOSPI,,142000,2,-1500,-1.05,144000,144100,139800,17566,2477592750,837144067900,5858251,STK,ME006
004490,2026-09-29,KR7004490009,세방전지,KOSPI,,60000,1,600,1.01,59600,59700,58800,39592,2343594950,827442000000,13860000,STK,ME006
115180,2026-09-29,KR7115180002,큐리언트,KOSDAQ,벤처기업부,21550,2,-1000,-4.43,22800,22850,21350,72181,1566053800,806984246500,37534151,KSQ,ME006
032500,2026-09-29,KR7032500001,케이엠더블유,KOSDAQ,중견기업부,18940,1,50,0.26,18780,19120,18110,187657,3470066470,793203978800,42191701,KSQ,ME006
388720,2026-09-29,KR7388720005,유일로보틱스,KOSDAQ,벤처기업부,66900,2,-900,-1.33,68600,68600,65900,18463,1233235150,790528249500,11781345,KSQ,ME006
074600,2026-09-29,KR7074600008,원익QnC,KOSDAQ,우량기업부,29900,1,1300,4.55,28450,29800,28150,229106,6663238925,783382400000,26288000,KSQ,ME006
425420,2026-09-29,KR7425420007,티에프이,KOSDAQ,우량기업부,63600,3,0,0.0,63000,64300,61700,78837,4950427100,781576557300,12347181,KSQ,ME006
499790,2026-09-29,KR7499790004,GS피앤엘,KOSPI,,39300,2,-100,-0.25,39400,39850,38200,31772,1233353150,780343593350,19830841,STK,ME006
000670,2026-09-29,KR7000670000,영풍,KOSPI,,41950,2,-1000,-2.33,42600,42600,40750,76806,3193836100,775089754300,18410683,STK,ME006
365550,2026-09-29,KR7365550003,ESR켄달스퀘어리츠,KOSPI,,3090,2,-70,-2.22,3170,3170,3080,144309,448467082,769028125000,246089000,STK,ME006
005180,2026-09-29,KR7005180005,빙그레,KOSPI,,86900,2,-1300,-1.47,87000,88800,85500,15863,1368775850,767468326800,8841801,STK,ME006
491000,2026-09-29,KR7491000006,리브스메드,KOSDAQ,기술성장기업부,30050,3,0,0.0,30050,30750,29050,76501,2293630025,765234711300,25255271,KSQ,ME006
085660,2026-09-29,KR7085660009,차바이오텍,KOSDAQ,중견기업부,8190,2,-10,-0.12,8320,8340,8030,228814,1860807525,760517880280,92972846,KSQ,ME006
036530,2026-09-29,KR7036530004,SNT홀딩스,KOSPI,,46650,2,-1800,-3.72,47700,49900,46100,44511,2111591150,755685116100,16303886,STK,ME006
100840,2026-09-29,KR7100840008,SNT에너지,KOSPI,,36300,2,-850,-2.29,36350,36550,35200,128759,4620020800,750712422900,20680783,STK,ME006
044490,2026-09-29,KR7044490001,태웅,KOSDAQ,우량기업부,37450,1,250,0.67,36300,37450,35500,115809,4234297025,749276418450,20007381,KSQ,ME006
094800,2026-09-29,KR7094800000,맵스리얼티,KOSPI,,7960,1,240,3.11,7730,8000,7510,117224,922005245,742674648000,92834331,STK,ME006
090360,2026-09-29,KR7090360009,로보스타,KOSDAQ,중견기업부,75800,2,-400,-0.52,77900,77900,74700,54553,4129478800,741000000000,9750000,KSQ,ME006
137310,2026-09-29,KR7137310009,에스디바이오센서,KOSPI,,6080,2,-30,-0.49,6100,6120,6020,99746,604732585,736569522200,120749102,STK,ME006
032190,2026-09-29,KR7032190001,다우데이타,KOSDAQ,우량기업부,19290,2,-540,-2.72,19830,19860,18920,66404,1280819775,735743000000,38300000,KSQ,ME006
281740,2026-09-29,KR7281740001,레이크머티리얼즈,KOSDAQ,우량기업부,11420,1,380,3.44,11030,11200,10650,559118,6115103770,732895610200,65730548,KSQ,ME006
213420,2026-09-29,KR7213420003,덕산네오룩스,KOSDAQ,우량기업부,29450,1,350,1.2,29200,29500,28800,108994,3179852875,730036662600,24831179,KSQ,ME006
064290,2026-09-29,KR7064290000,인텍플러스,KOSDAQ,중견기업부,57000,1,2400,4.4,53700,57200,52700,354420,19669978750,729511641400,12957578,KSQ,ME006
059090,2026-09-29,KR7059090001,미코,KOSDAQ,벤처기업부,22000,1,200,0.92,21500,21800,20900,266969,5696831875,728485760400,33416778,KSQ,ME006
214320,2026-09-29,KR7214320004,이노션,KOSPI,,18150,2,-80,-0.44,18190,18190,18020,40251,728574340,726800000000,40000000,STK,ME006
041830,2026-09-29,KR7041830001,인바디,KOSDAQ,우량기업부,53300,2,-1000,-1.84,53500,54300,52400,60571,3225359150,725271451600,13480882,KSQ,ME006
005690,2026-09-29,KR7005690003,파미셀,KOSPI,,12100,2,-160,-1.31,12150,12210,11850,489282,5873930525,724848489120,60004014,STK,ME006
225570,2026-09-29,KR7225570001,넥슨게임즈,KOSDAQ,중견기업부,10940,2,-120,-1.08,10970,11050,10750,111058,1211937220,723803312260,65860174,KSQ,ME006
041960,2026-09-29,KR7041960006,코미팜,KOSDAQ,벤처기업부,9800,2,-100,-1.01,9850,9900,9680,136735,1335209430,723796549700,74618201,KSQ,ME006
090710,2026-09-29,KR7090710005,휴림로봇,KOSDAQ,중견기업부,6100,2,-50,-0.81,6260,6260,5950,1024208,6174140300,723332125450,119559029,KSQ,ME006
295310,2026-09-29,KR7295310007,에이치브이엠,KOSDAQ,기술성장기업부,58900,1,1100,1.9,56100,59500,53300,245233,13980892350,723243368400,12426862,KSQ,ME006
100090,2026-09-29,KR7100090000,SK오션플랜트,KOSPI,,11570,2,-140,-1.2,11750,11820,11400,315364,3634577930,720997608660,62478129,STK,ME006
298050,2026-09-29,KR7298050006,HS효성첨단소재,KOSPI,,161000,2,-5700,-3.42,168000,168000,158600,11682,1867103200,719479648800,4479948,STK,ME006
189300,2026-09-29,KR7189300007,인텔리안테크,KOSDAQ,우량기업부,67100,2,-200,-0.3,67500,67500,64900,34062,2255922250,719412299000,10737497,KSQ,ME006
064960,2026-09-29,KR7064960008,SNT모티브,KOSPI,,26900,2,-500,-1.82,26950,27000,26150,80284,2133778350,712606303200,26540272,STK,ME006
003850,2026-09-29,KR7003850005,보령,KOSPI,,8250,2,-20,-0.24,8200,8290,8180,31745,260585220,709460201890,85787207,STK,ME006
053610,2026-09-29,KR7053610002,프로텍,KOSDAQ,우량기업부,78800,1,5200,7.07,72600,78700,72600,34336,2599597600,706500000000,9000000,KSQ,ME006
171090,2026-09-29,KR7171090004,선익시스템,KOSDAQ,우량기업부,69700,2,-1900,-2.65,70400,70900,67200,46809,3220703050,705895532200,10127626,KSQ,ME006
122640,2026-09-29,KR7122640006,예스티,KOSDAQ,벤처기업부,32650,1,1050,3.32,31100,32750,31100,256918,8300457200,704750628750,21651325,KSQ,ME006
476060,2026-09-29,KR7476060009,온코닉테라퓨틱스,KOSDAQ,기술성장기업부,15280,2,-700,-4.38,15610,15670,15150,238499,3653060985,696102187200,45407840,KSQ,ME006
036810,2026-09-29,KR7036810000,에프에스티,KOSDAQ,중견기업부,32150,1,1800,5.93,30000,32100,29950,160176,5027152500,694958226900,21649789,KSQ,ME006
466100,2026-09-29,KR7466100005,클로봇,KOSDAQ,기술성장기업부,22350,2,-150,-0.67,22850,22850,22050,174476,3896235650,691816066650,30953739,KSQ,ME006
090460,2026-09-29,KR7090460007,비에이치,KOSPI,,20700,1,350,1.72,20050,20550,20000,406422,8258000475,691086529000,33711538,STK,ME006
005090,2026-09-29,KR7005090006,SGC에너지,KOSPI,,48150,2,-50,-0.1,48200,48750,46900,59529,2842751650,688766117400,14409333,STK,ME006
033790,2026-09-29,KR7033790007,피노,KOSDAQ,중견기업부,8370,3,0,0.0,8370,8370,7930,1227726,10042308875,684072692270,83321887,KSQ,ME006
002960,2026-09-29,KR7002960003,한국쉘석유,KOSPI,,520000,2,-7000,-1.33,525000,525000,515000,406,211010000,682500000000,1300000,STK,ME006
033640,2026-09-29,KR7033640004,네패스,KOSDAQ,중견기업부,29150,1,2100,7.76,26750,29550,26700,408616,11731528725,677940538800,23059202,KSQ,ME006
293940,2026-09-29,KR7293940003,신한알파리츠,KOSPI,,5610,1,30,0.54,5620,5620,5540,52332,291734420,676055287570,120940123,STK,ME006
102710,2026-09-29,KR7102710001,이엔에프테크놀로지,KOSDAQ,우량기업부,47400,1,1300,2.82,45650,47250,45300,49999,2305027275,672957075600,14287836,KSQ,ME006
476830,2026-09-29,KR7476830005,알지노믹스,KOSDAQ,기술성장기업부,23950,2,-1350,-5.34,25250,25250,23500,257019,6161751900,669122148600,28055436,KSQ,ME006
069260,2026-09-29,KR7069260008,TKG휴켐스,KOSPI,,16140,2,-240,-1.47,16370,16390,16100,67598,1096689245,667956127920,40878588,STK,ME006
456040,2026-09-29,KR7456040005,OCI,KOSPI,,75000,2,-4700,-5.9,78900,79500,72600,27165,2047294750,666960877500,8952495,STK,ME006
124500,2026-09-29,KR7124500000,아이티센글로벌,KOSDAQ,우량기업부,28750,2,-500,-1.71,28950,29100,28050,154804,4400765650,663649472200,23204527,KSQ,ME006
121600,2026-09-29,KR7121600001,나노신소재,KOSDAQ,우량기업부,55200,2,-600,-1.08,55700,55800,53200,68124,3681843700,663384533100,12262191,KSQ,ME006
268280,2026-09-29,KR7268280005,미원에스씨,KOSPI,,130300,2,-1800,-1.36,130900,135000,130500,1337,176538200,663000000000,5000000,STK,ME006
048410,2026-09-29,KR7048410005,현대바이오,KOSDAQ,중견기업부,6850,1,40,0.59,6790,6900,6560,756877,5108866155,659133056760,96505572,KSQ,ME006
005880,2026-09-29,KR7005880000,대한해운,KOSPI,,2050,2,-25,-1.2,2070,2090,2020,687827,1407166545,656790836900,322747340,STK,ME006
093320,2026-09-29,KR7093320000,케이아이엔엑스,KOSDAQ,우량기업부,133000,2,-4100,-2.99,137200,137800,130000,25033,3329036200,648552000000,4880000,KSQ,ME006
490470,2026-09-29,KR7490470002,세미파이브,KOSDAQ,기술성장기업부,18830,1,2470,15.1,16020,19830,15750,9653846,180360890165,641039289600,34025440,KSQ,ME006
077360,2026-09-29,KR7077360006,덕산하이메탈,KOSDAQ,벤처기업부,14190,1,1310,10.17,12690,14140,12680,1375851,18833677650,640207358180,45437002,KSQ,ME006
000400,2026-09-29,KR7000400002,롯데손해보험,KOSPI,,2055,1,5,0.24,2050,2070,2030,132050,270500498,637741137600,310336320,STK,ME006
093050,2026-09-29,KR7093050003,LF,KOSPI,,21800,2,-100,-0.46,21950,22000,21550,7525,163164750,637432000000,29240000,STK,ME006
000640,2026-09-29,KR7000640003,동아쏘시오홀딩스,KOSPI,,93600,2,-400,-0.43,95600,95600,92000,8052,749447200,636223801500,6732527,STK,ME006
001570,2026-09-29,KR7001570001,금양,KOSPI,,9900,3,0,0.0,0,0,0,0,0,633275240400,63967196,STK,ME006
017940,2026-09-29,KR7017940008,E1,KOSPI,,91100,2,-1100,-1.19,93800,93800,90500,5129,467372800,632492000000,6860000,STK,ME006
092870,2026-09-29,KR7092870005,엑시콘,KOSDAQ,우량기업부,48400,1,1400,2.98,46050,48850,45850,393264,18631364000,626438256000,13050797,KSQ,ME006
001680,2026-09-29,KR7001680008,대상,KOSPI,,18100,2,-260,-1.42,18370,18400,18030,36173,656775190,626436292000,34648025,STK,ME006
248070,2026-09-29,KR7248070005,솔루엠,KOSPI,,13020,2,-30,-0.23,12950,13080,12750,48798,632543105,623523717440,47816236,STK,ME006
383800,2026-09-29,KR7383800000,LX홀딩스,KOSPI,,8120,2,-100,-1.22,8230,8230,8070,47986,390283170,620162009700,76280690,STK,ME006
001060,2026-09-29,KR7001060003,JW중외제약,KOSPI,,26450,2,-350,-1.31,26700,26800,26100,27464,722414600,617077145000,23285930,STK,ME006
002840,2026-09-29,KR7002840007,미원상사,KOSPI,,136900,2,-1700,-1.23,138700,138700,134400,2890,393030600,616500000000,4500000,STK,ME006
317450,2026-09-29,KR7317450005,명인제약,KOSPI,,42250,2,-150,-0.35,42550,42550,41950,4950,208768550,615390000000,14600000,STK,ME006
453340,2026-09-29,KR7453340002,현대그린푸드,KOSPI,,18890,2,-170,-0.89,19150,19150,18650,31996,599829160,612738846690,32471587,STK,ME006
014820,2026-09-29,KR7014820005,동원시스템즈,KOSPI,,20900,2,-450,-2.11,21200,21400,20750,16035,335111350,605917793800,28991282,STK,ME006
126340,2026-09-29,KR7126340009,비나텍,KOSDAQ,벤처기업부,85400,1,1600,1.91,81500,84900,80600,78828,6562167050,605308900200,7180414,KSQ,ME006
108320,2026-09-29,KR7108320003,LX세미콘,KOSPI,,36700,1,350,0.96,36550,36750,35950,24680,899314500,597713025000,16264300,STK,ME006
004710,2026-09-29,KR7004710000,한솔테크닉스,KOSPI,,11250,1,560,5.24,10550,11380,10520,1336513,14671510430,595678695910,53043517,STK,ME006
468530,2026-09-29,KR7468530001,프로티나,KOSDAQ,기술성장기업부,54100,1,400,0.74,53200,55000,51000,169688,9048852400,595235932800,11105148,KSQ,ME006
079900,2026-09-29,KR7079900007,전진건설로봇,KOSPI,,40800,1,50,0.12,40550,40750,39500,37893,1521970675,593916581500,14592545,STK,ME006
253590,2026-09-29,KR7253590004,네오셈,KOSDAQ,우량기업부,13490,1,160,1.2,13170,13470,13030,472063,6259945510,588285489240,43869164,KSQ,ME006
050890,2026-09-29,KR7050890003,쏠리드,KOSDAQ,우량기업부,9560,1,10,0.1,9430,9510,9260,648291,6092506455,576579507660,60756534,KSQ,ME006
033240,2026-09-29,KR7033240003,자화전자,KOSPI,,26600,1,250,0.95,26250,26850,26000,28578,754313425,575786628300,21605502,STK,ME006
006650,2026-09-29,KR7006650006,대한유화,KOSPI,,87900,2,-4400,-4.77,92300,92300,87700,30407,2701167950,575250000000,6500000,STK,ME006
219130,2026-09-29,KR7219130002,타이거일렉,KOSDAQ,벤처기업부,91000,1,8100,9.77,82900,91400,80700,86572,7584685850,574600390000,6314290,KSQ,ME006
00088K,2026-09-29,KR700088K015,한화3우B,KOSPI,,39300,2,-1500,-3.68,40600,40600,39050,10997,433710225,574589398950,14676613,STK,ME006
045100,2026-09-29,KR7045100005,한양이엔지,KOSDAQ,우량기업부,32500,1,850,2.69,31500,32600,31350,60425,1935137650,569625000000,17500000,KSQ,ME006
144960,2026-09-29,KR7144960002,뉴파워프라즈마,KOSDAQ,우량기업부,13040,1,430,3.41,12570,13080,12150,1215378,15375130310,569314890720,43692624,KSQ,ME006
00104K,2026-09-29,KR700104K010,CJ4우(전환),KOSPI,,133900,1,1600,1.21,131300,133800,128200,5135,678450300,565507305600,4226512,STK,ME006
025540,2026-09-29,KR7025540006,한국단자,KOSPI,,56000,2,-1200,-2.1,57000,57000,55500,12951,725574100,564417000000,10115000,STK,ME006
456160,2026-09-29,KR7456160001,지투지바이오,KOSDAQ,기술성장기업부,34100,2,-650,-1.87,34350,34950,33150,127696,4310701050,563737541400,16629426,KSQ,ME006
094170,2026-09-29,KR7094170008,동운아나텍,KOSDAQ,우량기업부,26650,2,-600,-2.2,27000,27100,26250,60263,1605522000,561431781600,20909936,KSQ,ME006
016380,2026-09-29,KR7016380008,KG스틸,KOSPI,,5620,2,-60,-1.06,5620,5680,5500,146404,815568490,561049912170,100008897,STK,ME006
114090,2026-09-29,KR7114090004,GKL,KOSPI,,8910,1,50,0.56,8940,8980,8800,97758,868690820,554845359900,61855670,STK,ME006
452260,2026-09-29,KR7452260003,한화갤러리아,KOSPI,,2850,1,100,3.64,2725,2870,2650,1505415,4206441145,553469186550,193859610,STK,ME006
002350,2026-09-29,KR7002350007,넥센타이어,KOSPI,,5610,2,-160,-2.77,5760,5760,5600,63329,356697705,550846826280,97667877,STK,ME006
399720,2026-09-29,KR7399720002,가온칩스,KOSDAQ,벤처기업부,46650,1,1150,2.53,44900,46300,44650,96272,4398803350,548471535000,11858844,KSQ,ME006
017900,2026-09-29,KR7017900002,광전자,KOSPI,,9450,2,-150,-1.56,9590,9690,9210,938897,8827134760,547568560350,57943763,STK,ME006
075580,2026-09-29,KR7075580001,세진중공업,KOSPI,,9730,2,-260,-2.6,9930,9990,9420,366862,3527215250,545754777600,56849456,STK,ME006
178920,2026-09-29,KR7178920005,PI첨단소재,KOSPI,,18630,2,-360,-1.9,18960,18960,18380,21392,395643980,545332599540,29366322,STK,ME006
192650,2026-09-29,KR7192650000,드림텍,KOSPI,,8290,1,360,4.54,7990,8430,7900,1305107,10777427865,543566339250,65886829,STK,ME006
003300,2026-09-29,KR7003300001,한일홀딩스,KOSPI,,17640,1,10,0.06,17740,17740,17280,6172,107111350,542941728840,30831444,STK,ME006
089890,2026-09-29,KR7089890008,코세스,KOSDAQ,우량기업부,32250,1,1750,5.74,29600,32550,29550,245860,7763197950,539011265000,16584962,KSQ,ME006
060250,2026-09-29,KR7060250008,NHN KCP,KOSDAQ,우량기업부,13480,2,-170,-1.25,13410,13640,13230,128089,1709702225,538553793510,40160611,KSQ,ME006
336370,2026-09-29,KR7336370002,솔루스첨단소재,KOSPI,,7680,2,-150,-1.92,7710,7820,7560,111502,851454255,538528325660,70212298,STK,ME006
079940,2026-09-29,KR7079940003,가비아,KOSDAQ,우량기업부,40050,2,-300,-0.74,40600,40600,39800,22447,902922450,536827360000,13420684,KSQ,ME006
284740,2026-09-29,KR7284740008,쿠쿠홈시스,KOSPI,,23900,2,-400,-1.65,24250,24350,23750,11917,286205275,534008454000,22437330,STK,ME006
101160,2026-09-29,KR7101160000,월덱스,KOSDAQ,우량기업부,32150,1,1900,6.28,30000,32300,30000,102124,3213156375,532479524250,16510993,KSQ,ME006
080580,2026-09-29,KR7080580004,오킨스전자,KOSDAQ,벤처기업부,25350,1,250,1.0,24700,25700,23800,453372,11135159700,530437518250,21090955,KSQ,ME006
005810,2026-09-29,KR7005810007,풍산홀딩스,KOSPI,,36700,2,-350,-0.94,37100,37100,36350,11836,433921525,528393751800,14417292,STK,ME006
001530,2026-09-29,KR7001530005,DI동일,KOSPI,,25300,2,-1000,-3.8,26450,26450,25100,10466,267240825,527212554450,20715621,STK,ME006
007700,2026-09-29,KR7007700008,F&F홀딩스,KOSPI,,13620,1,170,1.26,13450,13500,13330,2623,35113330,525697092480,39114367,STK,ME006
001510,2026-09-29,KR7001510007,SK증권,KOSPI,,2280,2,-25,-1.08,2285,2295,2240,1472542,3327828397,523883367525,231295085,STK,ME006
001270,2026-09-29,KR7001270008,부국증권,KOSPI,,50800,1,200,0.4,50600,51400,50000,1628,81930700,523679243000,10369886,STK,ME006
112040,2026-09-29,KR7112040001,위메이드,KOSDAQ,중견기업부,15150,2,-370,-2.38,15470,15500,15060,98532,1498016280,516695911260,33948483,KSQ,ME006
397030,2026-09-29,KR7397030008,에이프릴바이오,KOSDAQ,기술성장기업부,18700,3,0,0.0,18510,18920,17760,176913,3241077485,515073635580,27558782,KSQ,ME006
358570,2026-09-29,KR7358570000,지아이이노베이션,KOSDAQ,기술성장기업부,8070,2,-510,-5.94,8590,8600,7850,382440,3083514255,514192567820,64516006,KSQ,ME006
024850,2026-09-29,KR7024850000,HLB이노베이션,KOSDAQ,중견기업부,16310,2,-3370,-17.12,19070,19080,15950,1915630,32723821745,512862122160,31775844,KSQ,ME006
058650,2026-09-29,KR7058650003,세아홀딩스,KOSPI,,126200,2,-1300,-1.02,129800,129800,124400,1505,189036800,511770783200,4055236,STK,ME006
009410,2026-09-29,KR7009410002,태영건설,KOSPI,,1615,2,-17,-1.04,1632,1642,1597,206340,331967164,511125019200,319453137,STK,ME006
029460,2026-09-29,KR7029460003,케이씨,KOSPI,,46250,1,2450,5.59,44000,46250,43700,50347,2274166050,509699743750,11020535,STK,ME006
356680,2026-09-29,KR7356680009,엑스게이트,KOSDAQ,벤처기업부,18340,2,-170,-0.92,18960,19040,17320,2211484,40091305305,508074157600,28543492,KSQ,ME006
037460,2026-09-29,KR7037460003,삼지전자,KOSDAQ,우량기업부,31050,2,-300,-0.96,31350,31500,30700,27152,842983250,507506034200,16318522,KSQ,ME006
003620,2026-09-29,KR7003620002,KG모빌리티,KOSPI,,2500,2,-35,-1.38,2540,2540,2475,232884,579520512,502901656320,202374912,STK,ME006
052020,2026-09-29,KR7052020005,에스티큐브,KOSDAQ,투자주의환기종목(소속부없음),7360,2,-340,-4.42,7600,7660,7320,155483,1156534050,500357021760,67983291,KSQ,ME006
214430,2026-09-29,KR7214430001,아이쓰리시스템,KOSDAQ,우량기업부,67600,1,700,1.05,66400,68200,64700,15267,1014206600,498352063000,7307215,KSQ,ME006
484870,2026-09-29,KR7484870001,엠앤씨솔루션,KOSPI,,18020,3,0,0.0,18060,18500,17900,108761,1970572075,494035983000,27461700,STK,ME006
0220W0,2026-09-29,KR70220W0000,한화머시너리앤서비스홀딩스,KOSPI,,5840,2,-260,-4.26,6070,6090,5800,1700645,10030106870,493570724400,84515535,STK,ME006
161000,2026-09-29,KR7161000005,애경케미칼,KOSPI,,10090,2,-80,-0.79,10100,10120,9890,85028,849934695,491838447990,48648709,STK,ME006
003545,2026-09-29,KR7003541000,대신증권우,KOSPI,,20200,3,0,0.0,20300,20350,20050,26431,534004775,490105013400,24383334,STK,ME006
086900,2026-09-29,KR7086900008,메디톡스,KOSDAQ,우량기업부,67100,2,-1600,-2.33,67500,67700,66400,14578,973573300,489729148700,7298497,KSQ,ME006
475830,2026-09-29,KR7475830006,오름테라퓨틱,KOSDAQ,기술성장기업부,22400,2,-1850,-7.63,23600,23600,20850,707038,15482699600,489440610000,21752916,KSQ,ME006
001500,2026-09-29,KR7001500008,현대차증권,KOSPI,,7800,2,-80,-1.02,7860,7860,7760,35510,276715360,483534404080,61833044,STK,ME006
211050,2026-09-29,KR7211050000,인카금융서비스,KOSDAQ,우량기업부,9750,2,-150,-1.52,9840,9950,9580,86962,846401220,480813292320,49263657,KSQ,ME006
098120,2026-09-29,KR7098120009,마이크로컨텍솔,KOSDAQ,우량기업부,58000,2,-700,-1.19,58000,58700,55700,130976,7478345500,479646598200,8312766,KSQ,ME006
187660,2026-09-29,KR7187660006,페니트리움바이오,KOSDAQ,중견기업부,7490,1,650,9.5,6840,7590,6700,1834992,13347330685,479107234970,63966253,KSQ,ME006
104830,2026-09-29,KR7104830005,원익머트리얼즈,KOSDAQ,우량기업부,38550,1,3050,8.59,36100,38650,35400,168258,6299755125,479104000000,12608000,KSQ,ME006
376900,2026-09-29,KR7376900007,로킷헬스케어,KOSDAQ,기술성장기업부,27550,2,-1700,-5.81,28750,28850,27150,143329,3968219975,478000946000,17445290,KSQ,ME006
008060,2026-09-29,KR7008060006,대덕,KOSPI,,15230,1,130,0.86,15110,15230,14760,61305,924767395,476502502540,31287098,STK,ME006
004690,2026-09-29,KR7004690004,삼천리,KOSPI,,131000,2,-400,-0.3,132300,132300,129000,3970,515485200,475107787000,3626777,STK,ME006
145990,2026-09-29,KR7145990008,삼양사,KOSPI,,46250,1,250,0.54,46000,46150,44950,11321,516836150,474418654000,10313449,STK,ME006
002990,2026-09-29,KR7002990000,금호건설,KOSPI,,12680,2,-240,-1.86,12800,13090,12580,879470,11271171820,473946869280,37259974,STK,ME006
377740,2026-09-29,KR7377740006,바이오노트,KOSPI,,4655,2,-5,-0.11,4670,4675,4580,39386,182140690,473260692960,101886048,STK,ME006
348340,2026-09-29,KR7348340001,뉴로메카,KOSDAQ,기술성장기업부,20100,2,-150,-0.74,20850,20850,19800,223117,4479320335,471679743600,23408424,KSQ,ME006
019170,2026-09-29,KR7019170000,신풍제약,KOSPI,,9020,2,-250,-2.7,9200,9210,8960,121353,1097197810,470718327560,52418522,STK,ME006
034950,2026-09-29,KR7034950006,한국기업평가,KOSDAQ,우량기업부,103500,3,0,0.0,104000,104000,102900,894,92503900,470397250400,4540514,KSQ,ME006
039130,2026-09-29,KR7039130000,하나투어,KOSPI,,30200,2,-100,-0.33,30200,30300,29850,13037,391341475,469344939600,15489932,STK,ME006
033500,2026-09-29,KR7033500000,동성화인텍,KOSDAQ,우량기업부,15610,2,-360,-2.25,15950,15950,15300,146647,2270691380,469335581100,29989494,KSQ,ME006
099190,2026-09-29,KR7099190001,아이센스,KOSDAQ,중견기업부,15920,2,-10,-0.06,16250,16250,15730,9757,154421400,468741766050,29573613,KSQ,ME006
460860,2026-09-29,KR7460860000,동국제강,KOSPI,,9400,2,-100,-1.05,9600,9600,9210,149056,1389549765,467307520140,49608017,STK,ME006
082270,2026-09-29,KR7082270000,젬백스,KOSDAQ,벤처기업부,10140,1,50,0.5,10090,10270,9900,113776,1147539545,464811599140,45480587,KSQ,ME006
027360,2026-09-29,KR7027360007,아주IB투자,KOSDAQ,중견기업부,3845,2,-5,-0.13,3740,3845,3650,1680902,6281019261,463986904980,121145406,KSQ,ME006
015750,2026-09-29,KR7015750003,성우하이텍,KOSDAQ,우량기업부,5790,2,-50,-0.86,5870,5870,5740,115750,667718080,463200000000,80000000,KSQ,ME006
003030,2026-09-29,KR7003030004,세아제강지주,KOSPI,,109700,1,2200,2.05,108500,111200,104000,31953,3459538250,460552258400,4141657,STK,ME006
383310,2026-09-29,KR7383310000,에코프로에이치엔,KOSDAQ,우량기업부,22000,2,-750,-3.3,22600,22600,21650,75822,1658735525,459351010800,20974932,KSQ,ME006
041190,2026-09-29,KR7041190000,우리기술투자,KOSDAQ,우량기업부,5860,1,60,1.03,5760,5780,5670,969776,5566802040,458850000000,79800000,KSQ,ME006
019210,2026-09-29,KR7019210004,와이지-원,KOSDAQ,우량기업부,12280,2,-440,-3.46,12730,12850,12070,487457,5993361485,456738979840,37193728,KSQ,ME006
025980,2026-09-29,KR7025980004,아난티,KOSDAQ,우량기업부,4655,2,-385,-7.64,4950,4960,4610,2143120,10164194799,454882128250,97300990,KSQ,ME006
448730,2026-09-29,KR7448730002,삼성FN리츠,KOSPI,,4970,1,45,0.91,4915,4990,4840,50488,248359382,454339500000,91050000,STK,ME006
090435,2026-09-29,KR7090431008,아모레퍼시픽우,KOSPI,,43100,1,500,1.17,42800,43500,41750,35179,1506221550,453986690000,10557830,STK,ME006
069540,2026-09-29,KR7069540003,빛과전자,KOSDAQ,벤처기업부,4025,1,30,0.75,3995,4060,3870,2695218,10723052133,453584885425,112691897,KSQ,ME006
042000,2026-09-29,KR7042000000,카페24,KOSDAQ,우량기업부,18700,2,-80,-0.43,18780,19200,18120,192835,3579812385,453340668750,24178169,KSQ,ME006
290550,2026-09-29,KR7290550003,디케이티,KOSDAQ,우량기업부,22450,1,300,1.35,22300,22750,21900,261775,5859707325,452027798000,20001230,KSQ,ME006
035890,2026-09-29,KR7035890003,서희건설,KOSDAQ,중견기업부,2200,2,-45,-2.0,2230,2245,2175,161739,357975955,451505065800,207588536,KSQ,ME006
000070,2026-09-29,KR7000070003,삼양홀딩스,KOSPI,,57800,2,-500,-0.86,58500,58500,57500,5261,304138350,448712439800,7763191,STK,ME006
460930,2026-09-29,KR7460930001,현대힘스,KOSDAQ,우량기업부,12630,2,-390,-3.0,12940,13060,12520,96346,1220240070,448499774730,35510671,KSQ,ME006
005250,2026-09-29,KR7005250006,녹십자홀딩스,KOSPI,,9490,2,-90,-0.94,9520,9630,9420,41990,398290070,447708559200,47028210,STK,ME006
002240,2026-09-29,KR7002240000,고려제강,KOSPI,,16650,2,-30,-0.18,16750,16790,16490,7603,125785225,446850000000,27000000,STK,ME006
004700,2026-09-29,KR7004700001,조광피혁,KOSPI,,66900,1,600,0.9,65100,66900,65100,447,29378200,444827332200,6649138,STK,ME006
348370,2026-09-29,KR7348370008,엔켐,KOSDAQ,중견기업부,20250,2,-400,-1.94,20550,20550,19840,136133,2731534760,443697628500,21910994,KSQ,ME006
340570,2026-09-29,KR7340570001,티앤엘,KOSDAQ,우량기업부,27550,2,-450,-1.61,27800,27900,27350,66957,1842019750,443535312000,16070120,KSQ,ME006
056080,2026-09-29,KR7056080005,유진로봇,KOSDAQ,중견기업부,11620,2,-190,-1.61,11830,11830,11400,270872,3127517905,443531637600,38235486,KSQ,ME006
170920,2026-09-29,KR7170920003,엘티씨,KOSDAQ,벤처기업부,41750,1,1850,4.64,39350,42000,38700,254781,10303024675,443165085700,10564126,KSQ,ME006
067630,2026-09-29,KR7067630004,HLB생명과학,KOSDAQ,투자주의환기종목(소속부없음),3630,1,225,6.61,3970,4290,3485,7006152,27763286311,442558920540,121917058,KSQ,ME006
365340,2026-09-29,KR7365340009,성일하이텍,KOSDAQ,기술성장기업부,34250,2,-1000,-2.84,35450,35450,33650,24795,844084625,442548188750,12921115,KSQ,ME006
016610,2026-09-29,KR7016610008,DB증권,KOSPI,,10290,2,-10,-0.1,10290,10300,10130,65021,665938500,437197806700,42446389,STK,ME006
020000,2026-09-29,KR7020000006,한섬,KOSPI,,20350,3,0,0.0,20400,20500,20050,136829,2783209475,437056827900,21476994,STK,ME006
249420,2026-09-29,KR7249420001,일동제약,KOSPI,,13800,2,-260,-1.85,13900,13910,13530,163988,2246564460,435658730040,31638252,STK,ME006
034310,2026-09-29,KR7034310003,NICE,KOSPI,,12170,1,110,0.91,12180,12190,11850,14331,172168530,435572310450,36757157,STK,ME006
010780,2026-09-29,KR7010780005,아이에스동서,KOSPI,,14680,2,-280,-1.87,15130,15170,14580,91928,1351969015,434871892840,29724668,STK,ME006
174900,2026-09-29,KR7174900001,앱클론,KOSDAQ,벤처기업부,21900,1,2590,13.41,19350,22550,19110,351152,7388338115,433958805750,19952129,KSQ,ME006
078350,2026-09-29,KR7078350006,한양디지텍,KOSDAQ,우량기업부,28450,1,1450,5.37,26400,28800,25900,356047,9810773600,433702667900,15244382,KSQ,ME006
089010,2026-09-29,KR7089010003,켐트로닉스,KOSDAQ,우량기업부,26150,1,1000,3.98,24950,26000,24550,318271,8140538500,433505197950,16770027,KSQ,ME006
003280,2026-09-29,KR7003280005,흥아해운,KOSPI,,1796,2,-34,-1.86,1836,1850,1794,2345024,4249379054,431803118604,240424899,STK,ME006
376300,2026-09-29,KR7376300000,디어유,KOSDAQ,우량기업부,18380,1,1350,7.93,16930,18620,16770,186583,3337601980,431801605140,23738406,KSQ,ME006
018290,2026-09-29,KR7018290007,브이티,KOSDAQ,우량기업부,12260,1,750,6.52,12000,12390,11760,429699,5210094110,431531699300,34941838,KSQ,ME006
278280,2026-09-29,KR7278280003,천보,KOSDAQ,중견기업부,35250,2,-300,-0.84,35350,35650,33450,22527,780583900,430081177500,12253025,KSQ,ME006
013030,2026-09-29,KR7013030002,하이록코리아,KOSDAQ,우량기업부,36750,2,-1250,-3.29,38050,38050,35950,26081,953334800,429537256000,11768144,KSQ,ME006
336570,2026-09-29,KR7336570007,원텍,KOSDAQ,우량기업부,4830,2,-55,-1.13,4880,4880,4745,364675,1750630673,429439907260,89280646,KSQ,ME006
475960,2026-09-29,KR7475960001,토모큐브,KOSDAQ,기술성장기업부,31800,1,450,1.44,30650,32550,29800,53389,1681940450,428542333200,13476174,KSQ,ME006
486990,2026-09-29,KR7486990005,노타,KOSDAQ,기술성장기업부,20100,2,-50,-0.25,20900,21150,19550,562784,11327804660,426992902800,21392430,KSQ,ME006
005945,2026-09-29,KR7005941000,NH투자증권우,KOSPI,,22700,2,-150,-0.66,22900,22900,22500,28996,656512975,426483876800,18870968,STK,ME006
114810,2026-09-29,KR7114810005,한솔아이원스,KOSDAQ,우량기업부,15130,1,230,1.54,14580,15410,14570,244398,3688249700,425243359140,28143174,KSQ,ME006
009900,2026-09-29,KR7009900002,명신산업,KOSPI,,8110,2,-240,-2.87,8230,8260,8040,127402,1033338300,424483375970,52470133,STK,ME006
002030,2026-09-29,KR7002030005,아세아,KOSPI,,205500,2,-1000,-0.48,208000,210500,203500,2095,431702000,424123512000,2058852,STK,ME006
030520,2026-09-29,KR7030520001,한컴,KOSDAQ,우량기업부,17410,2,-60,-0.34,17470,17520,17240,102036,1774967925,422661925120,24179744,KSQ,ME006
125490,2026-09-29,KR7125490003,한라캐스트,KOSDAQ,벤처기업부,11580,2,-180,-1.53,11980,12040,11420,552145,6403367540,422332212640,36502352,KSQ,ME006
204620,2026-09-29,KR7204620009,글로벌텍스프리,KOSDAQ,우량기업부,6030,2,-20,-0.33,6080,6090,5930,229914,1376949205,421699980000,70283330,KSQ,ME006
368770,2026-09-29,KR7368770004,파이버프로,KOSDAQ,벤처기업부,12760,2,-140,-1.09,12940,12950,12570,88340,1121607660,417248657500,32854225,KSQ,ME006
357120,2026-09-29,KR7357120005,코람코라이프인프라리츠,KOSPI,,4275,2,-15,-0.35,4250,4280,4200,38876,164970434,416595315120,97335354,STK,ME006
306200,2026-09-29,KR7306200007,세아제강,KOSPI,,145200,2,-2300,-1.56,145200,146900,142400,7523,1088158300,414667060000,2836300,STK,ME006
072710,2026-09-29,KR7072710007,농심홀딩스,KOSPI,,89600,2,-500,-0.55,90000,90100,88900,2491,222481400,413690868000,4637790,STK,ME006
033160,2026-09-29,KR7033160003,엠케이전자,KOSDAQ,중견기업부,16970,1,640,3.92,16170,16830,16100,764359,12643340390,413413096140,24564058,KSQ,ME006
079370,2026-09-29,KR7079370003,제우스,KOSDAQ,우량기업부,13310,1,840,6.74,12490,13420,12320,1142520,14963792765,412525967000,31016990,KSQ,ME006
241770,2026-09-29,KR7241770007,메카로,KOSDAQ,우량기업부,40600,2,-200,-0.49,40450,40800,39250,8278,332548200,410763392000,10192640,KSQ,ME006
332570,2026-09-29,KR7332570001,PS일렉트로닉스,KOSDAQ,우량기업부,9030,1,240,2.73,8690,8960,8610,1170907,10338355605,409330772730,45940603,KSQ,ME006
403550,2026-09-29,KR7403550007,쏘카,KOSPI,,10740,1,70,0.66,10780,10820,10620,5567,59745920,407474977080,37939942,STK,ME006
014830,2026-09-29,KR7014830004,유니드,KOSPI,,60400,2,-900,-1.47,61600,61600,59700,10451,627181300,407409520000,6767600,STK,ME006
092230,2026-09-29,KR7092230002,KPX홀딩스,KOSPI,,96400,2,-500,-0.52,96300,97400,95000,750,72318500,405988480600,4224646,STK,ME006
005389,2026-09-29,KR7005383005,현대차3우B,KOSPI,,173600,2,-2900,-1.64,175200,175200,172900,3395,590127200,405176087000,2321926,STK,ME006
417840,2026-09-29,KR7417840006,저스템,KOSDAQ,벤처기업부,17450,1,410,2.41,16730,17490,16600,630232,10778846105,401107983880,22946681,KSQ,ME006
002810,2026-09-29,KR7002810000,삼영무역,KOSPI,,21500,1,50,0.23,21550,21800,21200,35086,757781800,399809424200,18466948,STK,ME006
001200,2026-09-29,KR7001200005,유진투자증권,KOSPI,,4080,2,-55,-1.33,4110,4125,4035,378561,1538426355,396183649620,96866418,STK,ME006
078130,2026-09-29,KR7078130002,국일제지,KOSDAQ,중견기업부,3495,3,0,0.0,3465,3515,3455,87858,305767994,394592054500,112740587,KSQ,ME006
047920,2026-09-29,KR7047920004,HLB제약,KOSDAQ,기술성장기업부,12250,1,2630,27.34,12140,12500,11100,4151692,50175335120,394576252680,32799356,KSQ,ME006
130660,2026-09-29,KR7130660004,한전산업,KOSPI,,12130,2,-280,-2.26,12300,12300,11940,143365,1727823635,394134000000,32600000,STK,ME006
003000,2026-09-29,KR7003000007,부광약품,KOSPI,,4000,2,-10,-0.25,3965,4010,3950,103020,409511468,391698743870,98664671,STK,ME006
005420,2026-09-29,KR7005420005,코스모화학,KOSPI,,10160,2,-310,-2.96,10360,10380,10010,117826,1189985000,390995761040,38408228,STK,ME006
095660,2026-09-29,KR7095660007,네오위즈,KOSDAQ,우량기업부,17910,1,10,0.06,18020,18100,17730,35145,630469510,390754449540,21636459,KSQ,ME006
159010,2026-09-29,KR7159010008,아스플로,KOSDAQ,벤처기업부,29900,1,1300,4.55,28600,29400,27300,212587,6117501825,390041115750,13334739,KSQ,ME006
236200,2026-09-29,KR7236200002,슈프리마,KOSDAQ,우량기업부,55800,1,300,0.54,56800,56800,54700,9324,517794300,389166553800,6974311,KSQ,ME006
271940,2026-09-29,KR7271940009,일진하이솔루스,KOSPI,,10680,2,-380,-3.44,11130,11130,10580,24110,258946435,387824869200,36313190,STK,ME006
092190,2026-09-29,KR7092190008,서울바이오시스,KOSDAQ,투자주의환기종목(소속부없음),8430,1,830,10.92,7610,8460,7480,249714,2015133705,386670468690,45868383,KSQ,ME006
015360,2026-09-29,KR7015360001,INVENI,KOSPI,,14680,2,-30,-0.2,14650,14800,14590,9649,141206605,384825000000,26250000,STK,ME006
330860,2026-09-29,KR7330860008,네패스아크,KOSDAQ,중견기업부,31950,1,3700,13.1,27900,31900,27600,366777,11044643350,384406619750,12184045,KSQ,ME006
477850,2026-09-29,KR7477850002,마키나락스,KOSDAQ,기술성장기업부,21750,2,-1350,-5.84,22600,23000,21250,402471,8807585525,382614560800,17754736,KSQ,ME006
092730,2026-09-29,KR7092730001,네오팜,KOSDAQ,우량기업부,23750,1,750,3.26,22950,24000,22850,66172,1569796400,382267537650,16027989,KSQ,ME006
215200,2026-09-29,KR7215200007,메가스터디교육,KOSDAQ,우량기업부,36650,2,-350,-0.95,36900,37400,34550,33629,1238333300,381439948800,10365216,KSQ,ME006
029530,2026-09-29,KR7029530003,신도리코,KOSPI,,39000,2,-550,-1.39,39400,39400,38550,2336,90712550,380370790350,9715729,STK,ME006
344820,2026-09-29,KR7344820006,KCC글라스,KOSPI,,23800,2,-250,-1.04,24050,24050,23600,5511,130881350,378501134400,15970512,STK,ME006
016590,2026-09-29,KR7016590002,신대양제지,KOSPI,,9410,2,-340,-3.49,9500,9600,9210,14211,132982520,373963769600,40297820,STK,ME006
441270,2026-09-29,KR7441270006,파인엠텍,KOSDAQ,벤처기업부,8810,1,60,0.69,8780,8950,8550,394021,3447410940,373865921000,42292525,KSQ,ME006
101730,2026-09-29,KR7101730000,위메이드맥스,KOSDAQ,중견기업부,4470,2,-120,-2.61,4520,4530,4430,135393,604732727,373762655560,83803286,KSQ,ME006
317400,2026-09-29,KR7317400000,자이에스앤디,KOSPI,,9740,1,10,0.1,9760,9800,9170,906196,8573852870,373087842400,38782520,STK,ME006
089590,2026-09-29,KR7089590004,제주항공,KOSPI,,4635,1,125,2.77,4510,4630,4455,228064,1044974857,372964555625,80640985,STK,ME006
126560,2026-09-29,KR7126560002,현대퓨처넷,KOSPI,,3390,1,30,0.89,3360,3440,3340,222707,754244678,371829541200,109201040,STK,ME006
183190,2026-09-29,KR7183190008,아세아시멘트,KOSPI,,10290,2,-190,-1.81,10480,10480,10240,23782,245314325,371295767040,35978272,STK,ME006
200710,2026-09-29,KR7200710002,에이디테크놀로지,KOSDAQ,중견기업부,27900,1,1000,3.72,26350,27700,26350,92042,2506211725,370878292850,13462007,KSQ,ME006
194370,2026-09-29,KR7194370003,제이에스코퍼레이션,KOSPI,,12610,2,-210,-1.64,12850,12850,12470,32433,410148820,369093161760,29016758,STK,ME006
031430,2026-09-29,KR7031430002,신세계인터내셔날,KOSPI,,10500,2,-60,-0.57,10610,10610,10390,46017,485101700,368052720000,34986000,STK,ME006
078020,2026-09-29,KR7078020005,LS증권,KOSDAQ,우량기업부,6570,3,0,0.0,6600,6630,6430,25687,166995420,366730665900,55481190,KSQ,ME006
001940,2026-09-29,KR7001940006,KISCO홀딩스,KOSPI,,25650,2,-1100,-4.11,26750,26750,25500,6795,175157525,366459423000,14176380,STK,ME006
006220,2026-09-29,KR7006220008,제주은행,KOSPI,,9630,2,-70,-0.72,9690,9740,9570,52301,504253140,364378089480,37798557,STK,ME006
950210,2026-09-29,KR8702070002,프레스티지바이오파마,KOSPI,,6040,2,-20,-0.33,6170,6170,5780,29639,177376130,362980776200,60096155,STK,ME006
107640,2026-09-29,KR7107640005,한중엔시에스,KOSDAQ,기술성장기업부,40300,2,-350,-0.86,40650,40700,39550,37174,1483393425,361691345400,9064946,KSQ,ME006
008730,2026-09-29,KR7008730004,율촌화학,KOSPI,,14490,2,-210,-1.43,14780,14810,14310,43127,622741710,361336000000,24800000,STK,ME006
003800,2026-09-29,KR7003800000,에이스침대,KOSDAQ,우량기업부,32750,1,250,0.77,32500,32750,32250,1115,36114700,360425000000,11090000,KSQ,ME006
348210,2026-09-29,KR7348210006,넥스틴,KOSDAQ,우량기업부,34500,1,1000,2.99,33400,34750,32950,50765,1720142200,360408972000,10477005,KSQ,ME006
200470,2026-09-29,KR7200470003,에이팩트,KOSDAQ,중견기업부,8170,1,380,4.88,7780,8250,7700,831869,6666759825,358914923640,43823556,KSQ,ME006
486510,2026-09-29,KR7486510001,글로벌테크놀로지,KOSDAQ,기술성장기업부,15240,1,5240,52.4,21150,29750,16210,47052434,1118304927850,357952743680,19646144,KSQ,ME006
027410,2026-09-29,KR7027410000,BGF,KOSPI,,3725,2,-20,-0.53,3745,3745,3690,40038,148350890,355587878565,95716791,STK,ME006
011930,2026-09-29,KR7011930005,신성이엔지,KOSPI,,17740,1,100,0.57,17640,17660,17040,148771,2571624755,355155123180,20306182,STK,ME006
078160,2026-09-29,KR7078160009,메디포스트,KOSDAQ,벤처기업부,9010,2,-150,-1.64,9210,9210,8850,35995,323217150,354801657150,39204603,KSQ,ME006
036800,2026-09-29,KR7036800001,나이스정보통신,KOSDAQ,우량기업부,7770,1,70,0.91,7660,7790,7600,57174,440386380,354445000000,45500000,KSQ,ME006
052710,2026-09-29,KR7052710001,아모텍,KOSDAQ,중견기업부,19090,1,30,0.16,18680,19690,18600,724675,13787878760,353814352000,18680800,KSQ,ME006
039440,2026-09-29,KR7039440003,에스티아이,KOSDAQ,우량기업부,22800,1,1950,9.35,20700,23200,20700,268158,6064027150,352785319250,15507047,KSQ,ME006
025320,2026-09-29,KR7025320003,시노펙스,KOSDAQ,우량기업부,3805,1,25,0.66,3770,3820,3650,480090,1789598261,352283276460,92220753,KSQ,ME006
060980,2026-09-29,KR7060980000,HL홀딩스,KOSPI,,39150,2,-150,-0.38,39250,39250,38500,10414,404381000,351088802400,8956347,STK,ME006
007690,2026-09-29,KR7007690001,국도화학,KOSPI,,37750,2,-550,-1.44,38000,38200,36700,19570,733813850,350985532800,9260832,STK,ME006
439960,2026-09-29,KR7439960006,코스모로보틱스,KOSDAQ,기술성장기업부,9880,2,-1450,-12.8,11510,11530,10620,681151,7376961960,348519723240,32450626,KSQ,ME006
012030,2026-09-29,KR7012030003,DB,KOSPI,,1741,2,-6,-0.34,1750,1751,1694,546126,936507443,348030904090,201173933,STK,ME006
138080,2026-09-29,KR7138080007,오이솔루션,KOSDAQ,벤처기업부,28100,1,400,1.44,27400,28600,26850,205753,5727055950,347814999800,12377758,KSQ,ME006
456010,2026-09-29,KR7456010008,아이씨티케이,KOSDAQ,기술성장기업부,24350,2,-2100,-7.94,26200,26500,23275,1264591,30926248075,347331282500,14502350,KSQ,ME006
010955,2026-09-29,KR7010951002,S-Oil우,KOSPI,,86900,2,-1700,-1.92,88600,88600,85100,11518,991833700,346690107400,4021927,STK,ME006
003350,2026-09-29,KR7003350006,한국화장품제조,KOSPI,,15280,2,-200,-1.29,15480,15480,14820,383373,5778352715,346244800000,22660000,STK,ME006
093520,2026-09-29,KR7093520005,매커스,KOSDAQ,우량기업부,28900,1,650,2.3,28300,29050,28250,16821,483205100,345153273000,11901837,KSQ,ME006
006910,2026-09-29,KR7006910004,보성파워텍,KOSDAQ,우량기업부,7080,2,-180,-2.48,7250,7250,7000,525127,3714537560,344400066240,49129824,KSQ,ME006
025900,2026-09-29,KR7025900002,동화기업,KOSDAQ,중견기업부,6820,2,-50,-0.73,6850,6990,6690,54783,370374420,344295110850,50557285,KSQ,ME006
02826K,2026-09-29,KR702826K016,삼성물산우B,KOSPI,,233500,1,1000,0.43,231500,234000,227500,1664,383559750,343416060000,1467590,STK,ME006
092790,2026-09-29,KR7092790005,넥스틸,KOSPI,,13140,2,-580,-4.23,13600,13600,13110,185779,2461973125,343226400000,26002000,STK,ME006
105630,2026-09-29,KR7105630008,한세실업,KOSPI,,8560,1,10,0.12,8580,8590,8510,15108,129041620,341600000000,40000000,STK,ME006
104700,2026-09-29,KR7104700000,한국철강,KOSPI,,9440,2,-140,-1.46,9480,9550,9290,14646,136746400,339714000000,36450000,STK,ME006
393890,2026-09-29,KR7393890009,더블유씨피,KOSDAQ,기술성장기업부,10030,2,-80,-0.79,10000,10240,9510,187571,1837739885,339446734320,33843144,KSQ,ME006
015860,2026-09-29,KR7015860000,일진홀딩스,KOSPI,,6880,2,-210,-2.96,7090,7090,6810,74673,512589420,339017208210,49347483,STK,ME006
0120G0,2026-09-29,KR70120G0001,삼양바이오팜,KOSPI,,45550,2,-1800,-3.8,47100,47100,44550,34846,1580783950,337588498000,7435870,STK,ME006
170900,2026-09-29,KR7170900005,동아에스티,KOSPI,,34600,2,-300,-0.86,34700,34750,34400,2391,82508250,337557470700,9727881,STK,ME006
117730,2026-09-29,KR7117730002,티로보틱스,KOSDAQ,벤처기업부,14960,1,790,5.58,15230,15280,14550,397351,5930364295,337242742850,22558043,KSQ,ME006
005610,2026-09-29,KR7005610001,삼립,KOSPI,,39050,1,150,0.39,39300,39500,38700,1297,50402825,336531351000,8629009,STK,ME006
060280,2026-09-29,KR7060280005,큐렉소,KOSDAQ,중견기업부,8190,1,60,0.74,8210,8210,7880,179006,1436563095,335442092700,41259790,KSQ,ME006
097520,2026-09-29,KR7097520001,엠씨넥스,KOSPI,,19170,1,490,2.62,18630,19200,18500,24653,464433770,334108800000,17401500,STK,ME006
006405,2026-09-29,KR7006401004,삼성SDI우,KOSPI,,208000,2,-6500,-3.03,214500,214500,203000,4046,836971250,333286576000,1617896,STK,ME006
217590,2026-09-29,KR7217590009,티엠씨,KOSPI,,13890,1,20,0.14,13740,13910,13400,390437,5352475330,332741247250,24094225,STK,ME006
386380,2026-09-29,KR7386380000,스카이랩스,KOSDAQ,기술성장기업부,18060,2,-3490,-16.19,20850,21200,17450,1861092,34840256540,332086992900,18761977,KSQ,ME006
036620,2026-09-29,KR7036620003,감성코퍼레이션,KOSDAQ,우량기업부,3680,1,10,0.27,3675,3710,3620,142839,521972710,332043578080,89862944,KSQ,ME006
018000,2026-09-29,KR7018000000,유니슨,KOSDAQ,중견기업부,1143,2,-89,-7.22,1232,1232,1126,2351040,2740888507,331904031549,291912077,KSQ,ME006
017810,2026-09-29,KR7017810003,풀무원,KOSPI,,8740,2,-70,-0.79,8830,8830,8690,11461,99984700,331648715400,38120542,STK,ME006
000157,2026-09-29,KR7000152009,두산2우B,KOSPI,,369500,2,-15500,-4.03,385000,385000,363500,291,107690250,329977541000,893038,STK,ME006
372320,2026-09-29,KR7372320002,큐로셀,KOSDAQ,기술성장기업부,21600,3,0,0.0,21600,22200,20850,15617,330121300,329667840800,15227152,KSQ,ME006
455900,2026-09-29,KR7455900001,엔젤로보틱스,KOSDAQ,기술성장기업부,21300,1,600,2.9,22000,22000,21050,55571,1192696775,329409793400,15392981,KSQ,ME006
110990,2026-09-29,KR7110990009,디아이티,KOSDAQ,우량기업부,17480,1,430,2.52,16820,17420,16770,59716,1026701445,329049000000,18900000,KSQ,ME006
064260,2026-09-29,KR7064260003,다날,KOSDAQ,중견기업부,4385,2,-90,-2.01,4415,4440,4325,605775,2642303324,327923056095,75645457,KSQ,ME006
452430,2026-09-29,KR7452430002,사피엔반도체,KOSDAQ,기술성장기업부,39850,1,1000,2.57,38800,40200,38400,29262,1146918700,326501900550,8255421,KSQ,ME006
121440,2026-09-29,KR7121440002,골프존홀딩스,KOSDAQ,우량기업부,7690,1,20,0.26,7970,7970,7520,12301,93685020,326416553160,42836818,KSQ,ME006
011760,2026-09-29,KR7011760006,현대코퍼레이션,KOSPI,,24550,2,-900,-3.54,25300,25400,24450,19796,487651275,326094011900,13228966,STK,ME006
017890,2026-09-29,KR7017890005,한국알콜,KOSDAQ,우량기업부,15630,2,-100,-0.64,15620,15780,15180,59286,916579735,320852813120,20673506,KSQ,ME006
036200,2026-09-29,KR7036200004,유니셈,KOSDAQ,우량기업부,10440,1,1080,11.54,9250,10500,9250,1072865,10832358515,320134488120,30664223,KSQ,ME006
001230,2026-09-29,KR7001230002,동국홀딩스,KOSPI,,2045,2,-90,-4.22,2110,2120,2005,419316,859511116,318790815750,155507715,STK,ME006
215600,2026-09-29,KR7215600008,신라젠,KOSDAQ,중견기업부,2310,1,5,0.22,2290,2310,2220,510653,1160468843,318673197200,138553564,KSQ,ME006
046970,2026-09-29,KR7046970000,우리로,KOSDAQ,벤처기업부,7360,2,-370,-4.79,7510,7580,7140,1316633,9596437860,318169492740,43824999,KSQ,ME006
096760,2026-09-29,KR7096760004,JW홀딩스,KOSPI,,4330,2,-25,-0.57,4315,4370,4280,36153,155756346,317877250600,73924942,STK,ME006
024720,2026-09-29,KR7024720005,콜마홀딩스,KOSPI,,9360,1,10,0.11,9190,9410,9190,9114,84729820,317583358340,34296259,STK,ME006
061970,2026-09-29,KR7061970000,LB세미콘,KOSDAQ,중견기업부,4630,1,200,4.51,4335,4530,4335,342380,1537954374,316074357060,70083006,KSQ,ME006
145720,2026-09-29,KR7145720009,덴티움,KOSPI,,36750,2,-450,-1.21,37000,37250,36000,12119,441276750,316065605150,8623891,STK,ME006
389470,2026-09-29,KR7389470006,인벤티지랩,KOSDAQ,기술성장기업부,23950,1,50,0.21,25400,25600,23600,125999,3058876850,316058065000,13307708,KSQ,ME006
448900,2026-09-29,KR7448900001,한국피아이엠,KOSDAQ,기술성장기업부,52200,2,-600,-1.14,53800,53800,50500,36085,1861480550,315871764000,6074457,KSQ,ME006
009290,2026-09-29,KR7009290008,광동제약,KOSPI,,6320,2,-230,-3.51,6500,6600,6270,199755,1271516270,315232784640,49799808,STK,ME006
009160,2026-09-29,KR7009160003,SIMPAC,KOSPI,,4805,1,50,1.05,4785,4820,4720,56746,269911770,314434356080,65370968,STK,ME006
002310,2026-09-29,KR7002310001,아세아제지,KOSPI,,7930,2,-390,-4.69,8240,8280,7790,188278,1487360235,314018099600,39449510,STK,ME006
168360,2026-09-29,KR7168360006,펨트론,KOSDAQ,벤처기업부,13950,1,200,1.45,13500,13960,12750,104675,1442994240,311480467870,22392557,KSQ,ME006
381970,2026-09-29,KR7381970003,KG모빌리티플랫폼,KOSPI,,6340,2,-120,-1.86,6390,6500,6210,89766,566193880,310988801760,48820848,STK,ME006
199800,2026-09-29,KR7199800004,툴젠,KOSDAQ,기술성장기업부,34650,2,-1250,-3.48,35800,35800,33450,42503,1447296475,310868081950,8997629,KSQ,ME006
234340,2026-09-29,KR7234340008,헥토파이낸셜,KOSDAQ,우량기업부,22600,1,100,0.44,21900,22500,21850,172343,3809942575,310148563200,13970656,KSQ,ME006
272450,2026-09-29,KR7272450008,진에어,KOSPI,,5930,2,-60,-1.0,6000,6000,5890,42934,253995075,310068000000,52200000,STK,ME006
026890,2026-09-29,KR7026890004,스틱인베스트먼트,KOSPI,,7910,2,-60,-0.75,8010,8020,7860,24282,192828385,309778987630,38770837,STK,ME006
446540,2026-09-29,KR7446540007,메가터치,KOSDAQ,중견기업부,10420,1,360,3.58,10050,10730,9780,681503,7062812415,308238576600,29079111,KSQ,ME006
424870,2026-09-29,KR7424870004,이뮨온시아,KOSDAQ,기술성장기업부,3345,2,-305,-8.36,3505,3505,3310,1366388,4623803612,308025646530,91402269,KSQ,ME006
0035S0,2026-09-29,KR70035S0001,빅웨이브로보틱스,KOSDAQ,기술성장기업부,29150,1,11150,61.94,56000,60000,26500,14171610,629084374800,307085288900,10270411,KSQ,ME006
488900,2026-09-29,KR7488900002,비츠로넥스텍,KOSDAQ,기술성장기업부,10450,2,-310,-2.88,10680,10680,10180,44513,460268490,305411709220,28976443,KSQ,ME006
900290,2026-09-29,HK0000307485,GRT,KOSDAQ,외국기업(소속부없음),3330,2,-20,-0.6,3315,3365,3255,83985,277037971,305153043650,92751685,KSQ,ME006
482630,2026-09-29,KR7482630001,삼양엔씨켐,KOSDAQ,중견기업부,13960,1,260,1.9,13580,13990,13390,159808,2177814160,304247092000,21888280,KSQ,ME006
002020,2026-09-29,KR7002020006,코오롱,KOSPI,,23600,2,-600,-2.48,24150,24150,23300,19745,464423925,303330480000,12907680,STK,ME006
025860,2026-09-29,KR7025860008,남해화학,KOSPI,,6080,2,-70,-1.14,6110,6150,5980,242914,1469776435,303040942300,49678843,STK,ME006
126720,2026-09-29,KR7126720002,수산인더스트리,KOSPI,,21250,2,-300,-1.39,21450,21450,21000,13671,289333100,302863200000,14286000,STK,ME006
206650,2026-09-29,KR7206650004,유바이오로직스,KOSDAQ,우량기업부,8310,2,-110,-1.31,8420,8420,8170,54364,447929790,302471486610,36752307,KSQ,ME006
010820,2026-09-29,KR7010820009,퍼스텍,KOSPI,,6140,2,-70,-1.13,6220,6410,6090,444443,2765482705,300922857460,48771938,STK,ME006
042520,2026-09-29,KR7042520007,한스바이오메드,KOSDAQ,벤처기업부,20650,1,2640,14.66,18010,21400,17920,251131,5002551740,300201775350,14261367,KSQ,ME006
484590,2026-09-29,KR7484590005,삼양컴텍,KOSDAQ,벤처기업부,7240,2,-30,-0.41,7150,7570,7060,360385,2627009560,300012076000,41210450,KSQ,ME006
020120,2026-09-29,KR7020120002,키다리스튜디오,KOSPI,,8010,2,-380,-4.53,8390,8970,7850,363623,2989017095,296880765660,37063766,STK,ME006
123890,2026-09-29,KR7123890006,한국자산신탁,KOSPI,,2440,2,-40,-1.61,2465,2470,2415,99414,241894370,296756770550,122373926,STK,ME006
018250,2026-09-29,KR7018250001,애경산업,KOSPI,,11200,2,-30,-0.27,11140,11240,11090,8864,99016425,295527172650,26409935,STK,ME006
002710,2026-09-29,KR7002710002,TCC스틸,KOSPI,,11230,2,-430,-3.69,11480,11480,11170,64924,730452835,294641954280,26213697,STK,ME006
108670,2026-09-29,KR7108670001,LX하우시스,KOSPI,,32750,2,-600,-1.8,33450,33450,32650,7490,245841800,294139576000,8967670,STK,ME006
425040,2026-09-29,KR7425040003,티이엠씨,KOSDAQ,우량기업부,13710,1,510,3.86,13090,13420,12880,901077,11959606840,292889917280,21922898,KSQ,ME006
160980,2026-09-29,KR7160980009,싸이맥스,KOSDAQ,우량기업부,26800,1,600,2.29,26000,26800,25550,65983,1732460050,292769712400,10924243,KSQ,ME006
200880,2026-09-29,KR7200880003,서연이화,KOSPI,,10800,2,-140,-1.28,10940,10950,10760,30518,330238790,291907119600,27028437,STK,ME006
071200,2026-09-29,KR7071200000,인피니트헬스케어,KOSDAQ,중견기업부,11950,2,-190,-1.57,12050,12250,11820,54667,652446030,291537673100,24396458,KSQ,ME006
035810,2026-09-29,KR7035810001,이지홀딩스,KOSDAQ,우량기업부,4505,2,-80,-1.74,4565,4590,4465,163977,738245215,291290575275,64516185,KSQ,ME006
244920,2026-09-29,KR7244920005,에이플러스에셋,KOSPI,,13290,1,400,3.1,13010,13350,12400,9323,118431305,289604547330,22607693,STK,ME006
054950,2026-09-29,KR7054950001,제이브이엠,KOSDAQ,우량기업부,23800,1,600,2.59,23300,23950,23100,13379,316930800,289552913400,12089892,KSQ,ME006
001750,2026-09-29,KR7001750009,한양증권,KOSPI,,19290,1,70,0.36,19160,19380,19120,3332,63909380,289497751760,15109486,STK,ME006
025770,2026-09-29,KR7025770009,한국정보통신,KOSDAQ,우량기업부,7810,2,-50,-0.64,7780,7840,7560,29956,230230700,289069772120,37444271,KSQ,ME006
003120,2026-09-29,KR7003120003,일성아이에스,KOSPI,,21600,2,-100,-0.46,21550,23000,21550,3661,81350150,288610000000,13300000,STK,ME006
265520,2026-09-29,KR7265520007,AP시스템,KOSDAQ,우량기업부,19180,1,70,0.37,19130,19260,18860,34119,649534650,288373730360,15050821,KSQ,ME006
352480,2026-09-29,KR7352480008,씨앤씨인터내셔널,KOSDAQ,우량기업부,21150,2,-700,-3.2,22300,22300,21000,12937,275918325,288272406150,13629901,KSQ,ME006
049070,2026-09-29,KR7049070006,인탑스,KOSDAQ,우량기업부,18260,1,90,0.5,18130,18290,17900,40178,725867715,287769244000,15742300,KSQ,ME006
034830,2026-09-29,KR7034830000,한국토지신탁,KOSPI,,1138,3,0,0.0,1131,1138,1123,182405,205750722,286827765280,252489230,STK,ME006
005720,2026-09-29,KR7005720008,넥센,KOSPI,,5430,2,-60,-1.09,5570,5570,5370,12383,66869730,284262915570,52543977,STK,ME006
000430,2026-09-29,KR7000430009,대원강업,KOSPI,,4650,2,-115,-2.41,4750,4795,4550,85844,400672490,283960000000,62000000,STK,ME006
092460,2026-09-29,KR7092460005,한라IMS,KOSDAQ,우량기업부,16690,1,40,0.24,16480,16880,16360,6844,112706335,283849591200,17109680,KSQ,ME006
084690,2026-09-29,KR7084690007,대상홀딩스,KOSPI,,7800,2,-10,-0.13,7880,7880,7710,11369,88209600,282457796400,36212538,STK,ME006
136480,2026-09-29,KR7136480001,하림,KOSDAQ,우량기업부,2660,2,-5,-0.19,2665,2675,2650,118254,314650473,281986758810,106209702,KSQ,ME006
033270,2026-09-29,KR7033270000,유나이티드제약,KOSPI,,17660,1,30,0.17,17750,17750,17430,20276,356097585,281461609750,15910775,STK,ME006
200670,2026-09-29,KR7200670008,휴메딕스,KOSDAQ,우량기업부,24950,1,300,1.22,24800,25050,24150,15821,390301600,281309746500,11229930,KSQ,ME006
044450,2026-09-29,KR7044450005,KSS해운,KOSPI,,12370,2,-60,-0.48,12410,12570,12180,180672,2245987440,280638635750,22577525,STK,ME006
101930,2026-09-29,KR7101930006,인화정공,KOSDAQ,우량기업부,6130,2,-200,-3.16,6260,6390,6050,21398,131336810,280108333230,45694671,KSQ,ME006
001390,2026-09-29,KR7001390004,KG케미칼,KOSPI,,4205,2,-65,-1.52,4280,4310,4150,160983,676676995,279559307560,66403636,STK,ME006
122900,2026-09-29,KR7122900004,아이마켓코리아,KOSPI,,8320,2,-10,-0.12,8280,8350,8180,80375,665681935,278462237200,33428840,STK,ME006
084110,2026-09-29,KR7084110006,휴온스글로벌,KOSDAQ,우량기업부,21900,1,100,0.46,21850,22000,21500,23594,512490650,277882873400,12659812,KSQ,ME006
086390,2026-09-29,KR7086390002,유니테스트,KOSDAQ,중견기업부,13230,1,270,2.08,12690,13300,12690,165247,2160523590,277491074380,21134126,KSQ,ME006
448280,2026-09-29,KR7448280008,에코아이,KOSDAQ,중견기업부,9400,2,-30,-0.32,9580,9640,9280,2917,27477080,277347367440,29631129,KSQ,ME006
472850,2026-09-29,KR7472850007,폰드그룹,KOSDAQ,중견기업부,4835,2,-130,-2.62,4975,4975,4770,31227,150632440,276919646120,57571652,KSQ,ME006
005430,2026-09-29,KR7005430004,한국공항,KOSPI,,87200,2,-200,-0.23,87900,89200,86100,2500,219664650,276739427000,3166355,STK,ME006
389500,2026-09-29,KR7389500000,에스비비테크,KOSDAQ,기술성장기업부,41750,2,-300,-0.71,42300,42300,40500,47126,1954261625,276200914400,6663472,KSQ,ME006
005950,2026-09-29,KR7005950001,이수화학,KOSPI,,10660,2,-260,-2.38,10880,10980,10340,317660,3331182035,275825832810,26294169,STK,ME006
016800,2026-09-29,KR7016800005,퍼시스,KOSPI,,24000,2,-550,-2.24,24550,24900,23650,817,19707850,275425000000,11500000,STK,ME006
203650,2026-09-29,KR7203650007,드림시큐리티,KOSDAQ,중견기업부,2735,2,-120,-4.2,2905,2905,2665,3037822,8301847309,275110629220,101704484,KSQ,ME006
042370,2026-09-29,KR7042370007,비츠로테크,KOSDAQ,우량기업부,10510,2,-640,-5.74,10960,10970,10270,762154,7979795585,273266260750,26200025,KSQ,ME006
035600,2026-09-29,KR7035600006,KG이니시스,KOSDAQ,우량기업부,9920,2,-60,-0.6,9960,9970,9850,27771,274456000,273064440940,27554434,KSQ,ME006
004310,2026-09-29,KR7004310009,현대약품,KOSPI,,8560,2,-270,-3.06,8810,9170,8440,2765163,24242755995,272960000000,32000000,STK,ME006
084010,2026-09-29,KR7084010008,대한제강,KOSPI,,8020,2,-80,-0.99,8000,8030,7860,13869,109927780,272910472240,34371596,STK,ME006
228760,2026-09-29,KR7228760005,지노믹트리,KOSDAQ,기술성장기업부,10900,2,-430,-3.8,11160,11280,10770,57365,624367160,272208261900,24859202,KSQ,ME006
068930,2026-09-29,KR7068930007,디지털대성,KOSDAQ,우량기업부,9830,1,160,1.65,9750,9960,9690,230005,2265968080,272048611860,27675342,KSQ,ME006
099440,2026-09-29,KR7099440000,스맥,KOSDAQ,중견기업부,3965,2,-135,-3.29,4100,4105,3950,193089,773122922,271608708120,68243394,KSQ,ME006
078520,2026-09-29,KR7078520004,에이블씨엔씨,KOSPI,,10890,1,140,1.3,10870,11030,10770,39424,429521810,271602074880,24963426,STK,ME006
010580,2026-09-29,KR7010580009,에스엠벡셀,KOSPI,,2455,2,-205,-7.71,2650,2690,2405,1655436,4180658773,271454294400,111251760,STK,ME006
091580,2026-09-29,KR7091580001,상신이디피,KOSDAQ,우량기업부,20600,2,-700,-3.29,21250,21250,20050,258099,5237447450,271229256650,13328219,KSQ,ME006
004430,2026-09-29,KR7004430005,송원산업,KOSPI,,11300,2,-210,-1.82,11500,11500,11170,84438,952867080,270000000000,24000000,STK,ME006
017390,2026-09-29,KR7017390006,서울가스,KOSPI,,54200,2,-300,-0.55,54500,54500,53900,3495,189107550,268785000000,4950000,STK,ME006
105840,2026-09-29,KR7105840003,우진,KOSPI,,13380,2,-190,-1.4,13570,13580,13150,154818,2052997430,268629011000,20197670,STK,ME006
309710,2026-09-29,KR7309710002,아이티켐,KOSDAQ,관리종목(소속부없음),21000,3,0,0.0,0,0,0,0,0,268443021000,12783001,KSQ,ME006
002900,2026-09-29,KR7002900009,TYM,KOSPI,,6460,2,-220,-3.29,6690,6690,6390,164618,1061469835,267444000000,41400000,STK,ME006
058430,2026-09-29,KR7058430000,포스코스틸리온,KOSPI,,4475,2,-150,-3.24,4620,4620,4435,141214,632768635,267300000000,60000000,STK,ME006
091810,2026-09-29,KR7091810002,트리니티항공,KOSPI,,2625,2,-30,-1.13,2655,2670,2590,38000,99541342,265986367055,102106091,STK,ME006
182400,2026-09-29,KR7182400002,엔케이젠바이오텍코리아,KOSDAQ,관리종목(소속부없음),3670,3,0,0.0,0,0,0,0,0,265496721770,72342431,KSQ,ME006
294570,2026-09-29,KR7294570007,쿠콘,KOSDAQ,우량기업부,26700,2,-100,-0.37,26150,26400,25550,46389,1212055850,265412551600,10091732,KSQ,ME006
094360,2026-09-29,KR7094360005,칩스앤미디어,KOSDAQ,벤처기업부,12480,2,-90,-0.72,12200,12440,11930,184548,2257214570,265018950340,21355274,KSQ,ME006
012210,2026-09-29,KR7012210001,삼미금속,KOSDAQ,중견기업부,11530,2,-890,-7.17,12150,12200,11300,959775,11178220310,264632126920,23051579,KSQ,ME006
484120,2026-09-29,KR7484120001,도우인시스,KOSDAQ,중견기업부,24200,1,450,1.89,23050,24650,22500,89434,2118097425,264621741300,10957422,KSQ,ME006
037710,2026-09-29,KR7037710001,광주신세계,KOSPI,,34350,2,-450,-1.29,34600,34700,34100,13857,475685125,261611999600,7627172,STK,ME006
024840,2026-09-29,KR7024840001,KBI메탈,KOSDAQ,중견기업부,6090,1,80,1.33,5870,6060,5810,1292679,7685557525,261232865670,43466367,KSQ,ME006
091700,2026-09-29,KR7091700005,파트론,KOSDAQ,우량기업부,5230,2,-30,-0.57,5230,5230,5130,83743,432360050,261000000000,50000000,KSQ,ME006
394280,2026-09-29,KR7394280002,오픈엣지테크놀로지,KOSDAQ,기술성장기업부,10000,1,160,1.63,9610,9950,9310,100018,975845495,260303716400,26346530,KSQ,ME006
060720,2026-09-29,KR7060720000,KH바텍,KOSDAQ,중견기업부,11000,1,20,0.18,10890,11050,10800,51064,558777710,260215087580,23677442,KSQ,ME006
043150,2026-09-29,KR7043150002,바텍,KOSDAQ,우량기업부,17430,2,-230,-1.3,17660,17670,17300,12289,213374310,259503852320,14854256,KSQ,ME006
286940,2026-09-29,KR7286940002,롯데이노베이트,KOSPI,,17270,2,-80,-0.46,17390,17390,17010,6262,107057260,259166056710,15129367,STK,ME006
378340,2026-09-29,KR7378340004,필에너지,KOSDAQ,중견기업부,11970,1,20,0.17,11840,12240,11660,18913,223962945,258860828720,21643882,KSQ,ME006
304360,2026-09-29,KR7304360001,에스바이오메딕스,KOSDAQ,벤처기업부,20350,1,200,0.99,21000,21000,20000,31693,645714050,257111236800,12481128,KSQ,ME006
493280,2026-09-29,KR7493280002,아이엠바이오로직스,KOSDAQ,기술성장기업부,17190,2,-480,-2.72,17670,17670,16750,97659,1674685880,256389746470,14845961,KSQ,ME006
098070,2026-09-29,KR7098070006,한텍,KOSDAQ,중견기업부,23050,2,-700,-2.95,23600,23600,22700,58508,1342266275,256342300050,11121141,KSQ,ME006
121800,2026-09-29,KR7121800007,비덴트,KOSDAQ,관리종목(소속부없음),3320,3,0,0.0,0,0,0,0,0,256309348520,77201611,KSQ,ME006
010690,2026-09-29,KR7010690006,화신,KOSPI,,7340,2,-110,-1.48,7410,7450,7300,94843,695627700,255966605300,34920410,STK,ME006
051500,2026-09-29,KR7051500007,CJ프레시웨이,KOSDAQ,우량기업부,21900,3,0,0.0,22050,22050,21300,7319,157226475,255832678300,11871586,KSQ,ME006
004360,2026-09-29,KR7004360004,세방,KOSPI,,13290,2,-60,-0.45,13400,13400,13180,12738,168714350,255766768140,19115603,STK,ME006
334890,2026-09-29,KR7334890001,이지스밸류플러스리츠,KOSPI,,3670,1,5,0.14,3685,3720,3610,29814,108593460,254876666610,69448683,STK,ME006
036890,2026-09-29,KR7036890002,진성티이씨,KOSDAQ,우량기업부,11510,2,-310,-2.62,11820,11820,11410,101874,1175091670,254476795650,22032623,KSQ,ME006
032580,2026-09-29,KR7032580003,피델릭스,KOSDAQ,중견기업부,7720,1,710,10.13,7010,7830,6970,2100212,15811627340,254122930880,33132064,KSQ,ME006
005680,2026-09-29,KR7005680004,삼영전자,KOSPI,,12700,2,-70,-0.55,12620,12770,12560,10288,129975580,254000000000,20000000,STK,ME006
151860,2026-09-29,KR7151860004,KG에코솔루션,KOSDAQ,우량기업부,5320,2,-120,-2.21,5470,5470,5280,55084,294269070,253724000660,47603002,KSQ,ME006
389650,2026-09-29,KR7389650003,넥스트바이오메디컬,KOSDAQ,기술성장기업부,30550,2,-800,-2.55,31800,31800,30300,13838,426369800,253698815900,8277286,KSQ,ME006
377460,2026-09-29,KR7377460001,큐에이드,KOSDAQ,관리종목(소속부없음),4080,3,0,0.0,0,0,0,0,0,253187202960,62055687,KSQ,ME006
267980,2026-09-29,KR7267980001,매일유업,KOSDAQ,우량기업부,33400,3,0,0.0,33450,33500,32800,2490,82184950,252900054000,7663638,KSQ,ME006
354320,2026-09-29,KR7354320004,알멕,KOSDAQ,기술성장기업부,39050,1,50,0.13,39200,40200,37600,96986,3784563150,251820411400,6391381,KSQ,ME006
067390,2026-09-29,KR7067390005,아스트,KOSDAQ,중견기업부,5970,2,-160,-2.61,6120,6190,5940,48422,289718260,251009911720,42115757,KSQ,ME006
216080,2026-09-29,KR7216080002,제테마,KOSDAQ,벤처기업부,6770,2,-260,-3.7,7030,7030,6700,112341,759825220,250942176270,37287099,KSQ,ME006
0011T0,2026-09-29,KR70011T0008,채비,KOSDAQ,기술성장기업부,5360,2,-100,-1.83,5500,5500,5195,102179,540611560,250241320030,46949591,KSQ,ME006
287840,2026-09-29,KR7287840003,인투셀,KOSDAQ,기술성장기업부,16710,2,-390,-2.28,17100,17400,15900,31088,514737705,249965414400,15021960,KSQ,ME006
089980,2026-09-29,KR7089980007,상아프론테크,KOSDAQ,우량기업부,15600,2,-380,-2.38,16190,16190,15450,22326,348560030,249748757940,15989037,KSQ,ME006
377450,2026-09-29,KR7377450002,리파인,KOSDAQ,우량기업부,14370,2,-630,-4.2,14990,15000,14340,19983,289760860,249725300000,17330000,KSQ,ME006
317330,2026-09-29,KR7317330009,덕산테코피아,KOSDAQ,중견기업부,12460,2,-710,-5.39,13110,13110,12090,104460,1299377920,249609558960,20476584,KSQ,ME006
003200,2026-09-29,KR7003200003,일신방직,KOSPI,,10820,2,-290,-2.61,11110,11130,10450,33170,359620770,249575200000,22960000,STK,ME006
005500,2026-09-29,KR7005500004,삼진제약,KOSPI,,18740,1,50,0.27,18860,18860,18580,22999,430512640,249483600000,13320000,STK,ME006
254490,2026-09-29,KR7254490006,미래반도체,KOSDAQ,우량기업부,17390,1,790,4.76,16600,17240,16500,90091,1531360490,248911120000,14438000,KSQ,ME006
023410,2026-09-29,KR7023410004,유진기업,KOSDAQ,중견기업부,3205,2,-40,-1.23,3245,3250,3185,130336,417105333,248554424545,77310863,KSQ,ME006
432320,2026-09-29,KR7432320000,KB스타리츠,KOSPI,,1648,2,-2,-0.12,1653,1653,1607,315844,512810783,248007248825,150764285,STK,ME006
003960,2026-09-29,KR7003960002,사조대림,KOSPI,,26850,2,-100,-0.37,26900,27200,26850,894,24149500,247898832350,9164467,STK,ME006
044820,2026-09-29,KR7044820009,코스맥스비티아이,KOSPI,,25900,1,550,2.17,25350,26000,25000,12112,312303850,247781161800,9603921,STK,ME006
461300,2026-09-29,KR7461300006,아이스크림미디어,KOSDAQ,벤처기업부,18830,2,-130,-0.69,18970,18980,18470,17568,326763660,246944439160,13333933,KSQ,ME006
036710,2026-09-29,KR7036710002,심텍홀딩스,KOSDAQ,중견기업부,4670,2,-20,-0.43,4590,4740,4495,285518,1315577726,246177333640,52827754,KSQ,ME006
298690,2026-09-29,KR7298690009,에어부산,KOSPI,,1513,2,-2,-0.13,1515,1515,1500,42870,64476724,245838541848,162914872,STK,ME006
001790,2026-09-29,KR7001790005,대한제당,KOSPI,,2850,3,0,0.0,2845,2865,2825,42053,119817147,245789457750,86241915,STK,ME006
073490,2026-09-29,KR7073490005,LIG아큐버,KOSDAQ,우량기업부,32250,3,0,0.0,31800,32500,31200,31165,990833900,244843841200,7603846,KSQ,ME006
439090,2026-09-29,KR7439090002,마녀공장,KOSDAQ,우량기업부,14940,2,-350,-2.29,15240,15300,14840,81286,1220973810,244423506600,16393260,KSQ,ME006
404990,2026-09-29,KR7404990004,신한서부티엔디리츠,KOSPI,,3955,1,45,1.15,3950,3950,3835,34783,134862975,243430047000,61627860,STK,ME006
100120,2026-09-29,KR7100120005,뷰웍스,KOSDAQ,우량기업부,27050,1,1200,4.64,25850,27200,25450,22406,592874350,241779526450,8971411,KSQ,ME006
036030,2026-09-29,KR7036030005,케이티알파,KOSDAQ,우량기업부,4930,1,15,0.31,4875,4940,4805,10405,51042770,241664365130,49019141,KSQ,ME006
115450,2026-09-29,KR7115450009,HLB테라퓨틱스,KOSDAQ,중견기업부,2545,2,-35,-1.36,2875,2965,2410,3557895,9687962466,241442399700,94683294,KSQ,ME006
007160,2026-09-29,KR7007160005,사조산업,KOSPI,,48400,2,-550,-1.12,49100,49150,47500,2137,102625350,241250000000,5000000,STK,ME006
136490,2026-09-29,KR7136490000,선진,KOSPI,,10070,2,-270,-2.61,10400,10400,10000,69377,699708515,240411796440,23779604,STK,ME006
272110,2026-09-29,KR7272110008,케이엔제이,KOSDAQ,우량기업부,29850,1,650,2.23,29150,29950,28550,52224,1528359250,239959310500,8025395,KSQ,ME006
030210,2026-09-29,KR7030210009,다올투자증권,KOSPI,,3915,2,-50,-1.26,3970,3970,3860,60160,233560769,239685202110,60911106,STK,ME006
003920,2026-09-29,KR7003920006,남양유업,KOSPI,,42200,1,100,0.24,42400,42950,41850,2675,112691875,239419463400,5673447,STK,ME006
025000,2026-09-29,KR7025000001,KPX케미칼,KOSPI,,57700,3,0,0.0,57800,57800,56700,4183,238362900,239266609500,4146735,STK,ME006
452280,2026-09-29,KR7452280001,한선엔지니어링,KOSDAQ,우량기업부,12540,2,-540,-4.13,12910,12910,12180,468304,5820746030,239248538100,19247670,KSQ,ME006
043370,2026-09-29,KR7043370006,피에이치에이,KOSDAQ,우량기업부,11310,1,10,0.09,11295,11400,11250,10101,114303565,239190000000,21000000,KSQ,ME006
085910,2026-09-29,KR7085910008,네오티스,KOSDAQ,중견기업부,17560,1,1310,8.06,16330,17500,16320,418293,7120853295,238926247760,13794818,KSQ,ME006
064850,2026-09-29,KR7064850001,에프앤가이드,KOSDAQ,벤처기업부,20700,1,250,1.22,20350,21550,19460,75021,1575821310,237334905600,11410332,KSQ,ME006
445090,2026-09-29,KR7445090004,에이직랜드,KOSDAQ,벤처기업부,21950,1,300,1.39,21550,21800,21150,26888,579025250,237086778600,10925658,KSQ,ME006
002320,2026-09-29,KR7002320000,한진,KOSPI,,15150,1,350,2.36,14570,15290,14570,59434,896782710,236814080160,15518616,STK,ME006
108860,2026-09-29,KR7108860008,셀바스AI,KOSDAQ,벤처기업부,8750,2,-180,-2.02,8890,8900,8640,167957,1468352140,235235264600,26914790,KSQ,ME006
314130,2026-09-29,KR7314130006,지놈앤컴퍼니,KOSDAQ,기술성장기업부,4655,1,10,0.22,4665,4665,4380,403569,1814146478,234824418250,52299425,KSQ,ME006
019010,2026-09-29,KR7019010008,베뉴지,KOSDAQ,중견기업부,4780,2,-55,-1.14,4775,4895,4595,386870,1826448560,234734000000,48200000,KSQ,ME006
065680,2026-09-29,KR7065680001,우주일렉트로,KOSDAQ,우량기업부,25450,2,-1150,-4.32,26400,26700,24600,14282,360311800,234245939850,9240471,KSQ,ME006
376270,2026-09-29,KR7376270005,HEM파마,KOSDAQ,기술성장기업부,32750,2,-300,-0.91,33100,33100,32000,4683,151534650,233539405450,7219147,KSQ,ME006
348950,2026-09-29,KR7348950007,제이알글로벌리츠,KOSPI,,1182,3,0,0.0,0,0,0,0,0,233298432000,197376000,STK,ME006
003070,2026-09-29,KR7003070000,코오롱글로벌,KOSPI,,9090,2,-110,-1.2,9200,9260,9080,3736,34090590,232629224850,25423959,STK,ME006
008490,2026-09-29,KR7008490005,서흥,KOSPI,,20150,2,-250,-1.23,20200,20200,19510,21514,425679425,231960715650,11569113,STK,ME006
900140,2026-09-29,KYG5307W1015,엘브이엠씨홀딩스,KOSPI,,1200,2,-8,-0.66,1208,1220,1180,362486,431951048,231695277968,193240432,STK,ME006
064820,2026-09-29,KR7064820004,케이프,KOSDAQ,우량기업부,7510,2,-120,-1.57,7660,7660,7440,40316,303183260,231451612500,30860215,KSQ,ME006
011560,2026-09-29,KR7011560000,세보엠이씨,KOSDAQ,우량기업부,23100,2,-250,-1.07,23350,23350,22600,47749,1092721275,231447812400,10084872,KSQ,ME006
065710,2026-09-29,KR7065710006,서호전기,KOSDAQ,우량기업부,45000,2,-250,-0.55,44750,45100,44500,5395,241098050,230720000000,5150000,KSQ,ME006
226320,2026-09-29,KR7226320000,잇츠한불,KOSPI,,10420,2,-140,-1.33,10560,10600,10370,13039,136026425,230477100650,21929315,STK,ME006
389260,2026-09-29,KR7389260001,대명에너지,KOSDAQ,우량기업부,12830,2,-460,-3.46,13290,13310,12700,77293,995787320,230045613000,17916325,KSQ,ME006
000680,2026-09-29,KR7000680009,LS네트웍스,KOSPI,,2930,2,-40,-1.35,2945,2970,2905,27319,79883264,229316776560,78803016,STK,ME006
053690,2026-09-29,KR7053690004,한미글로벌,KOSPI,,20900,2,-800,-3.69,21250,21600,20450,100032,2077077900,228464917500,10957550,STK,ME006
0010S0,2026-09-29,KR70010S0000,와이즈플래닛컴퍼니,KOSDAQ,중견기업부,22750,2,-9700,-29.89,29400,29450,22750,3923052,95731124050,227955682500,10020030,KSQ,ME006
001470,2026-09-29,KR7001470004,삼부토건,KOSPI,,5820,3,0,0.0,0,0,0,0,0,227794235460,39139903,STK,ME006
215000,2026-09-29,KR7215000001,골프존,KOSDAQ,우량기업부,36150,2,-200,-0.55,36500,36500,35650,9634,345930225,226856252250,6275415,KSQ,ME006
243070,2026-09-29,KR7243070000,휴온스,KOSDAQ,우량기업부,18850,2,-290,-1.52,19140,19150,18840,15049,284776530,226775058450,11979665,KSQ,ME006
144510,2026-09-29,KR7144510005,지씨셀,KOSDAQ,중견기업부,14200,2,-200,-1.39,14500,14500,13950,23345,329224480,226418929520,15800344,KSQ,ME006
416180,2026-09-29,KR7416180008,신성에스티,KOSDAQ,벤처기업부,24950,2,-450,-1.77,25550,25550,24450,27130,674729800,224638483300,9039778,KSQ,ME006
180400,2026-09-29,KR7180400004,DXVX,KOSDAQ,관리종목(소속부없음),2280,2,-50,-2.15,2395,2395,2255,16013,36370090,224419104960,98429432,KSQ,ME006
256840,2026-09-29,KR7256840000,한국비엔씨,KOSDAQ,우량기업부,3305,2,-120,-3.5,3605,3680,3190,24775314,85829120552,224335226080,68394886,KSQ,ME006
001340,2026-09-29,KR7001340009,PKC,KOSPI,,4980,2,-60,-1.19,5080,5080,4900,67534,333581261,224239883220,45028089,STK,ME006
023760,2026-09-29,KR7023760002,한국캐피탈,KOSDAQ,우량기업부,1444,1,18,1.26,1431,1431,1410,33250,47138637,224082798960,157804788,KSQ,ME006
0030R0,2026-09-29,KR70030R0007,대신밸류리츠,KOSPI,,3745,2,-60,-1.58,3805,3805,3695,19029,70686095,223876100000,59780000,STK,ME006
017860,2026-09-29,KR7017860008,DS단석,KOSPI,,12660,1,20,0.16,12760,12760,12400,69930,878184665,223671542780,17653634,STK,ME006
000540,2026-09-29,KR7000540005,흥국화재,KOSPI,,3480,2,-20,-0.57,3500,3500,3440,10468,36323460,223564404600,64242645,STK,ME006
001460,2026-09-29,KR7001460005,BYC,KOSPI,,35750,1,300,0.85,34600,35750,34600,703,24689650,223299862500,6246150,STK,ME006
134380,2026-09-29,KR7134380005,미원화학,KOSPI,,10150,1,110,1.1,10130,10150,10050,2445,24641350,223225702000,21992680,STK,ME006
094480,2026-09-29,KR7094480001,갤럭시아머니트리,KOSDAQ,우량기업부,5750,1,10,0.17,5650,5700,5560,163757,922031730,223217778220,39229838,KSQ,ME006
001250,2026-09-29,KR7001250000,GS글로벌,KOSPI,,2670,1,15,0.56,2655,2720,2635,661069,1765979837,221603156340,82533764,STK,ME006
028100,2026-09-29,KR7028100006,동아지질,KOSPI,,19860,1,260,1.33,19410,19790,19310,39650,776945330,221187926070,11222117,STK,ME006
009680,2026-09-29,KR7009680000,모토닉,KOSPI,,10100,2,-40,-0.39,10140,10180,10050,10654,107623650,220373573160,21733094,STK,ME006
190510,2026-09-29,KR7190510008,나무가,KOSDAQ,우량기업부,15640,1,10,0.06,15950,15950,15340,52933,828041345,220294357880,14085317,KSQ,ME006
298830,2026-09-29,KR7298830001,슈어소프트테크,KOSDAQ,우량기업부,4140,2,-5,-0.12,4090,4160,4040,137425,563229856,219179845900,53458499,KSQ,ME006
462350,2026-09-29,KR7462350000,이노스페이스,KOSDAQ,기술성장기업부,6500,2,-340,-4.97,6690,6760,6350,208677,1358980360,218536139400,33881572,KSQ,ME006
365270,2026-09-29,KR7365270008,큐라클,KOSDAQ,기술성장기업부,9850,1,180,1.86,9690,9920,9500,67687,656655600,218024801280,22156992,KSQ,ME006
112290,2026-09-29,KR7112290002,와이씨켐,KOSDAQ,기술성장기업부,10910,1,420,4.0,10490,10920,10390,172621,1851741610,217983350200,20221090,KSQ,ME006
000490,2026-09-29,KR7000490003,대동,KOSPI,,7570,2,-120,-1.56,7620,7670,7450,66046,497370990,217931099400,28826865,STK,ME006
237880,2026-09-29,KR7237880000,클리오,KOSDAQ,우량기업부,12040,2,-70,-0.58,12140,12250,12010,36625,441925050,217217663060,18071353,KSQ,ME006
000050,2026-09-29,KR7000050005,경방,KOSPI,,7890,2,-100,-1.25,7980,7980,7800,15800,124198830,217128938400,27415270,STK,ME006
064550,2026-09-29,KR7064550007,바이오니아,KOSDAQ,중견기업부,8360,2,-370,-4.24,8540,8560,8300,149075,1251995940,217064547310,25810291,KSQ,ME006
034120,2026-09-29,KR7034120006,SBS,KOSPI,,11700,2,-50,-0.43,11700,11760,11610,1842,21541620,217049484600,18551238,STK,ME006
475400,2026-09-29,KR7475400008,씨메스로보틱스,KOSDAQ,기술성장기업부,18290,2,-20,-0.11,18680,18680,18200,34815,639019365,216656504900,11806894,KSQ,ME006
241520,2026-09-29,KR7241520006,DSC인베스트먼트,KOSDAQ,중견기업부,8190,2,-30,-0.36,8180,8280,8000,81113,656618505,216258000000,26600000,KSQ,ME006
018310,2026-09-29,KR7018310003,삼목에스폼,KOSDAQ,우량기업부,14700,1,230,1.59,14420,14700,14420,9650,140717780,216090000000,14700000,KSQ,ME006
003650,2026-09-29,KR7003650009,미창석유,KOSPI,,124200,2,-900,-0.72,125100,127400,122900,2471,305683150,216067262400,1739672,STK,ME006
077500,2026-09-29,KR7077500007,유니퀘스트,KOSPI,,10010,1,240,2.46,9730,10150,9400,374095,3667077190,216001020000,21600102,STK,ME006
005010,2026-09-29,KR7005010004,휴스틸,KOSPI,,3855,2,-105,-2.65,3945,3945,3800,186965,717292210,215762208000,56188075,STK,ME006
003720,2026-09-29,KR7003720000,삼영,KOSPI,,6310,2,-100,-1.56,6310,6400,6140,124831,776802865,215220000000,34000000,STK,ME006
067080,2026-09-29,KR7067080002,대화제약,KOSDAQ,중견기업부,11490,2,-100,-0.86,11550,11560,11290,30045,342918640,215208474000,18616650,KSQ,ME006
0008Z0,2026-09-29,KR70008Z0005,에스엔시스,KOSDAQ,벤처기업부,22900,2,-400,-1.72,23150,23300,22750,6020,138139600,215153659200,9436564,KSQ,ME006
005710,2026-09-29,KR7005710009,대원산업,KOSDAQ,우량기업부,10530,2,-310,-2.86,10760,10760,10400,6949,73552110,213801192000,20037600,KSQ,ME006
035510,2026-09-29,KR7035510007,신세계 I&C,KOSPI,,15280,2,-540,-3.41,15510,15660,15200,83312,1274758515,213348534000,13980900,STK,ME006
475560,2026-09-29,KR7475560009,더본코리아,KOSPI,,14420,2,-190,-1.3,14600,14770,14200,19381,277921270,212633089800,14827970,STK,ME006
481070,2026-09-29,KR7481070001,에이유브랜즈,KOSDAQ,중견기업부,15090,2,-210,-1.37,15150,15340,14580,6664,98298010,212517607500,14330250,KSQ,ME006
114190,2026-09-29,KR7114190002,강원에너지,KOSDAQ,중견기업부,8110,2,-250,-2.99,8360,8360,7700,48207,391009055,212380298940,26123038,KSQ,ME006
243840,2026-09-29,KR7243840006,신흥에스이씨,KOSDAQ,우량기업부,5440,2,-120,-2.16,5510,5520,5290,96934,519603400,211299127800,38558235,KSQ,ME006
03473K,2026-09-29,KR703473K016,SK우,KOSPI,,373000,1,2000,0.54,372500,373000,370000,364,135164500,211168355000,566135,STK,ME006
394800,2026-09-29,KR7394800007,쓰리빌리언,KOSDAQ,기술성장기업부,6620,2,-660,-9.07,6800,6930,6430,1806732,11987984510,210983526390,31822553,KSQ,ME006
033920,2026-09-29,KR7033920000,무학,KOSPI,,7450,2,-160,-2.1,7440,7490,7330,24780,183044230,210900000000,28500000,STK,ME006
450950,2026-09-29,KR7450950001,아스테라시스,KOSDAQ,벤처기업부,5540,2,-190,-3.32,5610,5630,5460,19902,109885385,210714515200,37627592,KSQ,ME006
307180,2026-09-29,KR7307180000,아이엘,KOSDAQ,벤처기업부,5700,2,-70,-1.21,5770,5860,5630,121469,690550530,210419353200,36915676,KSQ,ME006
011500,2026-09-29,KR7011500006,한농화성,KOSPI,,13870,1,480,3.58,13380,13430,12960,52938,710883420,209849103640,15637042,STK,ME006
025560,2026-09-29,KR7025560004,미래산업,KOSPI,,7660,1,480,6.69,7060,7550,6990,839434,6183421075,209729018900,27778678,STK,ME006
092200,2026-09-29,KR7092200005,디아이씨,KOSPI,,5430,2,-130,-2.34,5590,5600,5300,170913,925733520,209609386910,38888569,STK,ME006
125020,2026-09-29,KR7125020008,티씨머티리얼즈,KOSDAQ,중견기업부,6030,2,-30,-0.5,6020,6070,5890,316438,1885347955,209530529000,35038550,KSQ,ME006
0001A0,2026-09-29,KR70001A0001,덕양에너젠,KOSDAQ,중견기업부,8270,2,-190,-2.25,8450,8490,8160,52402,432404080,208845488400,25468962,KSQ,ME006
000320,2026-09-29,KR7000320002,노루홀딩스,KOSPI,,15520,2,-170,-1.08,15860,15860,15420,4611,71647680,208671070700,13291151,STK,ME006
088260,2026-09-29,KR7088260005,이리츠코크렙,KOSPI,,3295,3,0,0.0,3275,3285,3230,60084,195082640,208077123150,63341590,STK,ME006
290690,2026-09-29,KR7290690007,아리바이오홀딩스,KOSDAQ,중견기업부,2980,2,-1010,-25.31,3995,4045,3855,4441243,13913401395,207780031575,53072805,KSQ,ME006
950170,2026-09-29,KR8392080006,JTC,KOSDAQ,외국기업(소속부없음),4250,1,25,0.59,4195,4300,4140,11442,48194310,207285738750,48773115,KSQ,ME006
340450,2026-09-29,KR7340450006,지씨지놈,KOSDAQ,기술성장기업부,8680,1,10,0.12,8680,8880,8510,669784,5823599630,207180946680,23650793,KSQ,ME006
380540,2026-09-29,KR7380540005,옵티코어,KOSDAQ,관리종목(소속부없음),8450,3,0,0.0,0,0,0,0,0,206658126350,24456583,KSQ,ME006
206640,2026-09-29,KR7206640005,바디텍메드,KOSDAQ,우량기업부,9450,2,-90,-0.94,9530,9530,9360,11631,109522060,206591695030,21907921,KSQ,ME006
078150,2026-09-29,KR7078150000,HB테크놀러지,KOSDAQ,우량기업부,2185,1,105,5.05,2070,2275,2035,6313196,13789044003,206454910650,94921798,KSQ,ME006
176750,2026-09-29,KR7176750008,듀켐바이오,KOSDAQ,기술성장기업부,7150,1,700,10.85,7090,7380,6760,471317,3348098695,206258332800,28488720,KSQ,ME006
126730,2026-09-29,KR7126730001,코칩,KOSDAQ,벤처기업부,23550,1,1300,5.84,22050,24250,22050,525192,12319360875,206097961000,8770126,KSQ,ME006
0161M0,2026-09-29,KR70161M0003,네오사피엔스,KOSDAQ,기술성장기업부,17020,2,-4380,-20.47,20450,20900,15840,5157971,92383535975,206081305150,12215845,KSQ,ME006
003555,2026-09-29,KR7003551009,LG우,KOSPI,,68100,2,-600,-0.87,68600,68600,67500,2062,140304500,205363771800,3011199,STK,ME006
099430,2026-09-29,KR7099430001,바이오플러스,KOSDAQ,우량기업부,3335,1,25,0.76,3310,3350,3290,76657,253736345,204647197040,61640722,KSQ,ME006
035150,2026-09-29,KR7035150002,백산,KOSPI,,10290,2,-60,-0.58,10490,10500,10200,23581,244526810,204630667650,19771079,STK,ME006
045390,2026-09-29,KR7045390002,대아티아이,KOSDAQ,우량기업부,2885,2,-180,-5.87,3060,3060,2880,1001026,2924306795,204372793300,70473377,KSQ,ME006
036190,2026-09-29,KR7036190007,금화피에스시,KOSDAQ,우량기업부,34000,1,100,0.29,33400,34200,33400,1128,38304550,204000000000,6000000,KSQ,ME006
000650,2026-09-29,KR7000650002,천일고속,KOSPI,,142600,3,0,0.0,142700,147800,142200,631,90207400,203806772000,1429220,STK,ME006
298000,2026-09-29,KR7298000001,효성화학,KOSPI,,54000,1,1400,2.66,52600,55000,51500,16416,874595150,203620250700,3791811,STK,ME006
462860,2026-09-29,KR7462860008,더즌,KOSDAQ,벤처기업부,2930,2,-70,-2.33,2945,2980,2810,757442,2170258563,203462572005,71768103,KSQ,ME006
004980,2026-09-29,KR7004980009,성신양회,KOSPI,,8240,2,-110,-1.32,8200,8390,8180,19899,164482650,203238245170,24516073,STK,ME006
053030,2026-09-29,KR7053030003,바이넥스,KOSDAQ,중견기업부,6220,2,-160,-2.51,6320,6350,6130,73363,456411830,202968807480,32684188,KSQ,ME006
459510,2026-09-29,KR7459510004,나우로보틱스,KOSDAQ,기술성장기업부,15690,1,230,1.49,15680,15880,15420,33640,524123090,202462759200,12978382,KSQ,ME006
353810,2026-09-29,KR7353810005,이지바이오,KOSDAQ,우량기업부,6110,2,-70,-1.13,6180,6200,6110,45357,279048110,202461350400,33081920,KSQ,ME006
058970,2026-09-29,KR7058970005,엠로,KOSDAQ,기술성장기업부,16300,2,-220,-1.33,16440,16670,16130,9617,156196880,201760798080,12362794,KSQ,ME006
000480,2026-09-29,KR7000480004,CR홀딩스,KOSPI,,4290,2,-10,-0.23,4350,4350,4265,18946,81017220,200925749650,46890490,STK,ME006
095500,2026-09-29,KR7095500005,미래나노텍,KOSDAQ,우량기업부,6480,2,-40,-0.61,6520,6540,6250,59249,378756150,200634693530,31009999,KSQ,ME006
382900,2026-09-29,KR7382900009,범한퓨얼셀,KOSDAQ,벤처기업부,23300,2,-750,-3.12,23450,23450,22500,70479,1618193100,200626900000,8761000,KSQ,ME006
053300,2026-09-29,KR7053300000,한국정보인증,KOSDAQ,우량기업부,5040,2,-90,-1.75,5150,5150,4975,121334,608964955,200199638760,39565146,KSQ,ME006
051905,2026-09-29,KR7051901007,LG생활건강우,KOSPI,,95300,2,-3200,-3.25,99400,99400,94300,24050,2306156900,199773482700,2096259,STK,ME006
014940,2026-09-29,KR7014940001,오리엔탈정공,KOSDAQ,우량기업부,4375,2,-145,-3.21,4500,4500,4330,121784,533238162,199612635180,45573661,KSQ,ME006
049430,2026-09-29,KR7049430002,코메론,KOSDAQ,우량기업부,22500,1,100,0.45,22400,22600,21800,11176,245642275,198603600000,9048000,KSQ,ME006
061090,2026-09-29,KR7061090007,세나테크놀로지,KOSDAQ,벤처기업부,36250,2,-100,-0.28,36800,36800,35500,7051,253952600,198472065000,5467550,KSQ,ME006
199430,2026-09-29,KR7199430000,케이엔알시스템,KOSDAQ,기술성장기업부,17810,2,-20,-0.11,18220,18350,17010,61406,1093042030,198411601960,11197043,KSQ,ME006
100250,2026-09-29,KR7100250000,진양홀딩스,KOSPI,,3070,2,-30,-0.97,3070,3095,3065,17347,53422615,197770500000,63900000,STK,ME006
217730,2026-09-29,KR7217730001,강스템바이오텍,KOSDAQ,기술성장기업부,2130,3,0,0.0,2125,2135,2075,112542,235891860,197513712900,94054149,KSQ,ME006
037270,2026-09-29,KR7037270006,YG PLUS,KOSPI,,3110,2,-30,-0.96,3135,3150,3060,95036,293472661,197355641000,63663110,STK,ME006
314930,2026-09-29,KR7314930009,바이오다인,KOSDAQ,기술성장기업부,6550,2,-50,-0.76,6520,6680,6460,20095,131072720,196145438770,29764103,KSQ,ME006
083310,2026-09-29,KR7083310003,엘오티베큠,KOSDAQ,우량기업부,11070,1,240,2.22,10810,11030,10590,61677,668283690,196088463330,17810033,KSQ,ME006
039570,2026-09-29,KR7039570007,HDC랩스,KOSPI,,7530,1,90,1.21,7450,7520,7430,3656,27232630,195201159520,25957601,STK,ME006
013580,2026-09-29,KR7013580006,계룡건설,KOSPI,,21950,2,-700,-3.09,22300,22550,21650,54515,1195184250,195140317950,8930907,STK,ME006
117580,2026-09-29,KR7117580001,대성에너지,KOSPI,,7050,2,-90,-1.26,7200,7200,6990,124366,879640610,194150000000,27500000,STK,ME006
095570,2026-09-29,KR7095570008,AJ네트웍스,KOSPI,,4300,2,-15,-0.35,4320,4340,4265,37207,159775828,194134336110,45252759,STK,ME006
000390,2026-09-29,KR7000390005,SP삼화,KOSPI,,7110,2,-30,-0.42,7160,7180,6950,64463,455700180,193960733970,27203469,STK,ME006
293780,2026-09-29,KR7293780003,압타바이오,KOSDAQ,기술성장기업부,6910,1,280,4.22,6800,6930,6490,74026,501393020,193844494500,28093405,KSQ,ME006
308430,2026-09-29,KR7308430008,셀비온,KOSDAQ,기술성장기업부,14880,1,90,0.61,16870,16870,14800,214365,3377760425,193191607470,12905251,KSQ,ME006
086670,2026-09-29,KR7086670007,비엠티,KOSDAQ,우량기업부,19540,2,-30,-0.15,19490,19550,19150,33187,641820330,192462910150,9925885,KSQ,ME006
080720,2026-09-29,KR7080720006,한국유니온제약,KOSDAQ,관리종목(소속부없음),2410,3,0,0.0,0,0,0,0,0,192441519730,79851253,KSQ,ME006
487570,2026-09-29,KR7487570004,HS효성,KOSPI,,50800,1,300,0.59,50700,51500,49100,3767,190550675,191512647800,3725927,STK,ME006
339770,2026-09-29,KR7339770000,교촌에프앤비,KOSPI,,3805,2,-20,-0.52,3790,3835,3790,30867,117580122,191366256400,49965080,STK,ME006
053210,2026-09-29,KR7053210001,스카이라이프,KOSPI,,3975,2,-40,-1.0,4010,4010,3975,20839,83250127,190329434775,47522955,STK,ME006
042420,2026-09-29,KR7042420000,네오위즈홀딩스,KOSDAQ,우량기업부,23150,2,-400,-1.7,23000,23700,23000,6013,140662475,189308079750,8142283,KSQ,ME006
002420,2026-09-29,KR7002420008,우양피앤엘,KOSPI,,6070,2,-80,-1.3,6080,6150,5910,2758,16786040,189189055880,31167884,STK,ME006
034810,2026-09-29,KR7034810002,해성산업,KOSDAQ,중견기업부,5980,1,50,0.84,5980,6000,5880,23972,142224870,189165110480,31580152,KSQ,ME006
036560,2026-09-29,KR7036560001,KZ정밀,KOSDAQ,우량기업부,12000,2,-80,-0.66,12110,12200,11980,3261,39214200,189157500000,15750000,KSQ,ME006
464080,2026-09-29,KR7464080001,에스오에스랩,KOSDAQ,기술성장기업부,10420,1,320,3.17,10100,10440,9960,126230,1297852145,187881524670,18013569,KSQ,ME006
003520,2026-09-29,KR7003520004,영진약품,KOSPI,,1030,2,-3,-0.29,1043,1045,1022,208298,213992374,187830834737,182892731,STK,ME006
005960,2026-09-29,KR7005960000,동부건설,KOSPI,,8340,2,-90,-1.07,8440,8440,8100,33891,278039705,187703703340,22946663,STK,ME006
016580,2026-09-29,KR7016580003,환인제약,KOSPI,,10050,2,-120,-1.18,10050,10120,9980,10802,108373530,187488705600,18600070,STK,ME006
016790,2026-09-29,KR7016790008,현대사료,KOSDAQ,관리종목(소속부없음),994,3,0,0.0,0,0,0,0,0,187340898626,188471729,KSQ,ME006
143240,2026-09-29,KR7143240000,사람인,KOSDAQ,우량기업부,17550,1,130,0.75,17500,17580,17340,9296,162812820,187286155950,10732731,KSQ,ME006
001630,2026-09-29,KR7001630003,종근당홀딩스,KOSPI,,37200,2,-350,-0.93,37650,37650,37100,2115,78756400,186617322250,5009861,STK,ME006
052330,2026-09-29,KR7052330008,코텍,KOSDAQ,우량기업부,10550,1,70,0.67,10480,10520,10360,3010,31333040,186496684500,17761589,KSQ,ME006
123330,2026-09-29,KR7123330003,제닉,KOSDAQ,우량기업부,23400,2,-600,-2.5,24000,24100,23100,131313,3063448650,186467112000,7968680,KSQ,ME006
013120,2026-09-29,KR7013120001,동원개발,KOSDAQ,우량기업부,2050,2,-50,-2.38,2085,2105,2030,81638,167945484,186156605000,90808100,KSQ,ME006
102260,2026-09-29,KR7102260007,동성케미컬,KOSPI,,3680,1,30,0.82,3700,3700,3635,75678,277156922,185957398970,50669591,STK,ME006
003547,2026-09-29,KR7003542008,대신증권2우B,KOSPI,,19480,1,130,0.67,19570,19730,19310,9612,187789985,185792920440,9606666,STK,ME006
084850,2026-09-29,KR7084850007,아이티엠반도체,KOSDAQ,중견기업부,8130,1,10,0.12,8050,8230,7950,14450,117062510,185773229460,22682934,KSQ,ME006
102460,2026-09-29,KR7102460003,이연제약,KOSPI,,10000,2,-80,-0.79,10080,10100,9895,29259,291717390,185310505670,18586811,STK,ME006
194700,2026-09-29,KR7194700001,노바렉스,KOSDAQ,우량기업부,10190,2,-140,-1.36,10330,10480,10100,24998,254751745,185286707200,18254848,KSQ,ME006
004560,2026-09-29,KR7004560009,현대비앤지스틸,KOSPI,,12330,2,-50,-0.4,12380,12380,12130,27184,331266575,185017010970,15078811,STK,ME006
001130,2026-09-29,KR7001130004,대한제분,KOSPI,,10940,2,-50,-0.45,11070,11070,10800,12499,135976050,184886000000,16900000,STK,ME006
066620,2026-09-29,KR7066620006,국보디자인,KOSDAQ,우량기업부,24850,2,-200,-0.8,25050,25100,24450,3401,84291775,184875000000,7500000,KSQ,ME006
126600,2026-09-29,KR7126600006,BGF에코머티리얼즈,KOSDAQ,우량기업부,2930,2,-70,-2.33,3020,3020,2925,30890,90891905,184848517555,62766899,KSQ,ME006
304100,2026-09-29,KR7304100001,솔트룩스,KOSDAQ,기술성장기업부,14740,2,-350,-2.32,14820,15020,14540,53843,790099410,184248098650,12593855,KSQ,ME006
417030,2026-09-29,KR7417030004,니어스랩,KOSDAQ,기술성장기업부,31800,2,-2100,-6.19,33100,33750,30800,239402,7603267425,183437403000,5777556,KSQ,ME006
033530,2026-09-29,KR7033530007,SJG세종,KOSPI,,6770,2,-20,-0.29,6790,6810,6650,22639,152016280,183414587220,27052299,STK,ME006
192440,2026-09-29,KR7192440006,슈피겐코리아,KOSDAQ,우량기업부,29350,2,-1050,-3.45,30400,30900,29450,3518,104796150,183382708500,6216363,KSQ,ME006
452450,2026-09-29,KR7452450000,피아이이,KOSDAQ,벤처기업부,5100,2,-90,-1.73,5120,5260,4925,332410,1683959852,182664495000,36028500,KSQ,ME006
484810,2026-09-29,KR7484810007,티엑스알로보틱스,KOSDAQ,벤처기업부,11830,2,-120,-1.0,12290,12290,11620,84314,996224070,182629815300,15450915,KSQ,ME006
388050,2026-09-29,KR7388050007,지투파워,KOSDAQ,우량기업부,9730,2,-210,-2.11,9890,9920,9520,323275,3121089320,182604105120,18709437,KSQ,ME006
128820,2026-09-29,KR7128820008,대성산업,KOSPI,,4045,2,-30,-0.74,4090,4090,4000,103975,418310670,182525153730,45235478,STK,ME006
024060,2026-09-29,KR7024060006,흥구석유,KOSDAQ,중견기업부,12010,2,-610,-4.83,12630,12700,12010,1340065,16469240930,182100000000,15000000,KSQ,ME006
000140,2026-09-29,KR7000140004,하이트진로홀딩스,KOSPI,,7820,2,-40,-0.51,7860,8100,7750,15616,122264100,181708969950,23206765,STK,ME006
041920,2026-09-29,KR7041920000,메디아나,KOSDAQ,우량기업부,9780,1,280,2.95,9460,9820,9310,110037,1057879320,181518656480,18598223,KSQ,ME006
102940,2026-09-29,KR7102940004,코오롱생명과학,KOSDAQ,중견기업부,13930,2,-360,-2.52,14230,14270,13730,37214,516172305,181304851550,13090603,KSQ,ME006
083930,2026-09-29,KR7083930008,아바코,KOSDAQ,우량기업부,12470,1,140,1.14,12280,12430,12190,33364,411109755,181264025150,14677249,KSQ,ME006
214180,2026-09-29,KR7214180002,헥토이노베이션,KOSDAQ,우량기업부,14020,2,-10,-0.07,14020,14020,13720,16184,223474560,180477867630,12993367,KSQ,ME006
403850,2026-09-29,KR7403850001,더핑크퐁컴퍼니,KOSDAQ,중견기업부,12600,1,280,2.27,12310,12600,12120,44771,558666495,180392195700,14351010,KSQ,ME006
419530,2026-09-29,KR7419530001,SAMG엔터,KOSDAQ,기술성장기업부,17550,1,70,0.4,17430,17690,17300,22237,388892865,179547057830,10207337,KSQ,ME006
230240,2026-09-29,KR7230240004,에치에프알,KOSDAQ,중견기업부,13430,2,-200,-1.47,13590,13590,13200,79161,1060498920,179405320000,13309000,KSQ,ME006
009470,2026-09-29,KR7009470006,삼화전기,KOSPI,,26850,1,1050,4.07,25800,27150,25650,70594,1887532500,178242449000,6613820,STK,ME006
377190,2026-09-29,KR7377190004,디앤디플랫폼리츠,KOSPI,,2015,2,-195,-8.82,2055,2055,1986,430407,865234777,178126000000,88400000,STK,ME006
068790,2026-09-29,KR7068790005,DMS,KOSDAQ,우량기업부,8120,1,60,0.74,7940,8150,7900,35909,287470980,177916674480,22184124,KSQ,ME006
007860,2026-09-29,KR7007860000,서연,KOSPI,,7550,1,20,0.27,7560,7600,7440,21600,162165465,177742419080,23479844,STK,ME006
005160,2026-09-29,KR7005160007,동국산업,KOSDAQ,중견기업부,3260,2,-235,-6.72,3485,3550,3260,318489,1073389230,176837011320,54244482,KSQ,ME006
002100,2026-09-29,KR7002100006,경농,KOSPI,,9020,1,20,0.22,9040,9050,8990,7939,71508170,175898400750,19522575,STK,ME006
000520,2026-09-29,KR7000520007,삼일제약,KOSPI,,8140,2,-60,-0.73,8130,8260,7940,56632,459252610,175703669100,21691811,STK,ME006
274090,2026-09-29,KR7274090000,켄코아에어로스페이스,KOSDAQ,기술성장기업부,12810,3,0,0.0,12640,12850,12000,497042,6149401190,175207913040,13774207,KSQ,ME006
213500,2026-09-29,KR7213500002,한솔제지,KOSPI,,7370,2,-230,-3.03,7450,7450,7290,56253,412143480,174696227840,23800576,STK,ME006
149950,2026-09-29,KR7149950008,아바텍,KOSDAQ,우량기업부,12790,1,1140,9.79,11700,12780,11550,184001,2272521630,174399890280,13667703,KSQ,ME006
003610,2026-09-29,KR7003610003,방림,KOSPI,,5370,2,-320,-5.62,5640,5640,5390,66068,359151330,174361524540,32110778,STK,ME006
138610,2026-09-29,KR7138610001,나이벡,KOSDAQ,기술성장기업부,15300,2,-160,-1.03,15310,15410,15040,16854,256185445,174268266690,11367793,KSQ,ME006
000700,2026-09-29,KR7000700005,유수홀딩스,KOSPI,,6600,2,-30,-0.45,6630,6690,6620,15478,103150055,174219722280,26041812,STK,ME006
003220,2026-09-29,KR7003220001,대원제약,KOSPI,,7760,2,-130,-1.65,7920,7920,7710,34380,266994570,174038044080,22427583,STK,ME006
000300,2026-09-29,KR7000300004,DH오토넥스,KOSPI,,4200,3,0,0.0,0,0,0,0,0,174035631000,41437055,STK,ME006
405100,2026-09-29,KR7405100009,큐알티,KOSDAQ,중견기업부,14170,2,-40,-0.28,14410,14440,14030,15770,223731710,174016502160,12289301,KSQ,ME006
108380,2026-09-29,KR7108380007,대양전기공업,KOSDAQ,우량기업부,18200,2,-220,-1.19,18270,18270,17830,22791,410232660,173934113940,9567333,KSQ,ME006
194480,2026-09-29,KR7194480000,데브시스터즈,KOSDAQ,중견기업부,14320,2,-240,-1.65,14520,14600,14140,29289,417099010,173897153500,12169150,KSQ,ME006
094820,2026-09-29,KR7094820008,일진파워,KOSDAQ,우량기업부,11600,2,-290,-2.44,11810,11830,11430,66166,763101690,173857514770,15078709,KSQ,ME006
234080,2026-09-29,KR7234080000,JW생명과학,KOSPI,,11000,2,-50,-0.45,11050,11050,10930,6909,75815710,173546711840,15834554,STK,ME006
318060,2026-09-29,KR7318060001,그래피,KOSDAQ,기술성장기업부,15450,2,-310,-1.97,15770,15990,15210,45965,706640560,173513115270,11187177,KSQ,ME006
220100,2026-09-29,KR7220100002,퓨쳐켐,KOSDAQ,기술성장기업부,6680,2,-260,-3.75,6900,6900,6460,116432,767682875,172975575000,25817250,KSQ,ME006
260970,2026-09-29,KR7260970009,에스앤디,KOSDAQ,우량기업부,59800,1,1800,3.1,57100,60900,56200,19475,1156401700,172697413800,2892754,KSQ,ME006
122990,2026-09-29,KR7122990005,와이솔,KOSDAQ,중견기업부,6690,1,70,1.06,6560,6720,6560,53841,359037940,172355090880,25648079,KSQ,ME006
163730,2026-09-29,KR7163730005,핑거,KOSDAQ,벤처기업부,13750,2,-560,-3.91,14160,14160,13110,192133,2600116040,172337179500,12765717,KSQ,ME006
046120,2026-09-29,KR7046120002,오르비텍,KOSDAQ,중견기업부,5160,2,-280,-5.15,5440,5440,5020,576824,2959688195,172324153970,33855433,KSQ,ME006
016450,2026-09-29,KR7016450009,한세예스24홀딩스,KOSPI,,4340,1,30,0.7,4330,4330,4280,12408,53320325,171800000000,40000000,STK,ME006
0015G0,2026-09-29,KR70015G0009,그린광학,KOSDAQ,기술성장기업부,14610,2,-440,-2.92,15160,15530,13800,67865,986004930,171793301880,11702541,KSQ,ME006
263860,2026-09-29,KR7263860009,지니언스,KOSDAQ,벤처기업부,18960,2,-340,-1.76,20500,20650,18600,262681,5082830135,171786032000,9079600,KSQ,ME006
014710,2026-09-29,KR7014710008,사조씨푸드,KOSPI,,9880,1,520,5.56,9290,10000,9290,11460,111513530,171668873710,17218543,STK,ME006
015230,2026-09-29,KR7015230006,대창단조,KOSPI,,6350,2,-150,-2.31,6460,6480,6230,67106,424497880,171276242200,27143620,STK,ME006
255220,2026-09-29,KR7255220006,SG,KOSDAQ,중견기업부,1133,2,-7,-0.61,1135,1160,1080,2446187,2745326995,171190474374,150563302,KSQ,ME006
092130,2026-09-29,KR7092130004,이크레더블,KOSDAQ,중견기업부,14230,2,-10,-0.07,14200,14440,14120,2507,35537580,171139556000,12043600,KSQ,ME006
039860,2026-09-29,KR7039860002,나노엔텍,KOSDAQ,중견기업부,4495,1,20,0.45,4475,4550,4360,319734,1420482288,170847342705,38093053,KSQ,ME006
086820,2026-09-29,KR7086820008,바이오솔루션,KOSDAQ,기술성장기업부,6590,2,-200,-2.95,6790,6800,6430,52292,341607970,170839720150,25924085,KSQ,ME006
143160,2026-09-29,KR7143160000,아이디스,KOSDAQ,우량기업부,16180,1,240,1.51,15970,15970,15740,2700,42996200,170819256600,10716390,KSQ,ME006
039830,2026-09-29,KR7039830005,오로라,KOSDAQ,우량기업부,15940,1,170,1.08,16000,16160,15670,33414,532952170,170699435400,10762890,KSQ,ME006
489460,2026-09-29,KR7489460006,바이오비쥬,KOSDAQ,벤처기업부,11620,2,-210,-1.78,11790,11990,11420,31341,364801870,170695530590,14753287,KSQ,ME006
002150,2026-09-29,KR7002150001,도화엔지니어링,KOSPI,,5060,1,10,0.2,5050,5060,4960,22992,115080795,170286000000,33720000,STK,ME006
052260,2026-09-29,KR7052260007,현대바이오랜드,KOSDAQ,우량기업부,5670,1,1305,29.9,4535,5670,4260,15400968,78398153214,170100000000,30000000,KSQ,ME006
382800,2026-09-29,KR7382800001,지앤비에스 에코,KOSDAQ,우량기업부,5480,1,190,3.59,5240,5360,5170,570497,3018398125,169977758940,31831041,KSQ,ME006
270660,2026-09-29,KR7270660004,에브리봇,KOSDAQ,벤처기업부,13340,2,-110,-0.82,13590,13640,13160,26064,347183915,169926906370,12690583,KSQ,ME006
082800,2026-09-29,KR7082800004,비보존 제약,KOSDAQ,중견기업부,2800,2,-25,-0.88,2825,2825,2765,84806,236006089,169104269810,60719666,KSQ,ME006
003460,2026-09-29,KR7003460003,유화증권,KOSPI,,2985,2,-15,-0.5,3005,3010,2960,20074,59664337,168973196700,56702415,STK,ME006
054210,2026-09-29,KR7054210000,이랜텍,KOSDAQ,우량기업부,6690,2,-80,-1.18,6770,6770,6530,101238,668634650,168692370700,25291210,KSQ,ME006
051160,2026-09-29,KR7051160000,지어소프트,KOSDAQ,중견기업부,12460,2,-520,-4.01,13100,13400,12230,218569,2763470555,168263447040,13482648,KSQ,ME006
488280,2026-09-29,KR7488280009,에스투더블유,KOSDAQ,기술성장기업부,15600,1,490,3.24,15500,15880,15310,553025,8645728430,167795033000,10825486,KSQ,ME006
012860,2026-09-29,KR7012860003,모베이스전자,KOSDAQ,우량기업부,2300,2,-30,-1.29,2325,2325,2265,240239,548366802,167704616530,73233457,KSQ,ME006
104480,2026-09-29,KR7104480009,티케이케미칼,KOSDAQ,중견기업부,1848,1,6,0.33,1845,1868,1782,98759,180130992,167338493994,90895434,KSQ,ME006
245620,2026-09-29,KR7245620000,EDGC,KOSDAQ,관리종목(소속부없음),741,3,0,0.0,0,0,0,0,0,167118555474,225531114,KSQ,ME006
264450,2026-09-29,KR7264450008,유비쿼스,KOSDAQ,우량기업부,11440,1,40,0.35,11310,11660,11120,91484,1045460955,166746655410,14665493,KSQ,ME006
119610,2026-09-29,KR7119610004,인터로조,KOSDAQ,우량기업부,14810,2,-10,-0.07,14750,15130,14420,12497,182462825,166526568730,11413747,KSQ,ME006
234690,2026-09-29,KR7234690006,녹십자웰빙,KOSDAQ,우량기업부,9260,2,-230,-2.42,9550,9570,9140,107826,1003150135,166519698300,17963290,KSQ,ME006
199820,2026-09-29,KR7199820002,제일일렉트릭,KOSDAQ,우량기업부,7560,2,-90,-1.18,7650,7650,7380,72532,542286975,166427800000,22220000,KSQ,ME006
357550,2026-09-29,KR7357550003,석경에이티,KOSDAQ,기술성장기업부,30500,2,-250,-0.81,30250,30650,29300,2626,79188250,166377500000,5455000,KSQ,ME006
038390,2026-09-29,KR7038390001,레드캡투어,KOSDAQ,우량기업부,9960,1,10,0.1,9960,10060,9930,4042,40393850,166037762460,16720822,KSQ,ME006
264850,2026-09-29,KR7264850009,이랜시스,KOSDAQ,중견기업부,5490,2,-110,-1.96,5680,5700,5390,151003,834507240,166014473760,30294612,KSQ,ME006
032620,2026-09-29,KR7032620007,GC메디아이,KOSDAQ,우량기업부,3185,2,-10,-0.31,3195,3195,3135,52420,165295970,165986902020,52197139,KSQ,ME006
067290,2026-09-29,KR7067290007,JW신약,KOSDAQ,중견기업부,2975,2,-195,-6.15,3170,3170,2910,3868392,11476564505,165029268335,56037103,KSQ,ME006
119830,2026-09-29,KR7119830008,아이텍,KOSDAQ,중견기업부,6220,3,0,0.0,6160,6230,6070,72398,445391720,164273537840,26538536,KSQ,ME006
123410,2026-09-29,KR7123410003,코리아에프티,KOSDAQ,우량기업부,5940,2,-110,-1.82,6100,6100,5850,45421,268691675,164262277600,27841064,KSQ,ME006
355150,2026-09-29,KR7355150004,코스텍시스,KOSDAQ,벤처기업부,20850,1,400,1.96,20050,21100,20000,67774,1403707800,164134217500,7797350,KSQ,ME006
126700,2026-09-29,KR7126700004,하이비젼시스템,KOSDAQ,우량기업부,11050,1,80,0.73,10970,11100,10670,23861,259221710,163914968640,14942112,KSQ,ME006
036170,2026-09-29,KR7036170009,에이치엠넥스,KOSDAQ,중견기업부,2670,2,-45,-1.66,2710,2740,2600,86950,231600035,163846221420,61365626,KSQ,ME006
0082N0,2026-09-29,KR70082N0008,카나프테라퓨틱스,KOSDAQ,기술성장기업부,12330,1,50,0.41,12060,12300,11910,22598,274115335,163464128200,13300580,KSQ,ME006
187870,2026-09-29,KR7187870001,디바이스,KOSDAQ,우량기업부,11790,1,480,4.24,11220,11760,11000,104751,1207020665,163026198720,13862772,KSQ,ME006
241590,2026-09-29,KR7241590009,화승엔터프라이즈,KOSPI,,2685,2,-70,-2.54,2770,2910,2650,33571,90849250,162985152440,60589276,STK,ME006
204610,2026-09-29,KR7204610000,티쓰리,KOSDAQ,벤처기업부,2920,3,0,0.0,2920,2960,2865,52951,152709419,162441931300,55726220,KSQ,ME006
049630,2026-09-29,KR7049630007,재영솔루텍,KOSDAQ,우량기업부,7010,2,-130,-1.82,7100,7100,6830,160693,1114130575,162387716050,23365139,KSQ,ME006
950140,2026-09-29,KR8840110108,잉글우드랩,KOSDAQ,외국기업(소속부없음),8220,1,50,0.61,8250,8250,8080,2117,17213470,162320465220,19867866,KSQ,ME006
475040,2026-09-29,KR7475040002,스트라드비젼,KOSDAQ,기술성장기업부,3005,2,-150,-4.75,3100,3195,2985,372268,1130580428,161745092610,53825322,KSQ,ME006
101530,2026-09-29,KR7101530004,해태제과식품,KOSPI,,5530,3,0,0.0,0,0,0,0,0,161016025660,29116822,STK,ME006
032940,2026-09-29,KR7032940009,원익,KOSDAQ,우량기업부,8910,1,10,0.11,8910,9070,8720,237135,2102387960,161009651850,18193181,KSQ,ME006
051370,2026-09-29,KR7051370005,인터플렉스,KOSDAQ,우량기업부,6940,2,-290,-4.01,7250,7250,6800,249613,1740173440,160726282080,23327472,KSQ,ME006
478340,2026-09-29,KR7478340003,나라스페이스테크놀로지,KOSDAQ,기술성장기업부,13910,2,-380,-2.66,13800,13830,12900,781584,10459276650,160223727000,11610415,KSQ,ME006
013990,2026-09-29,KR7013990007,아가방컴퍼니,KOSDAQ,우량기업부,4865,2,-20,-0.41,4880,4885,4830,29040,141344485,159997862640,32887536,KSQ,ME006
289080,2026-09-29,KR7289080004,SV인베스트먼트,KOSDAQ,중견기업부,2685,2,-60,-2.19,2745,2745,2620,609769,1623055302,159967699780,60138233,KSQ,ME006
093190,2026-09-29,KR7093190007,빅솔론,KOSDAQ,우량기업부,8300,2,-80,-0.95,8470,8470,8270,2757,22889910,159682911500,19238905,KSQ,ME006
066410,2026-09-29,KR7066410002,버킷스튜디오,KOSDAQ,투자주의환기종목(소속부없음),1153,3,0,0.0,0,0,0,0,0,159637252154,138453818,KSQ,ME006
123860,2026-09-29,KR7123860009,아나패스,KOSDAQ,우량기업부,13100,2,-80,-0.61,13200,13200,13020,6289,82472105,159544141400,12123415,KSQ,ME006
072870,2026-09-29,KR7072870009,메가스터디,KOSDAQ,우량기업부,13300,1,20,0.15,13250,13390,13220,14404,191839410,159383221830,11920959,KSQ,ME006
088800,2026-09-29,KR7088800008,에이스테크,KOSDAQ,중견기업부,2100,2,-30,-1.41,2130,2185,2085,127385,269964700,159318575740,75506434,KSQ,ME006
134580,2026-09-29,KR7134580000,탑코미디어,KOSDAQ,중견기업부,3395,1,100,3.03,3290,3460,3115,168556,548270365,158727159780,49294149,KSQ,ME006
000860,2026-09-29,KR7000860007,강남제비스코,KOSPI,,12190,3,0,0.0,12130,12200,12100,5551,67391800,158470000000,13000000,STK,ME006
460850,2026-09-29,KR7460850001,동국씨엠,KOSPI,,5340,3,0,0.0,5280,5430,5260,40940,218877465,158462876800,29898656,STK,ME006
402030,2026-09-29,KR7402030001,코난테크놀로지,KOSDAQ,기술성장기업부,12700,2,-320,-2.46,13100,13100,12490,11599,146577310,157845523680,12517488,KSQ,ME006
023910,2026-09-29,KR7023910003,대한약품,KOSDAQ,우량기업부,26150,1,200,0.77,25700,26300,25700,5621,145492975,157800000000,6000000,KSQ,ME006
388790,2026-09-29,KR7388790008,라이콤,KOSDAQ,벤처기업부,5160,1,30,0.58,5070,5170,5040,216966,1109051725,157356782400,30614160,KSQ,ME006
086890,2026-09-29,KR7086890001,이수앱지스,KOSDAQ,중견기업부,3880,1,70,1.84,3740,3860,3695,121440,457346830,156983711500,40774990,KSQ,ME006
080160,2026-09-29,KR7080160005,모두투어,KOSDAQ,우량기업부,8370,2,-40,-0.48,8310,8470,8250,39018,323598000,156870000000,18900000,KSQ,ME006
090350,2026-09-29,KR7090350000,노루페인트,KOSPI,,7900,2,-10,-0.13,7930,7940,7800,18470,144762705,156800000000,20000000,STK,ME006
118990,2026-09-29,KR7118990001,모트렉스,KOSDAQ,우량기업부,6440,2,-250,-3.74,6680,6680,6280,48652,315052135,156793800690,24537371,KSQ,ME006
002170,2026-09-29,KR7002170009,SYTS,KOSPI,,52500,2,-800,-1.5,53500,53500,52100,2960,155322100,156600000000,3000000,STK,ME006
0039P0,2026-09-29,KR70039P0000,매드업,KOSDAQ,기술성장기업부,8290,2,-830,-9.1,8950,9120,8220,2986420,25824159160,156477568000,18807400,KSQ,ME006
445180,2026-09-29,KR7445180003,퓨릿,KOSDAQ,우량기업부,9010,2,-80,-0.88,9100,9220,8830,41121,371894390,156421610800,17189188,KSQ,ME006
024800,2026-09-29,KR7024800005,유성티엔에스,KOSDAQ,우량기업부,4415,2,-65,-1.45,4480,4540,4330,13941,61232110,156400642800,35225370,KSQ,ME006
092070,2026-09-29,KR7092070002,디엔에프,KOSDAQ,중견기업부,13470,1,200,1.51,13220,13600,13080,24173,324320060,156104364420,11571858,KSQ,ME006
372170,2026-09-29,KR7372170001,윤성에프앤씨,KOSDAQ,우량기업부,19690,2,-660,-3.24,20100,20150,19370,13809,271018400,155990388400,7979048,KSQ,ME006
950250,2026-09-29,KR8826050005,테라뷰,KOSDAQ,기술성장기업부,4355,1,1005,30.0,3355,4355,3245,8751361,35749324465,155460138860,35696932,KSQ,ME006
011040,2026-09-29,KR7011040003,경동제약,KOSDAQ,중견기업부,5030,1,10,0.2,5030,5060,4990,12623,63342860,155074580640,30768766,KSQ,ME006
067280,2026-09-29,KR7067280008,멀티캠퍼스,KOSDAQ,우량기업부,26150,3,0,0.0,26200,26350,25850,8657,225854500,154985270850,5926779,KSQ,ME006
004380,2026-09-29,KR7004380002,삼익THK,KOSPI,,7390,2,-110,-1.47,7550,7570,7230,28669,210424990,154629000000,20700000,STK,ME006
00279K,2026-09-29,KR700279K010,아모레퍼시픽홀딩스3우C,KOSPI,,21800,1,150,0.69,21500,21800,21400,1919,41332300,154609960000,7092200,STK,ME006
474650,2026-09-29,KR7474650009,링크솔루션,KOSDAQ,기술성장기업부,26700,1,50,0.19,26700,26950,25850,13845,364058675,154187957600,5753282,KSQ,ME006
054450,2026-09-29,KR7054450002,텔레칩스,KOSDAQ,중견기업부,10240,1,110,1.09,10130,10170,9960,48409,487848230,154016849610,15144233,KSQ,ME006
226590,2026-09-29,KR7226590008,엠디바이스,KOSDAQ,기술성장기업부,14310,1,190,1.35,13870,14390,13610,38472,540979695,153893018240,10716784,KSQ,ME006
400760,2026-09-29,KR7400760005,NH올원리츠,KOSPI,,2775,2,-5,-0.18,2780,2800,2775,40676,113404490,153801970000,54929275,STK,ME006
041020,2026-09-29,KR7041020009,폴라리스오피스,KOSDAQ,벤처기업부,3090,2,-65,-2.06,3115,3245,3030,242589,750506865,153522920370,49683793,KSQ,ME006
041520,2026-09-29,KR7041520008,이엘씨,KOSDAQ,투자주의환기종목(소속부없음),12590,1,90,0.72,12430,12630,12360,7507,94050400,153456110700,12188730,KSQ,ME006
013890,2026-09-29,KR7013890009,지누스,KOSPI,,6920,2,-170,-2.4,7080,7090,6870,18789,130058075,153261432870,21925813,STK,ME006
418550,2026-09-29,KR7418550000,제이오,KOSDAQ,기술성장기업부,4860,2,-85,-1.72,4900,4965,4765,38981,187622480,152884388575,32017673,KSQ,ME006
007570,2026-09-29,KR7007570005,일양약품,KOSPI,,8100,1,150,1.89,7900,8110,7900,14108,113347530,152876168640,19085664,STK,ME006
432720,2026-09-29,KR7432720001,퀄리타스반도체,KOSDAQ,기술성장기업부,10700,1,130,1.23,10520,10760,10330,77655,825064555,152658274720,14187572,KSQ,ME006
001045,2026-09-29,KR7001041003,CJ우,KOSPI,,67500,3,0,0.0,67600,67600,66600,2340,156819400,152565052500,2260223,STK,ME006
387690,2026-09-29,KR7387690001,레메디,KOSDAQ,기술성장기업부,19820,2,-3180,-13.83,23000,23050,19300,2121069,43336046940,151982014630,7625791,KSQ,ME006
054800,2026-09-29,KR7054800008,아이디스홀딩스,KOSDAQ,중견기업부,14680,2,-110,-0.74,14910,14910,14350,1813,26378590,151905058080,10347756,KSQ,ME006
006805,2026-09-29,KR7006801005,미래에셋증권우,KOSPI,,11180,2,-300,-2.61,11420,11560,11140,22778,255952405,151493537580,13454133,STK,ME006
251370,2026-09-29,KR7251370003,와이엠티,KOSDAQ,벤처기업부,8610,1,680,8.58,7950,8450,7890,281216,2371258495,151310989200,18013213,KSQ,ME006
011785,2026-09-29,KR7011781002,금호석유화학우,KOSPI,,50100,1,200,0.4,49900,50100,49650,4269,212771750,151174300000,3023486,STK,ME006
078070,2026-09-29,KR7078070000,유비쿼스홀딩스,KOSDAQ,중견기업부,8850,1,60,0.68,8770,8870,8610,14335,124592760,150970760550,17058843,KSQ,ME006
007330,2026-09-29,KR7007330004,푸른저축은행,KOSDAQ,투자주의환기종목(소속부없음),10000,2,-30,-0.3,10000,10000,9960,3928,39216965,150828000000,15082800,KSQ,ME006
093640,2026-09-29,KR7093640001,케이알엠,KOSDAQ,벤처기업부,4600,2,-85,-1.81,4640,5100,4585,162325,772241477,150588437860,32843716,KSQ,ME006
462520,2026-09-29,KR7462520008,조선내화,KOSPI,,12700,3,0,0.0,12700,12780,12610,3106,39263570,150204978560,11855168,STK,ME006
222040,2026-09-29,KR7222040008,코스맥스엔비티,KOSDAQ,중견기업부,7300,2,-160,-2.14,7470,7470,7200,95955,698606730,149965560000,20628000,KSQ,ME006
001780,2026-09-29,KR7001780006,알루코,KOSPI,,1561,2,-14,-0.89,1580,1580,1540,158600,246241267,149699384072,96830132,STK,ME006
000970,2026-09-29,KR7000970004,한국주철관,KOSPI,,6580,2,-20,-0.3,6600,6600,6510,9980,65287070,149571280000,22800500,STK,ME006
489500,2026-09-29,KR7489500009,엘케이켐,KOSDAQ,벤처기업부,23450,1,100,0.43,23250,23500,22650,11513,266141500,148596283500,6391238,KSQ,ME006
179290,2026-09-29,KR7179290002,엠아이텍,KOSDAQ,우량기업부,4645,1,40,0.87,4620,4635,4535,14850,67924220,148558462020,32365678,KSQ,ME006
272550,2026-09-29,KR7272550005,삼양패키징,KOSPI,,9800,2,-10,-0.1,9800,9850,9720,5732,55996980,148273115040,15068406,STK,ME006
267320,2026-09-29,KR7267320000,나인테크,KOSDAQ,벤처기업부,2655,1,445,20.14,2210,2825,2170,15816837,41835419690,148131461100,57415295,KSQ,ME006
452190,2026-09-29,KR7452190002,한빛레이저,KOSDAQ,벤처기업부,6110,1,720,13.36,5410,6690,5180,23806256,148846680945,148068247830,23920557,KSQ,ME006
084990,2026-09-29,KR7084990001,헬릭스미스,KOSDAQ,기술성장기업부,3235,1,40,1.25,3195,3260,3115,97219,310741357,147957878370,46092797,KSQ,ME006
300080,2026-09-29,KR7300080009,플리토,KOSDAQ,기술성장기업부,8830,1,80,0.91,8740,8950,8530,40488,354320100,147625857430,16531451,KSQ,ME006
0007C0,2026-09-29,KR70007C0003,아크릴,KOSDAQ,기술성장기업부,18610,2,-1040,-5.29,19420,21200,18060,432013,8551828165,147597355120,8030324,KSQ,ME006
413630,2026-09-29,KR7413630005,씨피시스템,KOSDAQ,벤처기업부,4050,2,-145,-3.46,4170,4200,3975,503442,2040351605,147568250250,36436605,KSQ,ME006
004090,2026-09-29,KR7004090007,한국석유,KOSPI,,11560,2,-200,-1.7,11720,11890,11590,122969,1434431145,147378733200,12694120,STK,ME006
004150,2026-09-29,KR7004150009,한솔홀딩스,KOSPI,,3600,2,-25,-0.69,3620,3635,3545,65287,234915447,147080432700,41026620,STK,ME006
046440,2026-09-29,KR7046440004,KG파이낸셜,KOSDAQ,우량기업부,4050,2,-25,-0.61,4070,4070,4025,38029,153656355,146814063300,36250386,KSQ,ME006
148150,2026-09-29,KR7148150006,세경하이테크,KOSDAQ,우량기업부,4090,2,-70,-1.68,4160,4210,4060,34928,143593040,146791838340,35542818,KSQ,ME006
293480,2026-09-29,KR7293480000,하나제약,KOSPI,,8270,1,40,0.49,8230,8270,8180,7600,62645260,146449075040,17772946,STK,ME006
097955,2026-09-29,KR7097951008,CJ제일제당 우,KOSPI,,110300,2,-1200,-1.08,111500,111500,109900,4362,481446000,146415859900,1327433,STK,ME006
396300,2026-09-29,KR7396300006,HT로보틱스,KOSDAQ,우량기업부,5570,2,-360,-6.07,5950,6000,5450,2619337,14866243995,146222040000,26489500,KSQ,ME006
271980,2026-09-29,KR7271980005,제일약품,KOSPI,,9900,2,-60,-0.6,10070,10120,9860,8708,86514685,146166427680,14704872,STK,ME006
042600,2026-09-29,KR7042600007,새로닉스,KOSDAQ,중견기업부,11710,2,-360,-2.98,11720,11740,11420,5991,69306590,145604287280,12423574,KSQ,ME006
065660,2026-09-29,KR7065660003,안트로젠,KOSDAQ,기술성장기업부,14660,2,-40,-0.27,14690,14710,14110,9561,138657310,145288572000,10006100,KSQ,ME006
023600,2026-09-29,KR7023600000,삼보판지,KOSDAQ,우량기업부,9070,2,-40,-0.44,9110,9200,9020,1804,16359030,145035198000,16008300,KSQ,ME006
003830,2026-09-29,KR7003830007,대한화섬,KOSPI,,108600,2,-1400,-1.27,109600,109600,107500,97,10493100,144220800000,1328000,STK,ME006
005990,2026-09-29,KR7005990007,매일홀딩스,KOSDAQ,우량기업부,10830,2,-20,-0.18,10900,10900,10700,354,3822320,144153615360,13298304,KSQ,ME006
069510,2026-09-29,KR7069510006,에스텍,KOSDAQ,우량기업부,13220,2,-70,-0.53,13290,13490,13180,4010,53301770,144121100000,10910000,KSQ,ME006
004970,2026-09-29,KR7004970000,신라교역,KOSPI,,9050,1,40,0.44,9010,9020,8930,5631,50658330,144000000000,16000000,STK,ME006
016880,2026-09-29,KR7016880007,웅진,KOSPI,,1817,2,-4,-0.22,1820,1834,1731,129171,229213616,143788816920,79927080,STK,ME006
205500,2026-09-29,KR7205500002,넥써쓰,KOSDAQ,중견기업부,1720,2,-57,-3.21,1716,1760,1693,91523,157359149,143726290840,83561797,KSQ,ME006
071840,2026-09-29,KR7071840003,롯데하이마트,KOSPI,,6050,1,40,0.67,6000,6050,5950,6896,41319550,142590580480,23607712,STK,ME006
052860,2026-09-29,KR7052860004,아이앤씨,KOSDAQ,벤처기업부,8100,1,480,6.3,7620,8220,7460,147389,1177466830,142220157840,17866854,KSQ,ME006
048870,2026-09-29,KR7048870000,시너지이노베이션,KOSDAQ,중견기업부,1605,1,27,1.71,1578,1609,1545,281666,443051023,141675996504,88106963,KSQ,ME006
000020,2026-09-29,KR7000020008,동화약품,KOSPI,,5060,2,-50,-0.98,5100,5140,4985,49843,250617435,141612552900,27931470,STK,ME006
107590,2026-09-29,KR7107590002,미원홀딩스,KOSPI,,61000,3,0,0.0,62000,62000,60400,24,1453300,141520000000,2320000,STK,ME006
049960,2026-09-29,KR7049960008,쎌바이오텍,KOSDAQ,벤처기업부,14990,2,-10,-0.07,15000,15140,14870,5712,85588230,140906000000,9400000,KSQ,ME006
089600,2026-09-29,KR7089600001,KT나스미디어,KOSDAQ,우량기업부,12230,2,-170,-1.37,12400,12440,12190,4069,50048770,140756950400,11406560,KSQ,ME006
264660,2026-09-29,KR7264660002,씨앤지하이테크,KOSDAQ,우량기업부,14400,1,720,5.26,13570,14430,13540,82921,1173914110,140179300240,9721172,KSQ,ME006
025820,2026-09-29,KR7025820002,이구산업,KOSPI,,4200,2,-85,-1.98,4270,4270,4160,124674,522637523,140121980000,33442000,STK,ME006
220260,2026-09-29,KR7220260004,켐트로스,KOSDAQ,벤처기업부,4385,2,-65,-1.46,4455,4475,4300,255121,1112081383,139994520075,32072055,KSQ,ME006
147830,2026-09-29,KR7147830004,제룡산업,KOSDAQ,벤처기업부,6980,2,-160,-2.24,7090,7090,6880,119584,831163665,139800000000,20000000,KSQ,ME006
003480,2026-09-29,KR7003480001,한진중공업홀딩스,KOSPI,,4725,3,0,0.0,4725,4760,4665,30180,141287670,139528361700,29529812,STK,ME006
115310,2026-09-29,KR7115310005,인포바인,KOSDAQ,벤처기업부,9790,1,410,4.37,9380,9540,9300,1055,10045720,139416560600,14831549,KSQ,ME006
015890,2026-09-29,KR7015890007,태경산업,KOSPI,,4745,1,10,0.21,4730,4790,4700,3732,17677545,139274993750,29228750,STK,ME006
322310,2026-09-29,KR7322310004,오로스테크놀로지,KOSDAQ,벤처기업부,14720,1,620,4.4,13940,14870,13940,88954,1290848105,139186814120,9366542,KSQ,ME006
469610,2026-09-29,KR7469610000,이노테크,KOSDAQ,중견기업부,15510,1,200,1.31,15190,15620,15100,51823,800370780,138883237000,8942900,KSQ,ME006
014280,2026-09-29,KR7014280002,금강공업,KOSPI,,4740,2,-240,-4.82,4830,4945,4600,757602,3605943235,138874505395,29329357,STK,ME006
102120,2026-09-29,KR7102120003,어보브반도체,KOSDAQ,벤처기업부,7940,1,260,3.39,7580,7820,7320,117527,908749615,138689873400,17780753,KSQ,ME006
228850,2026-09-29,KR7228850004,레이언스,KOSDAQ,우량기업부,8350,1,380,4.77,7860,8400,7680,101882,828243470,138369056760,16591014,KSQ,ME006
008350,2026-09-29,KR7008350001,남선알미늄,KOSPI,,1069,2,-12,-1.11,1068,1085,1059,578514,622400263,138114626300,129079090,STK,ME006
094280,2026-09-29,KR7094280005,효성ITX,KOSPI,,11960,2,-90,-0.75,11970,11990,11900,9399,112097830,138004908000,11558200,STK,ME006
101970,2026-09-29,KR7101970002,우양에이치씨,KOSDAQ,중견기업부,9470,1,90,0.96,9500,9500,9200,4229,39330760,137842883880,14790009,KSQ,ME006
035610,2026-09-29,KR7035610005,솔본,KOSDAQ,투자주의환기종목(소속부없음),5020,2,-40,-0.79,5020,5110,4945,12534,62991035,137276904940,27345997,KSQ,ME006
212560,2026-09-29,KR7212560007,네오오토,KOSDAQ,우량기업부,10190,2,-380,-3.6,10570,10780,9960,120177,1230547630,136886432200,13486348,KSQ,ME006
0015N0,2026-09-29,KR70015N0000,아로마티카,KOSDAQ,벤처기업부,10950,2,-670,-5.77,11690,11690,10820,263514,2919333600,136836911360,12576922,KSQ,ME006
114840,2026-09-29,KR7114840002,아이패밀리에스씨,KOSDAQ,우량기업부,8240,2,-80,-0.96,8210,8310,8150,18660,153076220,136787357000,16681385,KSQ,ME006
001080,2026-09-29,KR7001080001,만호제강,KOSPI,,3890,1,215,5.85,3675,3950,3635,21668,83801575,136597194400,35114960,STK,ME006
494120,2026-09-29,KR7494120009,큐리오시스,KOSDAQ,기술성장기업부,8850,1,320,3.75,9160,9160,8530,160563,1408724200,135811899600,15259764,KSQ,ME006
265740,2026-09-29,KR7265740001,엔에프씨,KOSDAQ,벤처기업부,7610,1,110,1.47,7470,7650,7380,297232,2233144660,135763360000,17863600,KSQ,ME006
138360,2026-09-29,KR7138360003,앤로보틱스,KOSDAQ,벤처기업부,1557,2,-78,-4.77,1644,1644,1530,705838,1113517241,135567832294,87973934,KSQ,ME006
059120,2026-09-29,KR7059120006,아진엑스텍,KOSDAQ,벤처기업부,7450,2,-60,-0.8,7570,7630,7350,283146,2111557400,135494488400,18310066,KSQ,ME006
211270,2026-09-29,KR7211270004,AP위성,KOSDAQ,우량기업부,8900,2,-280,-3.05,9200,9200,8770,56241,499957005,135137443840,15082304,KSQ,ME006
003100,2026-09-29,KR7003100005,선광,KOSDAQ,우량기업부,20450,3,0,0.0,20500,20500,20100,13068,264121475,134970000000,6600000,KSQ,ME006
004080,2026-09-29,KR7004080008,신흥,KOSPI,,14510,2,-70,-0.48,14580,14690,14470,1454,21120030,134850000000,9300000,STK,ME006
321550,2026-09-29,KR7321550006,티움바이오,KOSDAQ,기술성장기업부,4525,1,25,0.56,4520,4520,4415,50613,225436945,134572368000,30038475,KSQ,ME006
060150,2026-09-29,KR7060150000,인선이엔티,KOSDAQ,중견기업부,2945,1,105,3.7,2875,2970,2850,80149,235119275,134412655400,45563612,KSQ,ME006
232680,2026-09-29,KR7232680009,라온로보틱스,KOSDAQ,기술성장기업부,10180,2,-110,-1.07,10320,10400,9920,81906,826553610,134298475000,13257500,KSQ,ME006
012610,2026-09-29,KR7012610002,경인양행,KOSPI,,3220,3,0,0.0,3220,3240,3180,92591,296143545,134212777125,41616365,STK,ME006
101360,2026-09-29,KR7101360006,에코앤드림,KOSDAQ,벤처기업부,7570,2,-300,-3.81,7780,7830,7450,37696,284474050,134107299560,17786114,KSQ,ME006
156100,2026-09-29,KR7156100000,엘앤케이바이오,KOSDAQ,벤처기업부,6060,1,70,1.17,5850,6080,5800,146021,865808660,134106918000,22351153,KSQ,ME006
038290,2026-09-29,KR7038290003,마크로젠,KOSDAQ,중견기업부,12390,1,80,0.65,12370,12400,12100,7449,91590400,133891290000,10841400,KSQ,ME006
0088M0,2026-09-29,KR70088M0003,메쥬,KOSDAQ,기술성장기업부,13570,2,-660,-4.64,14160,14200,13260,160640,2182847620,133700077500,9881750,KSQ,ME006
142210,2026-09-29,KR7142210004,유니트론텍,KOSDAQ,우량기업부,6410,1,120,1.91,6280,6460,6240,191942,1218806115,133431521290,20751403,KSQ,ME006
037070,2026-09-29,KR7037070000,파세코,KOSDAQ,중견기업부,6640,1,20,0.3,6570,6670,6500,52341,344643350,133400000000,20000000,KSQ,ME006
136540,2026-09-29,KR7136540002,윈스테크넷,KOSDAQ,우량기업부,10870,2,-70,-0.64,10940,10940,10770,13840,150173705,133112446640,12279746,KSQ,ME006
105330,2026-09-29,KR7105330005,케이엔더블유,KOSDAQ,중견기업부,8190,1,110,1.36,8080,8290,7910,23286,189511910,132801820800,16019520,KSQ,ME006
451760,2026-09-29,KR7451760003,컨텍,KOSDAQ,기술성장기업부,8160,2,-270,-3.2,8290,8430,7900,100734,809438500,132227269740,16507774,KSQ,ME006
417500,2026-09-29,KR7417500006,제이아이테크,KOSDAQ,우량기업부,4070,1,90,2.26,3995,4035,3935,84404,337576042,132122518320,32784744,KSQ,ME006
018470,2026-09-29,KR7018470005,조일알미늄,KOSPI,,5230,2,-30,-0.57,5260,5280,5160,45063,234090585,131950252240,25326344,STK,ME006
146320,2026-09-29,KR7146320007,비씨엔씨,KOSDAQ,벤처기업부,10350,2,-150,-1.43,10500,10650,10060,8644,89448450,131818606900,12797923,KSQ,ME006
140670,2026-09-29,KR7140670001,알에스오토메이션,KOSDAQ,중견기업부,10200,2,-240,-2.3,10400,10530,10100,44117,451308890,131479961600,12839840,KSQ,ME006
418420,2026-09-29,KR7418420006,라온텍,KOSDAQ,기술성장기업부,4325,2,-70,-1.59,4260,4430,4205,122486,526962222,131407362660,30774558,KSQ,ME006
322510,2026-09-29,KR7322510009,제이엘케이,KOSDAQ,기술성장기업부,5110,2,-10,-0.2,5090,5230,4975,113402,575662160,131202049200,25725892,KSQ,ME006
073010,2026-09-29,KR7073010001,케이에스피,KOSDAQ,우량기업부,3260,2,-120,-3.55,3375,3375,3205,171696,558023441,131023475000,40191250,KSQ,ME006
158430,2026-09-29,KR7158430009,아톤,KOSDAQ,벤처기업부,5390,2,-230,-4.09,5750,5750,5260,837527,4509885000,130979192200,24482092,KSQ,ME006
081000,2026-09-29,KR7081000002,일진다이아,KOSPI,,9190,2,-230,-2.44,9470,9470,9090,10639,97786940,130951429500,14202975,STK,ME006
049720,2026-09-29,KR7049720006,고려신용정보,KOSDAQ,우량기업부,9150,1,20,0.22,9130,9190,9110,20488,187536330,130845000000,14300000,KSQ,ME006
126640,2026-09-29,KR7126640002,화신정공,KOSDAQ,우량기업부,3730,2,-20,-0.53,3740,3765,3660,370758,1372985400,130407985200,35055910,KSQ,ME006
035080,2026-09-29,KR7035080001,그래디언트,KOSDAQ,중견기업부,11680,2,-170,-1.43,11790,11820,11380,24947,287191215,130402085430,11174129,KSQ,ME006
054920,2026-09-29,KR7054920004,한컴위드,KOSDAQ,중견기업부,4680,2,-105,-2.19,4850,4925,4585,562706,2650104168,130362914220,28217081,KSQ,ME006
001540,2026-09-29,KR7001540004,안국약품,KOSDAQ,우량기업부,9910,2,-60,-0.6,10000,10040,9830,30609,302243680,129902503200,13042420,KSQ,ME006
024090,2026-09-29,KR7024090003,디씨엠,KOSPI,,11390,2,-30,-0.26,11460,11510,11340,1647,18729360,129846000000,11400000,STK,ME006
115500,2026-09-29,KR7115500001,케이씨에스,KOSDAQ,중견기업부,10700,2,-500,-4.46,11010,11010,10270,319749,3375185460,128040000000,12000000,KSQ,ME006
285490,2026-09-29,KR7285490009,노바텍,KOSDAQ,벤처기업부,12170,2,-20,-0.16,12240,12240,11980,30289,365749120,127861796790,10575831,KSQ,ME006
214390,2026-09-29,KR7214390007,경보제약,KOSPI,,5490,1,80,1.48,5530,5530,5340,7568,40715980,127662632400,23906860,STK,ME006
267290,2026-09-29,KR7267290005,경동도시가스,KOSPI,,21350,2,-350,-1.61,21700,21700,21300,2336,50170200,127340769600,5895406,STK,ME006
240550,2026-09-29,KR7240550004,동방메디컬,KOSDAQ,중견기업부,6080,2,-200,-3.18,6310,6350,6020,173695,1071362575,127278355200,20933940,KSQ,ME006
402490,2026-09-29,KR7402490007,그린리소스,KOSDAQ,기술성장기업부,7540,1,400,5.6,7150,7800,7100,497842,3753413935,127183479670,16935217,KSQ,ME006
079960,2026-09-29,KR7079960001,동양이엔피,KOSDAQ,우량기업부,16780,2,-160,-0.94,16940,16980,16660,17234,288117360,126414754920,7551658,KSQ,ME006
094840,2026-09-29,KR7094840006,슈프리마에이치큐,KOSDAQ,벤처기업부,13090,1,120,0.93,12970,12970,12560,11916,152602100,126400745010,9806109,KSQ,ME006
080420,2026-09-29,KR7080420003,모다이노칩,KOSDAQ,중견기업부,1647,1,6,0.37,1665,1665,1555,4566,7272170,126358770870,79721622,KSQ,ME006
950190,2026-09-29,KR8344390008,고스트스튜디오,KOSDAQ,외국기업(소속부없음),9580,2,-80,-0.83,9720,9720,9450,24414,234211835,126135301710,13017059,KSQ,ME006
013520,2026-09-29,KR7013520002,화승코퍼레이션,KOSPI,,2525,1,10,0.4,2510,2520,2480,48396,120750610,126129155040,50051252,STK,ME006
457550,2026-09-29,KR7457550002,우진엔텍,KOSDAQ,중견기업부,13510,2,-430,-3.08,13930,13930,13400,32067,434410145,125899122580,9318958,KSQ,ME006
036690,2026-09-29,KR7036690006,코맥스,KOSDAQ,관리종목(소속부없음),2885,3,0,0.0,0,0,0,0,0,125692107675,43567455,KSQ,ME006
047770,2026-09-29,KR7047770003,코데즈컴바인,KOSDAQ,중견기업부,3325,2,-215,-6.07,3450,3490,3285,824983,2766362043,125637438640,37842602,KSQ,ME006
474170,2026-09-29,KR7474170008,루미르,KOSDAQ,기술성장기업부,7130,1,60,0.85,6950,7150,6760,48673,338282060,125436579840,17817696,KSQ,ME006
408920,2026-09-29,KR7408920007,메쎄이상,KOSDAQ,우량기업부,2900,1,10,0.35,2895,2905,2840,9922,28397460,125374119500,43232455,KSQ,ME006
011690,2026-09-29,KR7011690005,와이투솔루션,KOSPI,,3420,1,30,0.88,3360,3420,3320,138068,466455339,125142778420,36698762,STK,ME006
039840,2026-09-29,KR7039840004,디오,KOSDAQ,중견기업부,9340,2,-50,-0.53,9390,9500,9100,34672,320117240,124901358680,13415828,KSQ,ME006
361390,2026-09-29,KR7361390008,제노코,KOSDAQ,벤처기업부,12950,2,-150,-1.15,12860,13100,12650,16739,214373230,124625676800,9736381,KSQ,ME006
092220,2026-09-29,KR7092220003,KEC,KOSPI,,3165,3,0,0.0,3130,3160,3055,487570,1515029533,124473146800,40152628,STK,ME006
004960,2026-09-29,KR7004960001,한신공영,KOSPI,,10890,2,-180,-1.63,11070,11090,10680,8202,88458890,124385046500,11570702,STK,ME006
027710,2026-09-29,KR7027710003,팜스토리,KOSDAQ,우량기업부,1113,2,-16,-1.42,1130,1133,1106,199900,222129267,124229509000,111416600,KSQ,ME006
297090,2026-09-29,KR7297090003,씨에스베어링,KOSDAQ,투자주의환기종목(소속부없음),4555,2,-160,-3.39,4670,4715,4490,103164,475451720,124214850000,27270000,KSQ,ME006
282880,2026-09-29,KR7282880004,코윈로보틱스,KOSDAQ,우량기업부,10600,2,-150,-1.4,10710,10840,10530,13714,145700030,124074210020,11694082,KSQ,ME006
042510,2026-09-29,KR7042510008,라온시큐어,KOSDAQ,벤처기업부,11290,2,-570,-4.81,12100,12400,10840,778433,9007081375,123829982200,11105828,KSQ,ME006
053260,2026-09-29,KR7053260006,금강철강,KOSDAQ,우량기업부,6540,2,-450,-6.44,7000,7070,6480,320001,2121733785,123739200000,18720000,KSQ,ME006
338840,2026-09-29,KR7338840002,와이바이오로직스,KOSDAQ,기술성장기업부,8050,2,-140,-1.71,8350,8350,8000,16988,137188060,123693019890,15403863,KSQ,ME006
115440,2026-09-29,KR7115440000,우리넷,KOSDAQ,우량기업부,11640,2,-470,-3.88,12070,12160,11190,994623,11518321860,123594643400,10794292,KSQ,ME006
078000,2026-09-29,KR7078000007,텔코웨어,KOSPI,,13340,1,50,0.38,13290,13360,13100,1298,17229660,123262627180,9240077,STK,ME006
021320,2026-09-29,KR7021320007,KCC건설,KOSDAQ,우량기업부,5840,1,20,0.34,6000,6000,5660,10774,61946110,123050000000,21400000,KSQ,ME006
009270,2026-09-29,KR7009270000,신원,KOSPI,,1078,2,-16,-1.46,1085,1101,1063,225444,242018182,123033861296,114770393,STK,ME006
056090,2026-09-29,KR7056090004,시지메드텍,KOSDAQ,벤처기업부,1190,3,0,0.0,0,0,0,0,0,122878252840,103259036,KSQ,ME006
307750,2026-09-29,KR7307750000,국전,KOSDAQ,중견기업부,2270,2,-80,-3.4,2355,2355,2270,77973,179300670,122818805200,53986288,KSQ,ME006
210540,2026-09-29,KR7210540001,디와이파워,KOSPI,,11150,2,-120,-1.06,11230,11250,11040,17445,193612240,122342124640,11041708,STK,ME006
006060,2026-09-29,KR7006060008,화승인더,KOSPI,,2225,2,-15,-0.67,2260,2260,2195,48455,106920112,122257200000,55320000,STK,ME006
417010,2026-09-29,KR7417010006,나노팀,KOSDAQ,벤처기업부,6040,2,-360,-5.63,6330,6400,5980,142172,865964570,122246731680,20172728,KSQ,ME006
001210,2026-09-29,KR7001210004,금호전기,KOSPI,,9670,2,-220,-2.22,9940,9960,9590,674167,6561843830,121846680350,12626599,STK,ME006
095700,2026-09-29,KR7095700001,제넥신,KOSDAQ,기술성장기업부,2695,2,-75,-2.71,2770,2770,2640,104652,281287657,121820821450,45540494,KSQ,ME006
256940,2026-09-29,KR7256940008,킵스파마,KOSDAQ,벤처기업부,6040,2,-110,-1.79,6220,6220,5960,11713,70406590,121673570820,20078147,KSQ,ME006
089470,2026-09-29,KR7089470009,HDC현대EP,KOSPI,,3830,3,0,0.0,3830,3830,3760,21384,81706335,121539000000,31900000,STK,ME006
005800,2026-09-29,KR7005800008,신영와코루,KOSPI,,13740,1,240,1.78,13410,13570,13270,993,13393250,121500000000,9000000,STK,ME006
350520,2026-09-29,KR7350520003,이지스레지던스리츠,KOSPI,,3295,2,-5,-0.15,3375,3375,3285,22245,73397430,121474135590,36866202,STK,ME006
001360,2026-09-29,KR7001360007,삼성제약,KOSPI,,1305,2,-3,-0.23,1328,1328,1274,165727,215059555,121469081910,94162079,STK,ME006
293580,2026-09-29,KR7293580007,나우IB,KOSDAQ,중견기업부,1266,2,-34,-2.62,1282,1306,1247,200932,254155246,121415406050,94929950,KSQ,ME006
002620,2026-09-29,KR7002620003,제일파마홀딩스,KOSPI,,7600,1,100,1.33,7500,7720,7360,1703,12949720,121397498000,15973355,STK,ME006
108230,2026-09-29,KR7108230004,톱텍,KOSDAQ,우량기업부,3220,2,-10,-0.31,3200,3235,3160,80360,256982985,121294151550,38023245,KSQ,ME006
002210,2026-09-29,KR7002210003,동성제약,KOSPI,,1262,2,-4,-0.32,1268,1278,1239,29881,37292898,120871003257,96619507,STK,ME006
071280,2026-09-29,KR7071280002,로체시스템즈,KOSDAQ,우량기업부,7930,1,130,1.67,7800,7970,7650,68008,527577185,120843163700,15296603,KSQ,ME006
095190,2026-09-29,KR7095190005,신화프리텍,KOSDAQ,중견기업부,1835,2,-6,-0.33,1841,1859,1816,23984,44185758,120601333776,65260462,KSQ,ME006
351320,2026-09-29,KR7351320007,넥사다이내믹스,KOSDAQ,중견기업부,3880,2,-5,-0.13,3885,3925,3675,147826,559712930,120309262960,31007542,KSQ,ME006
079650,2026-09-29,KR7079650008,서산,KOSDAQ,중견기업부,6090,2,-460,-7.02,6500,6630,6010,850113,5342674895,120200000000,20000000,KSQ,ME006
001520,2026-09-29,KR7001520006,동양,KOSPI,,1116,2,-37,-3.21,1151,1151,1113,465226,523515404,120190919904,107122032,STK,ME006
214420,2026-09-29,KR7214420002,토니모리,KOSPI,,5010,3,0,0.0,5010,5010,4955,24377,121368625,120153721005,24054799,STK,ME006
091440,2026-09-29,KR7091440008,한울소재과학,KOSDAQ,투자주의환기종목(소속부없음),3250,1,120,3.83,3130,3250,3060,335224,1056824945,120095079000,36952332,KSQ,ME006
008830,2026-09-29,KR7008830002,대동기어,KOSDAQ,중견기업부,6250,2,-10,-0.16,6210,6270,6140,135975,843439130,120078794160,19181916,KSQ,ME006
037560,2026-09-29,KR7037560000,LG헬로비전,KOSPI,,1542,2,-1,-0.06,1553,1553,1518,74223,113470693,119577959560,77446865,STK,ME006
331920,2026-09-29,KR7331920009,셀레믹스,KOSDAQ,기술성장기업부,10590,2,-20,-0.19,10450,11000,9870,70184,718480335,119307191850,11181555,KSQ,ME006
003010,2026-09-29,KR7003010006,혜인,KOSPI,,9320,2,-60,-0.64,9380,9440,8820,317040,2891431140,119245566860,12712747,STK,ME006
009780,2026-09-29,KR7009780008,엠에스씨,KOSDAQ,우량기업부,6790,1,50,0.74,6740,6810,6720,2402,16245015,119152000000,17600000,KSQ,ME006
009070,2026-09-29,KR7009070004,KCTC,KOSPI,,3990,2,-55,-1.36,4035,4050,3950,64925,258399693,118800000000,30000000,STK,ME006
321370,2026-09-29,KR7321370009,센서뷰,KOSDAQ,기술성장기업부,1691,2,-129,-7.09,1803,1820,1658,3376244,5750125965,118716003931,70622251,KSQ,ME006
008970,2026-09-29,KR7008970006,KBI동양철관,KOSPI,,1150,2,-23,-1.96,1163,1169,1131,423190,482534081,118398040887,103766907,STK,ME006
153890,2026-09-29,KR7153890009,져스텍,KOSDAQ,기술성장기업부,9860,2,-960,-8.87,10400,11280,9770,621015,6369242235,117972485950,12050305,KSQ,ME006
227840,2026-09-29,KR7227840006,현대코퍼레이션홀딩스,KOSPI,,12640,2,-220,-1.71,12860,13000,12620,3542,45424500,117855826200,9100836,STK,ME006
141000,2026-09-29,KR7141000000,비아트론,KOSDAQ,벤처기업부,9750,1,330,3.5,9420,9780,9420,49558,477278375,117391539900,12114710,KSQ,ME006
002390,2026-09-29,KR7002390003,한독,KOSPI,,8390,2,-70,-0.83,8800,8800,8390,7147,60987530,116990030500,13763533,STK,ME006
014530,2026-09-29,KR7014530000,극동유화,KOSPI,,3345,2,-35,-1.04,3375,3375,3300,58604,195856211,116986904100,34869420,STK,ME006
041440,2026-09-29,KR7041440009,현대에버다임,KOSDAQ,우량기업부,6590,2,-80,-1.2,6620,6670,6470,71976,471005105,116863213600,17841712,KSQ,ME006
037350,2026-09-29,KR7037350006,성도이엔지,KOSDAQ,우량기업부,7720,1,220,2.93,7390,7750,7390,103807,794247260,116660700000,15210000,KSQ,ME006
338220,2026-09-29,KR7338220007,뷰노,KOSDAQ,기술성장기업부,8080,1,1260,18.48,7700,8690,7350,2803207,22692988815,116495167360,14001823,KSQ,ME006
172670,2026-09-29,KR7172670002,에이엘티,KOSDAQ,벤처기업부,13090,2,-70,-0.53,13110,13350,12660,71717,922891210,116304161820,8960259,KSQ,ME006
041590,2026-09-29,KR7041590001,플래스크,KOSDAQ,관리종목(소속부없음),2370,3,0,0.0,0,0,0,0,0,116064014460,48972158,KSQ,ME006
297890,2026-09-29,KR7297890006,HB솔루션,KOSDAQ,우량기업부,1579,1,1,0.06,1570,1581,1520,326111,507265723,115635785034,73140914,KSQ,ME006
034590,2026-09-29,KR7034590000,인천도시가스,KOSPI,,26300,2,-50,-0.19,26300,26400,26250,1097,29069500,115493505600,4374754,STK,ME006
166480,2026-09-29,KR7166480004,코아스템켐온,KOSDAQ,벤처기업부,2185,2,-10,-0.46,2195,2250,2140,45183,98577290,115257419680,52870376,KSQ,ME006
474610,2026-09-29,KR7474610003,RF시스템즈,KOSDAQ,벤처기업부,7920,2,-40,-0.5,7890,7990,7610,67050,521485620,115177607800,14415220,KSQ,ME006
049520,2026-09-29,KR7049520000,유아이엘,KOSDAQ,우량기업부,3730,1,15,0.4,3730,3735,3670,34121,126093330,115042991250,30842625,KSQ,ME006
051980,2026-09-29,KR7051980001,중앙첨단소재,KOSDAQ,중견기업부,1035,3,0,0.0,0,0,0,0,0,114979918815,111091709,KSQ,ME006
443670,2026-09-29,KR7443670005,에스피소프트,KOSDAQ,중견기업부,4820,2,-135,-2.72,4910,4955,4740,338548,1626665791,114770495920,24010564,KSQ,ME006
336680,2026-09-29,KR7336680004,탑런토탈솔루션,KOSDAQ,중견기업부,2955,1,5,0.17,2995,2995,2805,22377,65276905,114500757150,39145558,KSQ,ME006
016740,2026-09-29,KR7016740003,두올,KOSPI,,3990,1,20,0.5,4055,4055,3920,7274,28909115,114409355760,28674024,STK,ME006
017510,2026-09-29,KR7017510009,세명전기,KOSDAQ,벤처기업부,7580,2,-200,-2.57,7690,7770,7430,169818,1279354455,114345000000,15246000,KSQ,ME006
015590,2026-09-29,KR7015590003,DKME,KOSPI,,2175,1,75,3.57,2090,2150,2035,63288,134508525,114001117580,53396308,STK,ME006
458650,2026-09-29,KR7458650009,성우,KOSDAQ,벤처기업부,7510,2,-90,-1.18,7600,7600,7420,5015,37517685,113895721900,15045670,KSQ,ME006
290740,2026-09-29,KR7290740000,액트로,KOSDAQ,벤처기업부,11450,2,-380,-3.21,11600,11600,11100,67239,763132290,113633974190,10065011,KSQ,ME006
308080,2026-09-29,KR7308080001,바이젠셀,KOSDAQ,기술성장기업부,5690,2,-80,-1.39,5800,5890,5450,96942,538749360,113565900400,20499260,KSQ,ME006
053080,2026-09-29,KR7053080008,케이엔솔,KOSDAQ,중견기업부,8740,2,-90,-1.02,9000,9280,8580,45917,402843590,113488315110,12999807,KSQ,ME006
047310,2026-09-29,KR7047310008,파워로직스,KOSDAQ,우량기업부,3125,2,-5,-0.16,3100,3125,3050,63654,195732360,113310286725,36610755,KSQ,ME006
054050,2026-09-29,KR7054050000,NH농우바이오,KOSDAQ,우량기업부,7040,3,0,0.0,7050,7070,7030,5416,38165350,113015455050,16030561,KSQ,ME006
017550,2026-09-29,KR7017550005,수산세보틱스,KOSPI,,1822,2,-10,-0.55,1832,1832,1789,169930,305846359,112942425300,62399130,STK,ME006
023450,2026-09-29,KR7023450000,동남합성,KOSPI,,32250,1,150,0.47,32100,32300,31850,884,28328900,112875000000,3500000,STK,ME006
004100,2026-09-29,KR7004100004,태양금속,KOSPI,,3085,2,-40,-1.28,3115,3125,3030,260684,800224220,112669000000,36700000,STK,ME006
079430,2026-09-29,KR7079430005,현대리바트,KOSPI,,5800,1,190,3.39,5620,5680,5570,3833,21416200,112639531200,20114202,STK,ME006
002460,2026-09-29,KR7002460004,HS화성,KOSPI,,11210,1,110,0.99,11200,11200,10930,7388,81317870,112563500000,10150000,STK,ME006
122450,2026-09-29,KR7122450000,KX,KOSDAQ,중견기업부,2535,3,0,0.0,2575,2580,2490,26914,67648395,112497783340,44819834,KSQ,ME006
016710,2026-09-29,KR7016710006,대성홀딩스,KOSPI,,7000,1,60,0.86,7000,7000,6890,2126,14691720,112304423820,16089459,STK,ME006
473980,2026-09-29,KR7473980001,노머스,KOSDAQ,기술성장기업부,10200,1,50,0.49,10190,10430,10030,11782,120325935,112201173120,10882752,KSQ,ME006
067990,2026-09-29,KR7067990002,도이치모터스,KOSDAQ,우량기업부,3845,2,-25,-0.65,3885,3900,3810,42656,164297695,112057152000,29181550,KSQ,ME006
333430,2026-09-29,KR7333430007,일승,KOSDAQ,중견기업부,3650,2,-145,-3.82,3765,3785,3610,80355,294624740,111845359080,30726747,KSQ,ME006
090850,2026-09-29,KR7090850009,현대이지웰,KOSDAQ,우량기업부,4980,2,-15,-0.3,4995,5020,4910,32702,161803324,111827567425,22477903,KSQ,ME006
018120,2026-09-29,KR7018120006,진로발효,KOSDAQ,우량기업부,16680,2,-120,-0.71,16990,16990,16640,146,2450055,111499660800,6621120,KSQ,ME006
086980,2026-09-29,KR7086980000,쇼박스,KOSDAQ,중견기업부,1796,2,-1,-0.06,1801,1820,1775,63837,114075899,111451830000,62438000,KSQ,ME006
083420,2026-09-29,KR7083420000,그린케미칼,KOSPI,,4710,1,65,1.4,4620,4680,4585,9409,43434992,111360000000,24000000,STK,ME006
083500,2026-09-29,KR7083500009,에프엔에스테크,KOSDAQ,우량기업부,13490,1,310,2.35,13260,13390,12810,70250,921316900,111222388030,8306377,KSQ,ME006
008040,2026-09-29,KR7008040008,사조동아원,KOSPI,,7880,1,580,7.95,7060,7940,7060,18259,136811190,111221944800,14114460,STK,ME006
396470,2026-09-29,KR7396470007,워트,KOSDAQ,중견기업부,6950,1,110,1.61,6850,6920,6740,72612,496297250,111066800000,16120000,KSQ,ME006
259630,2026-09-29,KR7259630002,엠플러스,KOSDAQ,우량기업부,9080,2,-120,-1.3,9130,9210,8960,54966,497385950,110857131720,12222396,KSQ,ME006
201490,2026-09-29,KR7201490000,미투온,KOSDAQ,중견기업부,3440,2,-295,-7.9,3665,3700,3350,2281049,7883059200,110769812510,32723726,KSQ,ME006
051360,2026-09-29,KR7051360006,토비스,KOSDAQ,우량기업부,11810,2,-70,-0.59,11880,12040,11650,3892,46117505,110548827720,9360612,KSQ,ME006
101170,2026-09-29,KR7101170009,우림피티에스,KOSDAQ,벤처기업부,8150,2,-420,-4.9,8530,8530,8100,44778,367956290,110025000000,13500000,KSQ,ME006
389020,2026-09-29,KR7389020009,자람테크놀로지,KOSDAQ,기술성장기업부,16000,2,-100,-0.62,16050,16100,15590,51707,818790470,109790803800,6905082,KSQ,ME006
063570,2026-09-29,KR7063570006,NICE인프라,KOSDAQ,우량기업부,3210,1,15,0.47,3195,3245,3195,13747,44219045,109614206880,34147728,KSQ,ME006
011810,2026-09-29,KR7011810009,STX,KOSPI,,3530,3,0,0.0,0,0,0,0,0,109493282310,31017927,STK,ME006
013570,2026-09-29,KR7013570007,디와이,KOSPI,,4165,2,-5,-0.12,4145,4175,4110,6792,28040180,109489673280,26319633,STK,ME006
217820,2026-09-29,KR7217820000,원익피앤이,KOSDAQ,중견기업부,2335,3,0,0.0,2375,2375,2275,232271,537436017,109382758495,47454559,KSQ,ME006
072950,2026-09-29,KR7072950009,빛샘전자,KOSDAQ,벤처기업부,13660,2,-140,-1.01,13720,14480,13100,1082062,14772920765,109032339400,8052610,KSQ,ME006
290720,2026-09-29,KR7290720002,푸드나무,KOSDAQ,중견기업부,2845,2,-85,-2.9,2960,2960,2800,39477,112428175,108916174415,38149273,KSQ,ME006
0011A0,2026-09-29,KR70011A0009,액스비스,KOSDAQ,벤처기업부,11670,2,-300,-2.51,11830,11990,11110,207162,2382483955,108738071000,9333740,KSQ,ME006
261780,2026-09-29,KR7261780001,아리바이오랩,KOSDAQ,기술성장기업부,3735,1,65,1.77,3690,3925,3460,3491332,13519513797,108729689880,28955976,KSQ,ME006
036630,2026-09-29,KR7036630002,세종텔레콤,KOSDAQ,우량기업부,7710,2,-170,-2.16,8310,8310,7760,4046,31975480,108640000000,14000000,KSQ,ME006
012200,2026-09-29,KR7012200002,계양전기,KOSPI,,3045,2,-115,-3.64,3130,3130,2980,641570,1953335094,108393856740,35422829,STK,ME006
040300,2026-09-29,KR7040300006,YTN,KOSDAQ,중견기업부,2260,1,5,0.22,2240,2320,2215,171383,390325683,108226744600,47676980,KSQ,ME006
129920,2026-09-29,KR7129920005,대성하이텍,KOSDAQ,벤처기업부,6620,1,360,5.75,6260,7000,6130,396938,2595046045,108053828400,16248696,KSQ,ME006
067900,2026-09-29,KR7067900001,와이엔텍,KOSDAQ,우량기업부,5950,1,50,0.85,5840,5920,5840,8275,48688625,107741981280,18199659,KSQ,ME006
334970,2026-09-29,KR7334970001,프레스티지바이오로직스,KOSDAQ,기술성장기업부,1370,1,5,0.37,1378,1384,1305,99560,131848217,107454144334,77752637,KSQ,ME006
339950,2026-09-29,KR7339950008,아이비김영,KOSDAQ,우량기업부,2375,2,-15,-0.63,2400,2400,2350,25220,59635584,107422505450,44946655,KSQ,ME006
242040,2026-09-29,KR7242040004,나무AX,KOSDAQ,기술성장기업부,3100,2,-225,-6.77,3330,3330,3050,455549,1432410178,107279418400,34606264,KSQ,ME006
039340,2026-09-29,KR7039340005,한국경제TV,KOSDAQ,우량기업부,4895,1,20,0.41,4875,4875,4835,264,1282585,107140000000,22000000,KSQ,ME006
120240,2026-09-29,KR7120240007,대정화금,KOSDAQ,우량기업부,14890,3,0,0.0,14880,14890,14660,7195,106126740,107064921990,7190391,KSQ,ME006
217270,2026-09-29,KR7217270008,넵튠,KOSDAQ,중견기업부,2390,2,-5,-0.21,2375,2400,2330,72437,170660250,106831195380,45654357,KSQ,ME006
299030,2026-09-29,KR7299030007,하나기술,KOSDAQ,벤처기업부,13360,2,-380,-2.77,13920,13920,13100,17599,233616825,106732048500,7994910,KSQ,ME006
012800,2026-09-29,KR7012800009,대창,KOSPI,,1180,1,4,0.34,1175,1185,1157,321442,374432034,106543243331,91140499,STK,ME006
311320,2026-09-29,KR7311320006,지오엘리먼트,KOSDAQ,기술성장기업부,8360,1,80,0.97,8250,8440,8110,14478,119853095,106466886400,12614560,KSQ,ME006
009580,2026-09-29,KR7009580002,무림P&P,KOSPI,,1710,2,-80,-4.47,1808,1808,1702,762183,1322814982,106462729068,62368324,STK,ME006
310200,2026-09-29,KR7310200001,애니플러스,KOSDAQ,중견기업부,2075,1,150,7.79,1925,2105,1901,813564,1648945937,106412185440,52162836,KSQ,ME006
039560,2026-09-29,KR7039560008,다산네트웍스,KOSDAQ,중견기업부,2475,2,-75,-2.94,2545,2545,2425,138614,341917404,106148958300,42888468,KSQ,ME006
0007J0,2026-09-29,KR70007J0006,인벤테라,KOSDAQ,기술성장기업부,13440,2,-940,-6.54,14300,14300,13440,111304,1542319970,105715196160,7865714,KSQ,ME006
182360,2026-09-29,KR7182360008,큐브엔터,KOSDAQ,우량기업부,6830,1,30,0.44,6790,6870,6630,18323,124049200,105703184800,15544586,KSQ,ME006
021820,2026-09-29,KR7021820006,세원정공,KOSPI,,10570,2,-110,-1.03,10740,10810,10490,6196,65975140,105700000000,10000000,STK,ME006
073560,2026-09-29,KR7073560005,우리손에프앤지,KOSDAQ,우량기업부,1516,2,-15,-0.98,1520,1530,1508,146102,221050521,105241217360,69237643,KSQ,ME006
289930,2026-09-29,KR7289930000,웨이비스,KOSDAQ,기술성장기업부,8000,2,-130,-1.6,8100,8130,7700,46581,368707075,105192080000,13149010,KSQ,ME006
130580,2026-09-29,KR7130580004,나이스디앤비,KOSDAQ,우량기업부,6800,2,-60,-0.87,6940,6940,6790,12213,83707890,105182000000,15400000,KSQ,ME006
078935,2026-09-29,KR7078931003,GS우,KOSPI,,60600,1,200,0.33,60400,60400,59000,2647,156853100,105178851600,1779676,STK,ME006
106190,2026-09-29,KR7106190002,하이텍팜,KOSDAQ,우량기업부,9930,2,-70,-0.7,10030,10040,9790,11785,116160810,105162080970,10633173,KSQ,ME006
394420,2026-09-29,KR7394420004,리센스메디컬,KOSDAQ,기술성장기업부,9680,2,-40,-0.41,9680,9730,9300,32902,312669330,104937147540,10999701,KSQ,ME006
475230,2026-09-29,KR7475230009,엔알비,KOSDAQ,벤처기업부,9680,2,-420,-4.16,10140,10140,9590,68356,659464270,104736343630,10898683,KSQ,ME006
109740,2026-09-29,KR7109740001,디에스케이,KOSDAQ,벤처기업부,4110,1,10,0.24,3965,4160,3965,8654,34940480,104512735350,25710390,KSQ,ME006
255440,2026-09-29,KR7255440000,야스,KOSDAQ,벤처기업부,8030,1,210,2.69,7720,8200,7630,118414,950487230,104202840000,13058000,KSQ,ME006
131030,2026-09-29,KR7131030009,옵투스제약,KOSDAQ,우량기업부,5910,1,20,0.34,5830,5950,5790,13091,76954510,104114881000,17646590,KSQ,ME006
004250,2026-09-29,KR7004250007,NPC,KOSPI,,2835,2,-15,-0.53,2840,2885,2815,29289,83084900,104101200000,36720000,STK,ME006
053350,2026-09-29,KR7053350005,이니텍,KOSDAQ,중견기업부,4800,3,0,0.0,4800,4925,4660,37777,179209986,104049532125,22021065,KSQ,ME006
014580,2026-09-29,KR7014580005,태경비케이,KOSPI,,3755,2,-55,-1.44,3780,3815,3710,44991,169005815,103988287000,27583100,STK,ME006
120030,2026-09-29,KR7120030002,조선선재,KOSPI,,83600,1,400,0.48,83900,83900,81900,324,26629400,103881972600,1257651,STK,ME006
006660,2026-09-29,KR7006660005,삼성공조,KOSPI,,12740,1,30,0.24,12610,12780,12340,86488,1088958855,103854292920,8126314,STK,ME006
038540,2026-09-29,KR7038540001,상상인,KOSDAQ,중견기업부,1878,2,-27,-1.42,1924,1939,1876,13821,26137185,103851243501,55328313,KSQ,ME006
209640,2026-09-29,KR7209640002,와이제이링크,KOSDAQ,중견기업부,3645,2,-240,-6.18,3830,3835,3585,491254,1797198839,103817482900,28443146,KSQ,ME006
027970,2026-09-29,KR7027970003,한국제지,KOSPI,,2725,3,0,0.0,2725,2735,2675,19876,53502515,103632142400,38030144,STK,ME006
010100,2026-09-29,KR7010100006,한국무브넥스,KOSPI,,3405,1,10,0.29,3415,3415,3350,27305,91918375,103379175900,30450420,STK,ME006
053700,2026-09-29,KR7053700001,삼보모터스,KOSDAQ,우량기업부,3855,2,-65,-1.66,3890,3930,3825,65961,253647410,103122822020,26715757,KSQ,ME006
175250,2026-09-29,KR7175250000,아이큐어,KOSDAQ,관리종목(소속부없음),1669,2,-11,-0.65,1680,1710,1630,52003,86789711,103037913073,61736317,KSQ,ME006
366030,2026-09-29,KR7366030005,나인앤컴퍼니,KOSDAQ,중견기업부,4650,2,-35,-0.75,4640,4680,4445,72169,326647140,102961748250,22653850,KSQ,ME006
217190,2026-09-29,KR7217190008,제너셈,KOSDAQ,벤처기업부,7810,1,110,1.43,7640,7900,7520,221883,1717642810,102862411020,13153761,KSQ,ME006
37550L,2026-09-29,KR737550K029,DL이앤씨2우(전환),KOSPI,,50900,2,-1000,-1.93,51800,51800,48700,4371,216241900,102852013700,2111951,STK,ME006
003580,2026-09-29,KR7003580008,HLB글로벌,KOSPI,,1991,2,-64,-3.11,2195,2540,2010,5823391,13395983916,102846915150,50663505,STK,ME006
246710,2026-09-29,KR7246710008,티앤알바이오팹,KOSDAQ,기술성장기업부,2150,2,-60,-2.71,2215,2300,2140,225852,493461740,102717006120,47664504,KSQ,ME006
123040,2026-09-29,KR7123040008,엠에스오토텍,KOSDAQ,중견기업부,1641,2,-16,-0.97,1674,1674,1625,32993,54045159,102710410360,62628299,KSQ,ME006
086960,2026-09-29,KR7086960002,MDS테크,KOSDAQ,우량기업부,2375,1,240,11.24,2285,2620,2260,10715943,26439270295,102494094700,42528670,KSQ,ME006
099750,2026-09-29,KR7099750002,이지케어텍,KOSDAQ,벤처기업부,7450,1,180,2.48,7650,8650,7410,1189756,9742546275,102034022310,13659173,KSQ,ME006
012320,2026-09-29,KR7012320008,경동인베스트,KOSPI,,43800,2,-250,-0.57,43750,44450,42600,7793,336597300,101814240150,2365023,STK,ME006
036010,2026-09-29,KR7036010007,아비코전자,KOSDAQ,중견기업부,7610,1,260,3.54,7300,7750,7230,117341,881873645,101558015760,13292934,KSQ,ME006
048550,2026-09-29,KR7048550008,SM C&C,KOSDAQ,중견기업부,1057,2,-7,-0.66,1064,1071,1039,168129,176439693,101550351000,96714620,KSQ,ME006
267850,2026-09-29,KR7267850006,아시아나IDT,KOSPI,,9040,2,-140,-1.53,9210,9240,9000,8299,75228870,101454000000,11100000,STK,ME006
125210,2026-09-29,KR7125210005,아모그린텍,KOSDAQ,우량기업부,6180,2,-20,-0.32,6200,6230,6020,63204,384773930,101125322700,16496790,KSQ,ME006
248170,2026-09-29,KR7248170003,샘표식품,KOSPI,,22150,2,-50,-0.23,22300,22300,22000,17733,392066075,100959120600,4568286,STK,ME006
411080,2026-09-29,KR7411080005,샌즈랩,KOSDAQ,기술성장기업부,6610,1,110,1.69,6720,6820,6280,697202,4615870415,100919087180,15267638,KSQ,ME006
173130,2026-09-29,KR7173130006,오파스넷,KOSDAQ,중견기업부,7670,2,-10,-0.13,7660,7730,7560,82639,631789865,100849236290,13046473,KSQ,ME006
119650,2026-09-29,KR7119650000,KC코트렐,KOSPI,,918,3,0,0.0,0,0,0,0,0,100782913662,109785309,STK,ME006
306620,2026-09-29,KR7306620006,지아이에스,KOSDAQ,벤처기업부,2105,1,118,5.94,2020,2155,2010,734437,1538092890,100678586400,47942184,KSQ,ME006
123690,2026-09-29,KR7123690000,한국화장품,KOSPI,,6230,2,-150,-2.35,6390,6390,6210,52538,328761515,100585680000,16068000,STK,ME006
100700,2026-09-29,KR7100700004,세운메디칼,KOSDAQ,우량기업부,2305,2,-15,-0.65,2330,2330,2285,45750,104945720,100521000000,43800000,KSQ,ME006
493330,2026-09-29,KR7493330005,지에프아이,KOSDAQ,벤처기업부,12570,1,650,5.45,11600,12500,11600,40966,501586090,100493912500,8039513,KSQ,ME006
063170,2026-09-29,KR7063170005,서울옥션,KOSDAQ,중견기업부,5680,2,-20,-0.35,5710,5740,5520,11182,62651610,100424608550,17774267,KSQ,ME006
419050,2026-09-29,KR7419050000,삼기에너지솔루션즈,KOSDAQ,중견기업부,1774,2,-121,-6.39,1852,1870,1724,2602009,4631780481,100207812480,57196240,KSQ,ME006
475580,2026-09-29,KR7475580007,에이럭스,KOSDAQ,벤처기업부,7280,2,-220,-2.93,7470,7470,7170,71560,520838795,100143015000,13624900,KSQ,ME006
235980,2026-09-29,KR7235980000,메드팩토,KOSDAQ,기술성장기업부,2905,1,45,1.57,2865,2940,2790,59114,170769779,99740602110,34275121,KSQ,ME006
309960,2026-09-29,KR7309960003,LB인베스트먼트,KOSDAQ,중견기업부,4270,2,-45,-1.04,4255,4290,4205,39281,166286307,99601955310,23217239,KSQ,ME006
246720,2026-09-29,KR7246720007,아스타,KOSDAQ,관리종목(소속부없음),6070,3,0,0.0,0,0,0,0,0,99434491000,16381300,KSQ,ME006
250060,2026-09-29,KR7250060001,모비스,KOSDAQ,기술성장기업부,3100,1,20,0.65,3080,3380,3005,423359,1326423027,99409360260,32171314,KSQ,ME006
059210,2026-09-29,KR7059210005,메타바이오메드,KOSDAQ,우량기업부,3665,2,-35,-0.95,3700,3820,3630,45357,167227120,99175774250,27171445,KSQ,ME006
323990,2026-09-29,KR7323990002,박셀바이오,KOSDAQ,기술성장기업부,4320,2,-75,-1.71,4395,4395,4225,62474,266070095,99076289700,23257345,KSQ,ME006
453450,2026-09-29,KR7453450009,그리드위즈,KOSDAQ,중견기업부,12560,2,-150,-1.18,12900,12900,12400,21488,268195650,98966665000,7942750,KSQ,ME006
021080,2026-09-29,KR7021080007,에이티넘인베스트,KOSDAQ,우량기업부,2065,2,-35,-1.67,2080,2090,2045,128692,264922775,98880000000,48000000,KSQ,ME006
357880,2026-09-29,KR7357880004,SKAI,KOSDAQ,기술성장기업부,1816,2,-84,-4.42,1899,1899,1815,387061,709597310,98871421152,54205823,KSQ,ME006
008700,2026-09-29,KR7008700007,아남전자,KOSPI,,1284,1,19,1.5,1265,1290,1256,237644,304334908,98719769600,77124820,STK,ME006
352090,2026-09-29,KR7352090005,스톰테크,KOSDAQ,우량기업부,3645,1,20,0.55,3625,3680,3600,69623,253475387,98623902660,26872998,KSQ,ME006
198440,2026-09-29,KR7198440000,강동씨앤엘,KOSDAQ,중견기업부,1609,2,-58,-3.48,1693,1745,1547,865491,1430532510,98526875832,60931896,KSQ,ME006
307930,2026-09-29,KR7307930008,컴퍼니케이,KOSDAQ,중견기업부,6430,2,-10,-0.16,6390,6430,6190,16975,106136740,98499100000,15610000,KSQ,ME006
002450,2026-09-29,KR7002450005,삼익악기,KOSPI,,1102,1,12,1.1,1077,1109,1073,44539,48148238,98497635520,90530915,STK,ME006
006620,2026-09-29,KR7006620009,동구바이오제약,KOSDAQ,우량기업부,3505,2,-20,-0.57,3525,3530,3445,31987,110965551,98346547360,28464992,KSQ,ME006
189330,2026-09-29,KR7189330004,씨이랩,KOSDAQ,기술성장기업부,10540,2,-390,-3.57,10930,10940,10240,134585,1411890935,98138690640,9382284,KSQ,ME006
088130,2026-09-29,KR7088130000,동아엘텍,KOSDAQ,우량기업부,5580,2,-70,-1.24,5600,5690,5520,23713,132167430,98092611540,17485314,KSQ,ME006
070960,2026-09-29,KR7070960000,모나용평,KOSPI,,2020,2,-30,-1.46,2080,2080,1970,26944,54403861,97951332655,48133333,STK,ME006
298540,2026-09-29,KR7298540006,더네이쳐홀딩스,KOSDAQ,우량기업부,6690,1,40,0.6,6650,6770,6460,61022,395647340,97927969360,14486386,KSQ,ME006
011280,2026-09-29,KR7011280005,태림포장,KOSPI,,1400,1,22,1.6,1356,1381,1356,18306,25188220,97712197200,70805940,STK,ME006
109670,2026-09-29,KR7109670000,씨싸이트,KOSDAQ,중견기업부,16730,1,3860,29.99,16730,16730,16730,110321,1845670330,97646351460,5836602,KSQ,ME006
035000,2026-09-29,KR7035000009,HS애드,KOSPI,,6050,2,-90,-1.47,6180,6180,5990,357995,2158669530,97407940440,16207644,STK,ME006
205100,2026-09-29,KR7205100001,엑셈,KOSDAQ,벤처기업부,1431,1,9,0.63,1428,1445,1408,351969,504166353,97391777308,67539374,KSQ,ME006
066790,2026-09-29,KR7066790007,씨씨에스,KOSDAQ,관리종목(소속부없음),2205,3,0,0.0,0,0,0,0,0,97355245995,44152039,KSQ,ME006
068240,2026-09-29,KR7068240001,다원시스,KOSDAQ,관리종목(소속부없음),2530,3,0,0.0,0,0,0,0,0,96553495610,38163437,KSQ,ME006
264900,2026-09-29,KR7264900002,크라운제과,KOSPI,,7770,1,100,1.3,7790,7790,7650,2009,15427810,96433645000,12523850,STK,ME006
417310,2026-09-29,KR7417310000,코람코더원리츠,KOSPI,,2350,2,-40,-1.67,2390,2390,2360,544559,1285803980,96354000000,40400000,STK,ME006
303810,2026-09-29,KR7303810006,동국생명과학,KOSDAQ,중견기업부,3015,2,-410,-11.97,3370,3505,2980,4604321,14870754936,95952420000,31984140,KSQ,ME006
049950,2026-09-29,KR7049950009,미래컴퍼니,KOSDAQ,중견기업부,10830,1,250,2.36,10610,10840,10450,19985,212425010,95585862560,8817884,KSQ,ME006
014790,2026-09-29,KR7014790000,HL D&I,KOSPI,,2530,2,-60,-2.32,2600,2635,2500,52668,132829115,95214381515,37858601,STK,ME006
002780,2026-09-29,KR7002780005,진흥기업,KOSPI,,6550,2,-220,-3.25,6800,6800,6520,57120,377099450,95138517960,14547174,STK,ME006
091120,2026-09-29,KR7091120006,이엠텍,KOSDAQ,중견기업부,5590,1,120,2.19,5470,5600,5300,40984,222974580,95087794800,17132936,KSQ,ME006
246960,2026-09-29,KR7246960009,SCL사이언스,KOSDAQ,기술성장기업부,2760,2,-115,-4.0,2920,2920,2580,385594,1047992335,95077646365,34017047,KSQ,ME006
002230,2026-09-29,KR7002230001,피에스텍,KOSDAQ,우량기업부,5160,1,10,0.19,5150,5160,5020,26036,131972150,95052721200,18421070,KSQ,ME006
074430,2026-09-29,KR7074430000,아미노로직스,KOSDAQ,중견기업부,1075,1,7,0.66,1077,1086,1059,47830,51097260,94970537496,89341992,KSQ,ME006
013700,2026-09-29,KR7013700000,까뮤이앤씨,KOSPI,,1595,2,-24,-1.48,1619,1619,1576,66781,106059865,94884318040,59750830,STK,ME006
017650,2026-09-29,KR7017650003,대림제지,KOSDAQ,우량기업부,10800,3,0,0.0,0,0,0,0,0,94878000000,8785000,KSQ,ME006
317770,2026-09-29,KR7317770006,엑스페릭스,KOSDAQ,벤처기업부,2630,1,45,1.74,2585,2615,2520,80651,205830006,94712325120,36997002,KSQ,ME006
045970,2026-09-29,KR7045970001,코아시아,KOSDAQ,중견기업부,3590,1,105,3.01,3530,3610,3440,34845,123800621,94601979220,26314876,KSQ,ME006
105740,2026-09-29,KR7105740005,디케이락,KOSDAQ,우량기업부,9440,2,-190,-1.97,9620,9620,9100,648233,6015272385,94567170900,10168513,KSQ,ME006
330350,2026-09-29,KR7330350000,위더스제약,KOSDAQ,우량기업부,7120,2,-160,-2.2,7260,7340,7000,64315,457169840,94509708800,13199680,KSQ,ME006
007540,2026-09-29,KR7007540008,샘표,KOSPI,,46600,2,-800,-1.69,47300,47400,46450,11953,557003225,94424675800,2015468,STK,ME006
008260,2026-09-29,KR7008260002,NI스틸,KOSPI,,3290,2,-10,-0.3,3315,3315,3260,16910,55316007,94380386100,28600117,STK,ME006
037030,2026-09-29,KR7037030004,파워넷,KOSDAQ,우량기업부,3680,2,-15,-0.41,3735,3735,3540,224909,814584359,94270505440,25512992,KSQ,ME006
042500,2026-09-29,KR7042500009,링네트,KOSDAQ,우량기업부,4195,2,-45,-1.06,4225,4245,4180,29564,124415735,94068627680,22291144,KSQ,ME006
025620,2026-09-29,KR7025620006,차AI헬스케어,KOSPI,,5140,1,50,0.98,5260,5260,4920,18563,93110660,93932500680,18203973,STK,ME006
067830,2026-09-29,KR7067830000,세이브존I&C,KOSPI,,2285,3,0,0.0,2285,2285,2230,17733,39946125,93778445075,41040895,STK,ME006
014440,2026-09-29,KR7014440002,영보화학,KOSPI,,4680,2,-20,-0.43,4690,4700,4645,4699,21914040,93700000000,20000000,STK,ME006
380550,2026-09-29,KR7380550004,뉴로핏,KOSDAQ,기술성장기업부,7650,2,-320,-4.02,8020,8280,7420,197227,1524231525,93687290880,12198866,KSQ,ME006
032560,2026-09-29,KR7032560005,황금에스티,KOSPI,,5490,2,-70,-1.26,5560,5630,5440,15794,86990865,93670000000,17000000,STK,ME006
007210,2026-09-29,KR7007210008,벽산,KOSPI,,1433,3,0,0.0,1432,1435,1420,24403,34772797,93530160000,65360000,STK,ME006
002200,2026-09-29,KR7002200004,한국수출포장,KOSPI,,2790,2,-10,-0.36,2770,2800,2740,32440,89519255,93464835390,33499941,STK,ME006
052420,2026-09-29,KR7052420007,오성첨단소재,KOSDAQ,우량기업부,9610,2,-270,-2.73,9850,9850,9540,12727,122807410,93328446220,9742009,KSQ,ME006
457370,2026-09-29,KR7457370005,한켐,KOSDAQ,중견기업부,11580,1,530,4.8,10880,12840,10830,6347776,76922056490,93014055020,8067134,KSQ,ME006
005860,2026-09-29,KR7005860002,한일사료,KOSDAQ,우량기업부,2355,2,-20,-0.84,2355,2400,2335,222369,524267133,92795678175,39403685,KSQ,ME006
053580,2026-09-29,KR7053580007,웹케시,KOSDAQ,우량기업부,7120,1,40,0.56,7130,7160,7000,12071,85222740,92365128680,12954436,KSQ,ME006
052460,2026-09-29,KR7052460003,아이크래프트,KOSDAQ,벤처기업부,6360,1,470,7.98,6020,6440,5960,242488,1506170530,92322155520,14607936,KSQ,ME006
036220,2026-09-29,KR7036220002,오상헬스케어,KOSDAQ,우량기업부,6450,2,-250,-3.73,6620,6670,6380,66354,430644885,92152639040,14309416,KSQ,ME006
363280,2026-09-29,KR7363280009,티와이홀딩스,KOSPI,,2020,1,10,0.5,1993,2055,1987,7981,16108376,91449639330,45497333,STK,ME006
040420,2026-09-29,KR7040420002,정상제이엘에스,KOSDAQ,우량기업부,5840,3,0,0.0,5840,5870,5820,10298,60146985,91400128160,15677552,KSQ,ME006
036580,2026-09-29,KR7036580009,팜스코,KOSPI,,2485,2,-35,-1.39,2495,2540,2470,23346,58119800,91268938355,36727943,STK,ME006
109610,2026-09-29,KR7109610006,에스와이,KOSDAQ,중견기업부,1879,3,0,0.0,1879,1891,1845,41068,76446421,91163393600,48907400,KSQ,ME006
187790,2026-09-29,KR7187790001,나노,KOSDAQ,벤처기업부,2955,2,-20,-0.67,2980,3000,2915,95773,283145799,90980448500,30840830,KSQ,ME006
048910,2026-09-29,KR7048910004,대원미디어,KOSDAQ,우량기업부,7130,1,170,2.44,7030,7220,6950,56113,400867275,90819990120,12578946,KSQ,ME006
234030,2026-09-29,KR7234030005,싸이닉솔루션,KOSDAQ,중견기업부,3805,1,415,12.24,3355,4095,3300,4386991,16973239583,90761225000,23605000,KSQ,ME006
900260,2026-09-29,HK0000295359,로스웰,KOSDAQ,외국기업(소속부없음),2015,1,74,3.81,1919,1968,1829,25019,47213588,90586461408,46029706,KSQ,ME006
001275,2026-09-29,KR7001271006,부국증권우,KOSPI,,30150,1,50,0.17,30200,30350,30100,398,12026400,90450000000,3000000,STK,ME006
439580,2026-09-29,KR7439580002,블루엠텍,KOSDAQ,기술성장기업부,2670,2,-285,-9.64,2825,2910,2600,1072432,2902476838,90370280490,33846547,KSQ,ME006
065450,2026-09-29,KR7065450009,빅텍,KOSDAQ,벤처기업부,3050,1,130,4.45,2950,3275,2920,6563799,20426769536,90257157180,29495803,KSQ,ME006
023900,2026-09-29,KR7023900004,풍국주정,KOSDAQ,우량기업부,7120,2,-80,-1.11,7200,7350,7100,5946,42599175,90216000000,12600000,KSQ,ME006
058850,2026-09-29,KR7058850009,KTcs,KOSPI,,2175,2,-5,-0.23,2190,2190,2162,71614,155599805,90054678750,41404450,STK,ME006
058860,2026-09-29,KR7058860008,KTis,KOSPI,,2575,2,-15,-0.58,2570,2605,2550,237149,609817940,89963170000,34802000,STK,ME006
348350,2026-09-29,KR7348350000,위드텍,KOSDAQ,벤처기업부,9200,2,-130,-1.39,9330,9380,9020,6918,63520750,89917120000,9773600,KSQ,ME006
062970,2026-09-29,KR7062970009,한국첨단소재,KOSDAQ,중견기업부,2980,2,-10,-0.33,2945,3050,2885,879219,2594131005,89764820540,30122423,KSQ,ME006
019180,2026-09-29,KR7019180009,티에이치엔,KOSPI,,5010,2,-10,-0.2,5010,5020,4940,50994,253382615,89640000000,18000000,STK,ME006
282720,2026-09-29,KR7282720002,금양그린파워,KOSDAQ,중견기업부,7380,2,-190,-2.51,7570,7570,7150,26174,189811950,89563105000,12119500,KSQ,ME006
093920,2026-09-29,KR7093920007,서원인텍,KOSDAQ,우량기업부,4840,2,-10,-0.21,4860,4860,4740,11130,53306302,89373000000,18600000,KSQ,ME006
047560,2026-09-29,KR7047560008,이스트소프트,KOSDAQ,중견기업부,7520,2,-40,-0.53,7790,7790,7460,20707,156474795,89323423200,11753082,KSQ,ME006
001290,2026-09-29,KR7001290006,상상인증권,KOSPI,,4135,2,-115,-2.71,4280,4285,4020,43823,181020245,89269786880,21667424,STK,ME006
033560,2026-09-29,KR7033560004,블루콤,KOSDAQ,중견기업부,5200,1,365,7.55,4830,5230,4720,53765,273724970,89262000000,17100000,KSQ,ME006
307870,2026-09-29,KR7307870006,비투엔,KOSDAQ,벤처기업부,1211,2,-47,-3.74,1252,1253,1195,280925,340519505,89159142000,74299285,KSQ,ME006
006840,2026-09-29,KR7006840003,AK홀딩스,KOSPI,,6730,2,-60,-0.88,6850,6850,6600,5231,35017870,89156085530,13247561,STK,ME006
014950,2026-09-29,KR7014950000,삼익제약,KOSDAQ,벤처기업부,8890,2,-1550,-14.85,10190,10230,8760,1848224,17122489625,89098153800,10067588,KSQ,ME006
096775,2026-09-29,KR7096771001,SK이노베이션우,KOSPI,,72700,2,-300,-0.41,74000,75800,70300,8597,616263900,89012773800,1248426,STK,ME006
362320,2026-09-29,KR7362320004,청담글로벌,KOSDAQ,중견기업부,4275,2,-20,-0.47,4345,4425,4235,67722,294272542,88979543100,20692917,KSQ,ME006
009300,2026-09-29,KR7009300005,삼아제약,KOSDAQ,우량기업부,13960,2,-80,-0.57,14200,14240,13680,445,6171550,88925200000,6370000,KSQ,ME006
013310,2026-09-29,KR7013310008,아진산업,KOSDAQ,우량기업부,2275,2,-15,-0.66,2285,2305,2265,35116,79921240,88867072780,38806582,KSQ,ME006
066590,2026-09-29,KR7066590001,스모트로닉,KOSDAQ,중견기업부,2310,3,0,0.0,2310,2310,2280,32369,74293075,88765865415,38677937,KSQ,ME006
357230,2026-09-29,KR7357230002,에이치피오,KOSDAQ,우량기업부,2145,2,-25,-1.15,2170,2175,2115,21414,45961307,88368038640,41293476,KSQ,ME006
432470,2026-09-29,KR7432470003,케이엔에스,KOSDAQ,벤처기업부,10050,2,-100,-0.99,10150,10840,9900,198664,2071480035,88241853360,8771556,KSQ,ME006
389030,2026-09-29,KR7389030008,지니너스,KOSDAQ,기술성장기업부,2235,2,-120,-5.1,2320,2435,2170,394894,906120683,87844764330,39392271,KSQ,ME006
023000,2026-09-29,KR7023000003,삼원강재,KOSPI,,2210,3,0,0.0,2210,2220,2180,8366,18391387,87427903200,39739956,STK,ME006
048530,2026-09-29,KR7048530000,인트론바이오,KOSDAQ,기술성장기업부,2885,2,-10,-0.35,2895,2895,2800,39234,111565285,87423675140,30891758,KSQ,ME006
322180,2026-09-29,KR7322180001,LS티라유텍,KOSDAQ,벤처기업부,4030,2,-110,-2.66,4140,4140,4005,35741,144345525,87381670890,21496106,KSQ,ME006
162300,2026-09-29,KR7162300008,신스틸,KOSDAQ,우량기업부,2110,2,-70,-3.21,2170,2200,2070,414453,872434515,87297259110,41471382,KSQ,ME006
052900,2026-09-29,KR7052900008,KX하이텍,KOSDAQ,우량기업부,1170,1,30,2.63,1116,1141,1112,478359,540016091,87248286420,76668090,KSQ,ME006
234300,2026-09-29,KR7234300002,에스트래픽,KOSDAQ,우량기업부,3180,1,55,1.76,3080,3205,3060,106142,334121350,87200934900,27207780,KSQ,ME006
412350,2026-09-29,KR7412350001,레이저쎌,KOSDAQ,기술성장기업부,5990,2,-10,-0.17,6020,6210,5800,332585,1986866695,87180166710,14603043,KSQ,ME006
192410,2026-09-29,KR7192410009,오늘이엔엠,KOSDAQ,중견기업부,3455,2,-180,-4.95,3610,3715,3350,61364,213294935,87017315595,25185909,KSQ,ME006
139990,2026-09-29,KR7139990006,아주스틸,KOSPI,,2240,1,20,0.9,2240,2245,2215,12252,27342380,86812127360,38755414,STK,ME006
096240,2026-09-29,KR7096240007,크레버스,KOSDAQ,우량기업부,8410,3,0,0.0,8460,8480,8360,4484,37632315,86205475600,10238180,KSQ,ME006
078140,2026-09-29,KR7078140001,대봉엘에스,KOSDAQ,우량기업부,7750,2,-160,-2.02,8100,8250,7670,47391,375178090,85920987250,11086579,KSQ,ME006
100130,2026-09-29,KR7100130004,동국S&C,KOSDAQ,중견기업부,1508,2,-26,-1.69,1541,1556,1490,467084,710331090,85828786000,57143000,KSQ,ME006
004650,2026-09-29,KR7004650008,창해에탄올,KOSDAQ,우량기업부,9290,2,-20,-0.21,9320,9320,9260,3369,31265600,85383321650,9190885,KSQ,ME006
054540,2026-09-29,KR7054540000,삼영엠텍,KOSDAQ,우량기업부,6630,2,-110,-1.63,6680,6690,6470,50423,329774350,85150000000,13000000,KSQ,ME006
033290,2026-09-29,KR7033290008,로젠,KOSDAQ,우량기업부,1519,2,-8,-0.52,1529,1529,1508,10206,15426077,85076796015,56156301,KSQ,ME006
004140,2026-09-29,KR7004140000,동방,KOSPI,,1772,1,7,0.4,1760,1781,1756,59026,104137944,84814082288,47971766,STK,ME006
357580,2026-09-29,KR7357580000,아모센스,KOSDAQ,기술성장기업부,7290,2,-70,-0.95,7090,7300,6930,105753,750839900,84768388780,11789762,KSQ,ME006
004890,2026-09-29,KR7004890000,동일산업,KOSPI,,35000,1,450,1.3,34400,34750,34250,633,21759950,84276221250,2425215,STK,ME006
263720,2026-09-29,KR7263720005,디앤씨미디어,KOSDAQ,우량기업부,6860,2,-70,-1.01,6810,6940,6810,5545,37932710,84249459680,12245561,KSQ,ME006
072020,2026-09-29,KR7072020001,중앙백신,KOSDAQ,벤처기업부,9140,2,-10,-0.11,9220,9220,9080,2813,25627310,84236707100,9256781,KSQ,ME006
223250,2026-09-29,KR7223250002,드림씨아이에스,KOSDAQ,벤처기업부,3415,2,-80,-2.29,3465,3465,3300,293053,989417740,84010516260,24600444,KSQ,ME006
049180,2026-09-29,KR7049180003,셀루메드,KOSDAQ,투자주의환기종목(소속부없음),1009,3,0,0.0,0,0,0,0,0,83975227728,83226192,KSQ,ME006
330730,2026-09-29,KR7330730003,스톤브릿지벤처스,KOSDAQ,벤처기업부,4555,2,-105,-2.25,4630,4660,4530,17308,78910940,83893107150,18217830,KSQ,ME006
183490,2026-09-29,KR7183490002,엔지켐생명과학,KOSDAQ,관리종목(소속부없음),990,3,0,0.0,0,0,0,0,0,83793832650,84640235,KSQ,ME006
006090,2026-09-29,KR7006090005,사조오양,KOSPI,,9000,1,150,1.69,8820,8890,8820,240,2126110,83673895680,9422736,STK,ME006
007980,2026-09-29,KR7007980006,TP,KOSPI,,1778,2,-45,-2.47,1801,1807,1755,227157,402432156,83571077700,46897350,STK,ME006
478560,2026-09-29,KR7478560006,블랙야크아이앤씨,KOSDAQ,벤처기업부,3320,1,140,4.4,3245,3455,3155,123502,409585287,83561014030,25830298,KSQ,ME006
044990,2026-09-29,KR7044990000,에이치엔에스하이텍,KOSDAQ,기술성장기업부,11060,1,110,1.0,10950,11270,10730,7364,79631740,83540569750,7685425,KSQ,ME006
140070,2026-09-29,KR7140070004,서플러스글로벌,KOSDAQ,벤처기업부,2270,1,80,3.65,2210,2265,2165,72368,160716010,83407940000,36988000,KSQ,ME006
066700,2026-09-29,KR7066700006,테라젠이텍스,KOSDAQ,중견기업부,2285,1,40,1.78,2200,2400,2170,259130,592275379,83407084120,37152376,KSQ,ME006
085670,2026-09-29,KR7085670008,뉴프렉스,KOSDAQ,우량기업부,3410,2,-70,-2.01,3425,3690,3360,848570,2985783695,83302587400,24500761,KSQ,ME006
086710,2026-09-29,KR7086710001,선진뷰티사이언스,KOSDAQ,우량기업부,6920,1,120,1.76,6900,6900,6670,3724,25303970,83226369600,12203280,KSQ,ME006
185490,2026-09-29,KR7185490000,아이진,KOSDAQ,벤처기업부,1922,2,-28,-1.44,1994,1994,1919,42440,81805586,83130874632,43229784,KSQ,ME006
094860,2026-09-29,KR7094860004,네오리진,KOSDAQ,중견기업부,1588,1,2,0.13,1586,1586,1510,116105,180034439,82957841868,53110014,KSQ,ME006
000850,2026-09-29,KR7000850008,화천기공,KOSPI,,37900,1,200,0.53,37300,38500,36850,4514,168385450,82940000000,2200000,STK,ME006
101330,2026-09-29,KR7101330009,모베이스,KOSDAQ,중견기업부,3530,2,-50,-1.4,3595,3595,3490,17099,60155153,82866363820,23147029,KSQ,ME006
251120,2026-09-29,KR7251120002,바이오에프디엔씨,KOSDAQ,기술성장기업부,9500,2,-10,-0.11,9500,9640,9330,17591,166854740,82783064000,8695700,KSQ,ME006
029480,2026-09-29,KR7029480001,광무,KOSDAQ,중견기업부,1372,2,-28,-2.0,1419,1419,1369,42993,59456922,82770716952,59719132,KSQ,ME006
002600,2026-09-29,KR7002600005,조흥,KOSPI,,137500,1,800,0.59,137500,137500,137500,1,137500,82500000000,600000,STK,ME006
063080,2026-09-29,KR7063080006,컴투스홀딩스,KOSDAQ,중견기업부,12440,2,-120,-0.96,12560,12600,12240,5147,63970660,82242044240,6595192,KSQ,ME006
038110,2026-09-29,KR7038110003,에코플라스틱,KOSDAQ,우량기업부,2015,2,-15,-0.74,2015,2050,1993,71186,142984512,82091723780,41169370,KSQ,ME006
058820,2026-09-29,KR7058820002,CMG제약,KOSDAQ,관리종목(소속부없음),553,1,6,1.1,541,557,537,515437,282332315,81912326468,148123556,KSQ,ME006
025950,2026-09-29,KR7025950007,동신건설,KOSDAQ,우량기업부,9800,2,-180,-1.8,9990,9990,9730,12922,126578210,81816000000,8400000,KSQ,ME006
215100,2026-09-29,KR7215100009,로보로보,KOSDAQ,벤처기업부,4010,2,-65,-1.6,4070,4075,3970,44308,177432016,81800785080,20348454,KSQ,ME006
33626K,2026-09-29,KR733626K013,두산퓨얼셀1우,KOSPI,,6180,2,-250,-3.89,6510,6510,6070,9787,60017690,81788904000,13364200,STK,ME006
037760,2026-09-29,KR7037760006,쎄니트,KOSDAQ,중견기업부,2400,3,0,0.0,2350,2400,2350,16203,38715690,81199010400,33832921,KSQ,ME006
137950,2026-09-29,KR7137950002,제이씨케미칼,KOSDAQ,우량기업부,3645,2,-95,-2.54,3765,3765,3570,32615,118345382,81166182030,22267814,KSQ,ME006
001260,2026-09-29,KR7001260009,남광토건,KOSPI,,8230,1,420,5.38,8930,9400,8070,415369,3583003990,81118719000,9832572,STK,ME006
412540,2026-09-29,KR7412540007,제일엠앤에스,KOSDAQ,관리종목(소속부없음),3935,3,0,0.0,0,0,0,0,0,81063616775,20600665,KSQ,ME006
000590,2026-09-29,KR7000590000,CS홀딩스,KOSPI,,70400,1,100,0.14,68400,70300,68300,233,16237100,81044636400,1154482,STK,ME006
036640,2026-09-29,KR7036640001,HRS,KOSDAQ,우량기업부,4995,2,-35,-0.7,4965,5010,4940,15068,74822493,80956260000,16354800,KSQ,ME006
147760,2026-09-29,KR7147760003,피엠티,KOSDAQ,벤처기업부,4020,2,-10,-0.25,3950,4040,3780,135606,529485867,80800000000,20000000,KSQ,ME006
226400,2026-09-29,KR7226400000,오스테오닉,KOSDAQ,기술성장기업부,3930,2,-95,-2.36,4030,4030,3780,362115,1394105992,80580243900,20661601,KSQ,ME006
302550,2026-09-29,KR7302550009,리메드,KOSDAQ,기술성장기업부,2665,1,55,2.11,2660,2670,2600,21677,57056630,80531534580,30275013,KSQ,ME006
066430,2026-09-29,KR7066430000,아이로보틱스,KOSDAQ,중견기업부,2070,2,-20,-0.96,2150,2150,2040,236785,490356531,80460393180,39153476,KSQ,ME006
089230,2026-09-29,KR7089230007,THE E&M,KOSDAQ,중견기업부,2050,2,-10,-0.49,2060,2110,1995,101272,208079775,80419562160,39421354,KSQ,ME006
0117P0,2026-09-29,KR70117P0005,피스피스스튜디오,KOSDAQ,중견기업부,5680,3,0,0.0,5640,5820,5610,68597,390343890,80337725370,14168911,KSQ,ME006
067000,2026-09-29,KR7067000000,조이시티,KOSDAQ,중견기업부,1146,1,15,1.33,1117,1149,1117,51667,58412690,80249156008,69903446,KSQ,ME006
418470,2026-09-29,KR7418470001,KT밀리의서재,KOSDAQ,우량기업부,9340,2,-220,-2.3,9460,9610,9270,22334,208554815,80175785040,8565789,KSQ,ME006
078890,2026-09-29,KR7078890001,가온그룹,KOSDAQ,중견기업부,4350,2,-80,-1.81,4350,4480,4270,45429,196065697,80148502050,18424943,KSQ,ME006
007820,2026-09-29,KR7007820004,엠엑스로보틱스,KOSDAQ,중견기업부,3450,2,-30,-0.86,3445,3465,3360,72511,246588535,79882710075,23323419,KSQ,ME006
049080,2026-09-29,KR7049080005,기가레인,KOSDAQ,벤처기업부,9570,2,-130,-1.34,9710,9710,9150,185247,1749151680,79875222940,8488334,KSQ,ME006
294630,2026-09-29,KR7294630009,서남,KOSDAQ,기술성장기업부,3040,2,-5,-0.16,3080,3080,2980,114871,345807360,79762528790,26499179,KSQ,ME006
100590,2026-09-29,KR7100590009,머큐리,KOSDAQ,중견기업부,4740,2,-145,-2.97,4860,4860,4550,344878,1600674528,79613186525,17139545,KSQ,ME006
149980,2026-09-29,KR7149980005,하이로닉,KOSDAQ,중견기업부,4510,2,-80,-1.74,4660,4660,4410,16784,75544150,79373597290,17199046,KSQ,ME006
111380,2026-09-29,KR7111380002,동인기연,KOSPI,,12760,2,-170,-1.31,12930,13170,12760,2277,29211570,79296320000,6128000,STK,ME006
032540,2026-09-29,KR7032540007,TJ미디어,KOSDAQ,우량기업부,3800,1,10,0.26,3790,3800,3750,7089,26727805,79201195270,20897413,KSQ,ME006
032300,2026-09-29,KR7032300006,한국파마,KOSDAQ,중견기업부,7270,1,50,0.69,7470,7470,7180,4878,35362705,79182649260,10906701,KSQ,ME006
023800,2026-09-29,KR7023800006,인지컨트롤스,KOSPI,,5030,3,0,0.0,5070,5070,4920,54393,270541815,79045985000,15809197,STK,ME006
475430,2026-09-29,KR7475430005,키스트론,KOSDAQ,중견기업부,4390,2,-10,-0.23,4400,4430,4325,69799,305637884,78799405650,17848110,KSQ,ME006
131370,2026-09-29,KR7131370009,알서포트,KOSDAQ,벤처기업부,1479,2,-9,-0.6,1460,1488,1460,44607,65542245,78675481591,53267083,KSQ,ME006
058400,2026-09-29,KR7058400003,KNN,KOSDAQ,우량기업부,5970,1,130,2.23,5840,6000,5800,20510,121504210,78663253680,13242972,KSQ,ME006
066980,2026-09-29,KR7066980004,한성크린텍,KOSDAQ,벤처기업부,1462,2,-30,-2.01,1490,1509,1438,162348,237697138,78505956380,53771203,KSQ,ME006
047820,2026-09-29,KR7047820006,초록뱀미디어,KOSDAQ,중견기업부,3220,1,10,0.31,3215,3215,3185,8582,27503675,78497115300,24453930,KSQ,ME006
004590,2026-09-29,KR7004590006,한국가구,KOSDAQ,중견기업부,5220,2,-90,-1.69,5360,5360,5210,17370,91171690,78300000000,15000000,KSQ,ME006
069730,2026-09-29,KR7069730000,DSR제강,KOSPI,,5450,1,30,0.55,5500,5550,5350,23098,125553300,78192000000,14400000,STK,ME006
007610,2026-09-29,KR7007610009,선도전기,KOSPI,,4390,1,20,0.46,4380,4380,4215,248013,1064218311,78120000000,18000000,STK,ME006
0015S0,2026-09-29,KR70015S0005,페스카로,KOSDAQ,기술성장기업부,7850,2,-230,-2.85,8200,8360,7830,59666,478068005,77947167000,9866730,KSQ,ME006
011700,2026-09-29,KR7011700002,한신기계,KOSPI,,2405,2,-55,-2.24,2455,2455,2375,77000,184142666,77870762400,32446151,STK,ME006
323350,2026-09-29,KR7323350009,다원넥스뷰,KOSDAQ,기술성장기업부,9760,2,-10,-0.1,9740,9920,8770,117928,1102859175,77784596120,8010772,KSQ,ME006
054670,2026-09-29,KR7054670005,대한뉴팜,KOSDAQ,우량기업부,5460,2,-20,-0.36,5480,5480,5370,7085,38351350,77660117200,14354920,KSQ,ME006
009180,2026-09-29,KR7009180001,한솔로지스틱스,KOSPI,,2775,1,20,0.73,2780,2785,2755,44430,123411480,77569297875,28155825,STK,ME006
000440,2026-09-29,KR7000440008,중앙에너비스,KOSDAQ,중견기업부,12320,2,-230,-1.83,12480,12490,12180,13650,168204550,77465497200,6227130,KSQ,ME006
102370,2026-09-29,KR7102370004,케이옥션,KOSDAQ,기술성장기업부,3015,1,30,1.01,3080,3080,2910,47911,142502155,77405987100,25888290,KSQ,ME006
381620,2026-09-29,KR7381620004,제닉스로보틱스,KOSDAQ,중견기업부,5940,2,-100,-1.66,6100,6100,5860,25839,152607400,77133369600,13117920,KSQ,ME006
024880,2026-09-29,KR7024880007,케이피에프,KOSDAQ,우량기업부,3830,2,-70,-1.79,3895,3895,3805,78216,300447580,77074376760,19941624,KSQ,ME006
389140,2026-09-29,KR7389140005,포바이포,KOSDAQ,벤처기업부,5380,2,-320,-5.61,5700,5760,5300,122762,686282730,76913871650,14269735,KSQ,ME006
365330,2026-09-29,KR7365330000,에스와이스틸텍,KOSDAQ,우량기업부,1542,2,-32,-2.03,1551,1585,1520,157378,241544294,76912143000,50171000,KSQ,ME006
083790,2026-09-29,KR7083790006,CG인바이츠,KOSDAQ,벤처기업부,977,2,-20,-2.01,953,1013,939,161667,159357328,76740393636,76894182,KSQ,ME006
004840,2026-09-29,KR7004840005,DRB동일,KOSPI,,3970,1,55,1.4,3935,4000,3875,16894,66557625,76511285080,19272364,STK,ME006
088390,2026-09-29,KR7088390000,이녹스,KOSDAQ,중견기업부,8150,1,120,1.49,8050,8170,7920,4745,38365920,76400770160,9385844,KSQ,ME006
950130,2026-09-29,KR8840090003,엑세스바이오,KOSDAQ,외국기업(소속부없음),2180,2,-50,-2.24,2185,2300,2140,54543,118861176,76327219780,35173834,KSQ,ME006
331380,2026-09-29,KR7331380006,포커스에이아이,KOSDAQ,투자주의환기종목(소속부없음),2065,3,0,0.0,2175,2175,1993,9349,18920507,76322868755,36960227,KSQ,ME006
005740,2026-09-29,KR7005740006,크라운해태홀딩스,KOSPI,,5210,2,-10,-0.19,5210,5220,5120,4382,22584645,76315363580,14847347,STK,ME006
225530,2026-09-29,KR7225530005,HC보광산업,KOSDAQ,우량기업부,2100,3,0,0.0,2110,2110,2060,3659,7666275,76311326700,36338727,KSQ,ME006
073640,2026-09-29,KR7073640005,테라사이언스,KOSDAQ,관리종목(소속부없음),654,3,0,0.0,0,0,0,0,0,76111715580,116378770,KSQ,ME006
382840,2026-09-29,KR7382840007,원준,KOSDAQ,중견기업부,4980,2,-140,-2.73,5060,5110,4920,18073,89994575,76052473380,15271581,KSQ,ME006
030960,2026-09-29,KR7030960009,양지사,KOSDAQ,중견기업부,4825,2,-45,-0.92,4870,4900,4750,20082,96053080,75905000000,15980000,KSQ,ME006
163560,2026-09-29,KR7163560006,동일고무벨트,KOSPI,,5460,2,-20,-0.36,5540,5540,5410,14148,77039320,75894000000,13900000,STK,ME006
124560,2026-09-29,KR7124560004,태웅로직스,KOSDAQ,우량기업부,1959,2,-24,-1.21,1947,1970,1920,24297,46997906,75892789560,38720811,KSQ,ME006
041930,2026-09-29,KR7041930009,SY동아,KOSDAQ,우량기업부,5010,1,10,0.2,4975,5000,4910,25626,126596425,75848000000,15200000,KSQ,ME006
066310,2026-09-29,KR7066310004,큐에스아이,KOSDAQ,벤처기업부,8100,2,-180,-2.17,8280,8320,7990,33809,273183890,75841859780,9271621,KSQ,ME006
0017J0,2026-09-29,KR70017J0004,세미티에스,KOSDAQ,벤처기업부,2510,2,-45,-1.76,2555,2585,2475,204012,510155957,75679112910,30151041,KSQ,ME006
396270,2026-09-29,KR7396270001,넥스트칩,KOSDAQ,벤처기업부,2305,1,5,0.22,2295,2360,2255,195826,452147590,75641091300,32887431,KSQ,ME006
012700,2026-09-29,KR7012700001,리드코프,KOSDAQ,우량기업부,2905,1,5,0.17,2925,2925,2880,2640,7656460,75515045060,25994852,KSQ,ME006
079810,2026-09-29,KR7079810008,APS이노베이션,KOSDAQ,우량기업부,3550,2,-35,-0.98,3550,3590,3500,19543,69080619,75455969470,21528094,KSQ,ME006
007590,2026-09-29,KR7007590003,동방아그로,KOSPI,,5550,2,-10,-0.18,5560,5560,5510,1446,8000190,75441376580,13617577,STK,ME006
084680,2026-09-29,KR7084680008,이월드,KOSPI,,532,3,0,0.0,0,0,0,0,0,75440894676,141806193,STK,ME006
142280,2026-09-29,KR7142280007,녹십자엠에스,KOSDAQ,중견기업부,3135,2,-95,-2.94,3240,3240,3100,202268,637859569,75363732495,23963031,KSQ,ME006
091590,2026-09-29,KR7091590000,남화토건,KOSDAQ,중견기업부,6310,1,150,2.44,6300,6710,6170,465036,2999921610,75136000000,11740000,KSQ,ME006
060570,2026-09-29,KR7060570009,드림어스컴퍼니,KOSDAQ,중견기업부,5000,1,10,0.2,4925,5040,4805,3181,15626733,74694382560,14820314,KSQ,ME006
080010,2026-09-29,KR7080010002,이상네트웍스,KOSDAQ,중견기업부,7560,1,60,0.8,7350,7600,7250,1986,14540960,74648188890,9835071,KSQ,ME006
011320,2026-09-29,KR7011320009,유니크,KOSDAQ,우량기업부,3880,1,25,0.65,3880,3880,3795,12746,48924480,74577882700,19320695,KSQ,ME006
019550,2026-09-29,KR7019550003,SBI인베스트먼트,KOSDAQ,중견기업부,925,2,-15,-1.6,940,940,905,225462,206271227,74440187976,80562974,KSQ,ME006
040160,2026-09-29,KR7040160004,누리플렉스,KOSDAQ,중견기업부,6280,2,-230,-3.53,6410,6590,6250,8483,53612500,74270943750,11883351,KSQ,ME006
000105,2026-09-29,KR7000101006,유한양행우,KOSPI,,64500,2,-1500,-2.27,66000,66000,64000,385,24829300,74182764000,1148340,STK,ME006
010960,2026-09-29,KR7010960003,삼호개발,KOSPI,,3075,2,-15,-0.49,3095,3100,3050,58476,179029547,74169000000,24120000,STK,ME006
040910,2026-09-29,KR7040910002,아이씨디,KOSDAQ,중견기업부,4105,2,-25,-0.61,4065,4125,3980,8564,34454990,74151042000,18174275,KSQ,ME006
208370,2026-09-29,KR7208370007,셀바스헬스케어,KOSDAQ,벤처기업부,2845,1,100,3.64,2800,3100,2615,5749476,16697804384,74132824320,25740564,KSQ,ME006
371950,2026-09-29,KR7371950007,풍원정밀,KOSDAQ,기술성장기업부,3105,2,-90,-2.82,3150,3190,3025,50399,155722069,74111956450,23565010,KSQ,ME006
123010,2026-09-29,KR7123010001,MSDI,KOSDAQ,기술성장기업부,3790,1,390,11.47,3560,3680,3330,396808,1399764075,74090786055,20215767,KSQ,ME006
060590,2026-09-29,KR7060590007,씨티씨바이오,KOSDAQ,중견기업부,3080,1,30,0.98,3050,3075,3010,40664,123738280,73993921200,24181020,KSQ,ME006
084730,2026-09-29,KR7084730001,팅크웨어,KOSDAQ,중견기업부,6630,1,10,0.15,6680,6680,6460,6001,39011460,73988763840,11109424,KSQ,ME006
303360,2026-09-29,KR7303360002,프로티아,KOSDAQ,기술성장기업부,5790,1,490,9.25,5220,5940,5160,438553,2512297920,73929564100,12879715,KSQ,ME006
388870,2026-09-29,KR7388870008,파로스아이바이오,KOSDAQ,기술성장기업부,5760,2,-240,-4.0,6000,6050,5640,57584,335975905,73921271720,12945932,KSQ,ME006
208140,2026-09-29,KR7208140004,정다운,KOSDAQ,우량기업부,2265,2,-5,-0.22,2265,2280,2230,18878,42486060,73866395960,32684246,KSQ,ME006
168330,2026-09-29,KR7168330009,내츄럴엔도텍,KOSDAQ,투자주의환기종목(소속부없음),2320,2,-30,-1.28,2350,2350,2270,7160,16545095,73671368000,31754900,KSQ,ME006
253840,2026-09-29,KR7253840003,수젠텍,KOSDAQ,중견기업부,4400,2,-195,-4.24,4550,4555,4380,121661,541765744,73586364000,16743200,KSQ,ME006
011370,2026-09-29,KR7011370004,서한,KOSDAQ,우량기업부,3670,2,-40,-1.08,3720,3720,3635,16925,61943315,73552356585,20178973,KSQ,ME006
487580,2026-09-29,KR7487580003,폴레드,KOSDAQ,벤처기업부,2925,2,-90,-2.99,2975,3010,2910,133734,393335736,73533954120,25182861,KSQ,ME006
360070,2026-09-29,KR7360070007,탑머티리얼,KOSDAQ,중견기업부,9150,2,-150,-1.61,9300,9300,8960,10115,91400480,73482625710,8192043,KSQ,ME006
320000,2026-09-29,KR7320000003,한울반도체,KOSDAQ,중견기업부,10640,1,30,0.28,10230,10760,10230,125536,1328205095,73423175400,6913670,KSQ,ME006
263800,2026-09-29,KR7263800005,데이타솔루션,KOSDAQ,중견기업부,4485,2,-115,-2.5,4580,4590,4470,100780,454798825,73419844500,16225380,KSQ,ME006
109070,2026-09-29,KR7109070003,주성코퍼레이션,KOSPI,,6930,2,-220,-3.08,7360,7360,6920,30397,213050975,73406219700,10562046,STK,ME006
012790,2026-09-29,KR7012790002,신일제약,KOSDAQ,우량기업부,6170,1,50,0.82,6120,6130,6080,1410,8604690,73356859800,11986415,KSQ,ME006
058630,2026-09-29,KR7058630005,엠게임,KOSDAQ,우량기업부,3940,2,-35,-0.88,3960,3960,3875,52318,203986564,73306901470,18772574,KSQ,ME006
170030,2026-09-29,KR7170030001,현대공업,KOSDAQ,우량기업부,4780,1,5,0.1,4750,4785,4735,7749,36904094,73018400000,15340000,KSQ,ME006
013360,2026-09-29,KR7013360003,일성건설,KOSPI,,1371,2,-10,-0.72,1371,1392,1350,162762,221367831,72987612880,54024880,STK,ME006
451250,2026-09-29,KR7451250005,삐아,KOSDAQ,벤처기업부,7130,2,-110,-1.52,7210,7240,7120,6776,48492700,72910503010,10225877,KSQ,ME006
002220,2026-09-29,KR7002220002,한일철강,KOSPI,,2745,2,-105,-3.68,2845,2845,2685,244554,666163465,72884065800,26697460,STK,ME006
065510,2026-09-29,KR7065510000,휴비츠,KOSDAQ,우량기업부,6720,3,0,0.0,6720,6720,6630,13808,92099530,72881896500,10877895,KSQ,ME006
017480,2026-09-29,KR7017480005,삼현철강,KOSDAQ,우량기업부,4715,2,-60,-1.26,4775,4775,4690,19823,93347705,72813226350,15442890,KSQ,ME006
020710,2026-09-29,KR7020710000,시공테크,KOSDAQ,우량기업부,3620,2,-85,-2.29,3725,3725,3580,131864,477948995,72774131100,20047970,KSQ,ME006
347890,2026-09-29,KR7347890006,엠엑스온,KOSDAQ,벤처기업부,4275,2,-20,-0.47,4260,4350,4205,8552,36371240,72731447100,17013204,KSQ,ME006
002795,2026-09-29,KR7002791002,아모레퍼시픽홀딩스우,KOSPI,,11390,1,10,0.09,11210,11480,11010,14216,161835380,72617737360,6381172,STK,ME006
302430,2026-09-29,KR7302430004,이노메트리,KOSDAQ,벤처기업부,7410,1,20,0.27,7450,7800,7300,185661,1400101185,72543739200,9803208,KSQ,ME006
041910,2026-09-29,KR7041910001,폴라리스AI파마,KOSDAQ,우량기업부,5520,2,-90,-1.6,5600,5600,5450,18618,102464440,72527091000,13283350,KSQ,ME006
171120,2026-09-29,KR7171120009,라이온켐텍,KOSDAQ,우량기업부,2015,1,5,0.25,2015,2015,1992,8555,17123272,72342046400,35901760,KSQ,ME006
055490,2026-09-29,KR7055490007,테이팩스,KOSPI,,15100,1,130,0.87,14980,15180,14590,13636,203166990,72326281500,4786650,STK,ME006
038680,2026-09-29,KR7038680005,에스넷,KOSDAQ,우량기업부,3610,2,-120,-3.22,3730,3750,3595,40647,147441536,72282890460,19912642,KSQ,ME006
013870,2026-09-29,KR7013870001,지엠비코리아,KOSPI,,3825,3,0,0.0,3825,3825,3760,17101,64691890,72093218400,19072280,STK,ME006
004770,2026-09-29,KR7004770004,써니전자,KOSPI,,2010,2,-20,-0.99,2045,2055,2000,349863,707524924,72080099140,35507438,STK,ME006
228340,2026-09-29,KR7228340006,동양파일,KOSDAQ,중견기업부,3575,2,-195,-5.17,3770,3960,3580,490642,1813809246,72000000000,20000000,KSQ,ME006
377480,2026-09-29,KR7377480009,마음AI,KOSDAQ,기술성장기업부,10130,2,-170,-1.65,10300,10300,9990,30906,310597625,71884880250,7110275,KSQ,ME006
234920,2026-09-29,KR7234920007,자이글,KOSDAQ,관리종목(소속부없음),5310,3,0,0.0,0,0,0,0,0,71849132100,13530910,KSQ,ME006
347000,2026-09-29,KR7347000002,센코,KOSDAQ,기술성장기업부,1880,2,-18,-0.95,1899,1900,1818,67655,125426839,71840607400,37810846,KSQ,ME006
282620,2026-09-29,KR7282620004,기도산업,KOSDAQ,중견기업부,12270,2,-520,-4.07,12660,12780,12150,71214,879618565,71793660750,5860707,KSQ,ME006
024740,2026-09-29,KR7024740003,한일단조,KOSDAQ,우량기업부,2190,2,-30,-1.35,2250,2305,2135,253052,558639625,71715566820,32897049,KSQ,ME006
024900,2026-09-29,KR7024900003,디와이덕양,KOSPI,,2175,1,25,1.16,2125,2215,2125,168082,366031225,71642956000,32564980,STK,ME006
053280,2026-09-29,KR7053280004,예스24,KOSDAQ,중견기업부,2875,3,0,0.0,2865,2865,2810,11523,32660050,71125000000,25000000,KSQ,ME006
104040,2026-09-29,KR7104040001,디에스엠,KOSDAQ,벤처기업부,2655,1,25,0.95,2630,2665,2550,33202,86875995,71055947250,26813565,KSQ,ME006
054040,2026-09-29,KR7054040001,한국컴퓨터,KOSDAQ,우량기업부,4435,2,-5,-0.11,4395,4465,4395,11126,49431040,71035101800,16071290,KSQ,ME006
014160,2026-09-29,KR7014160006,대영포장,KOSPI,,655,3,0,0.0,0,0,0,0,0,70998429595,108394549,STK,ME006
063160,2026-09-29,KR7063160006,종근당바이오,KOSPI,,13090,2,-30,-0.23,13110,13120,12870,2623,33983380,70988348280,5485962,STK,ME006
338100,2026-09-29,KR7338100001,NH프라임리츠,KOSPI,,3810,1,20,0.53,3795,3810,3760,53531,203124005,70814700000,18660000,STK,ME006
214330,2026-09-29,KR7214330003,금호에이치티,KOSPI,,6850,1,140,2.09,6710,6890,6620,43472,293083935,70793409330,10456929,STK,ME006
038460,2026-09-29,KR7038460002,바이오스마트,KOSDAQ,우량기업부,2795,2,-15,-0.53,2815,2815,2710,117107,320755470,70768717600,25274542,KSQ,ME006
090470,2026-09-29,KR7090470006,제이스로보틱스,KOSDAQ,벤처기업부,4270,1,115,2.77,4360,4360,4020,20239,82228510,70692822730,17476594,KSQ,ME006
299660,2026-09-29,KR7299660001,셀리드,KOSDAQ,기술성장기업부,2385,2,-245,-9.32,2605,2605,2355,675490,1653526294,70659629915,29502977,KSQ,ME006
413390,2026-09-29,KR7413390006,엠오티,KOSDAQ,중견기업부,6220,2,-30,-0.48,6400,6410,6020,5750,35442070,70647355200,11285520,KSQ,ME006
332370,2026-09-29,KR7332370006,아이디피,KOSDAQ,벤처기업부,5520,1,160,2.99,5440,5440,5280,916,4903670,70616222320,13273726,KSQ,ME006
039980,2026-09-29,KR7039980008,폴라리스AI,KOSDAQ,중견기업부,4875,2,-115,-2.3,5010,5010,4790,75092,367722145,70396042530,14381214,KSQ,ME006
024830,2026-09-29,KR7024830002,세원물산,KOSDAQ,중견기업부,8420,3,0,0.0,8400,8450,8340,1225,10296630,70307000000,8350000,KSQ,ME006
104460,2026-09-29,KR7104460001,디와이피엔에프,KOSDAQ,우량기업부,6690,2,-50,-0.74,6750,6840,6630,3817,25586790,70260914680,10518101,KSQ,ME006
005750,2026-09-29,KR7005750005,대림바스,KOSPI,,4215,2,-105,-2.43,4400,4400,4180,30480,128478277,70102214000,16592240,STK,ME006
217330,2026-09-29,KR7217330000,싸이토젠,KOSDAQ,기술성장기업부,3110,2,-75,-2.35,3185,3185,3015,48263,147635550,70082527410,23129547,KSQ,ME006
107600,2026-09-29,KR7107600009,새빗켐,KOSDAQ,벤처기업부,12480,2,-730,-5.53,13210,13210,12070,21532,265382025,70060669600,5650054,KSQ,ME006
039010,2026-09-29,KR7039010004,현대에이치티,KOSDAQ,우량기업부,8090,2,-320,-3.8,8390,8410,7930,24203,196655650,70035000000,8625000,KSQ,ME006
009770,2026-09-29,KR7009770009,삼정펄프,KOSPI,,28000,1,300,1.08,28200,28200,27050,1227,33617900,69999188000,2499971,STK,ME006
128660,2026-09-29,KR7128660008,피제이메탈,KOSDAQ,우량기업부,2860,1,10,0.35,2825,2830,2800,23102,65074559,69945500580,24803369,KSQ,ME006
067170,2026-09-29,KR7067170001,오텍,KOSDAQ,중견기업부,2550,1,10,0.39,2505,2650,2420,362249,924202052,69903736415,27467087,KSQ,ME006
095720,2026-09-29,KR7095720009,웅진씽크빅,KOSPI,,1242,1,15,1.22,1232,1242,1200,36541,44620917,69897314550,56827085,STK,ME006
212710,2026-09-29,KR7212710008,아이에스티이,KOSDAQ,기술성장기업부,7160,1,110,1.56,7000,7250,6930,69475,491743645,69850691820,9714978,KSQ,ME006
045660,2026-09-29,KR7045660008,에이텍,KOSDAQ,우량기업부,8450,2,-80,-0.94,8410,8510,8380,9638,81157060,69797000000,8260000,KSQ,ME006
120115,2026-09-29,KR7120111000,코오롱인더우,KOSPI,,25400,1,150,0.59,25500,25500,24875,6407,160758625,69750072000,2767860,STK,ME006
048430,2026-09-29,KR7048430003,유라테크,KOSDAQ,우량기업부,6050,2,-100,-1.63,6100,6210,5970,45675,276101390,69696000000,11520000,KSQ,ME006
001560,2026-09-29,KR7001560002,제일연마,KOSPI,,9110,1,130,1.45,8980,9120,8910,121,1087460,69236000000,7600000,STK,ME006
294140,2026-09-29,KR7294140009,레몬,KOSDAQ,관리종목(소속부없음),2775,1,35,1.28,2665,2920,2625,30048,83421650,69138619950,24914818,KSQ,ME006
110790,2026-09-29,KR7110790003,크리스에프앤씨,KOSDAQ,우량기업부,2960,2,-45,-1.5,3000,3000,2820,10631,30658345,69121332000,23430960,KSQ,ME006
067570,2026-09-29,KR7067570002,엔브이에이치코리아,KOSDAQ,중견기업부,1638,2,-1,-0.06,1660,1660,1620,48732,79241928,69074460000,42170000,KSQ,ME006
084670,2026-09-29,KR7084670009,동양고속,KOSPI,,23750,2,-350,-1.45,24100,24150,23500,7217,171196300,69059320650,2895569,STK,ME006
337930,2026-09-29,KR7337930002,젝시믹스,KOSDAQ,우량기업부,2375,2,-25,-1.04,2375,2440,2340,42662,101067989,68991206375,29048929,KSQ,ME006
001020,2026-09-29,KR7001020007,페이퍼코리아,KOSPI,,1944,2,-38,-1.92,1968,1997,1921,2771,5422142,68950734294,35596662,STK,ME006
153710,2026-09-29,KR7153710009,옵티팜,KOSDAQ,기술성장기업부,4655,2,-30,-0.64,4735,4775,4465,11080,50789055,68802103020,14669958,KSQ,ME006
010040,2026-09-29,KR7010040004,한국내화,KOSPI,,1689,1,88,5.5,1677,1726,1632,44048,74635299,68787328850,41067062,STK,ME006
032850,2026-09-29,KR7032850000,비트컴퓨터,KOSDAQ,벤처기업부,4140,2,-85,-2.01,4230,4230,4110,63054,261586420,68737316555,16623293,KSQ,ME006
002720,2026-09-29,KR7002720001,국제약품,KOSPI,,3240,2,-10,-0.31,3220,3265,3195,18690,60363075,68663654840,21159832,STK,ME006
004440,2026-09-29,KR7004440004,삼일씨엔에스,KOSPI,,5410,2,-60,-1.1,5520,5520,5340,52828,286214610,68625194330,12731947,STK,ME006
460940,2026-09-29,KR7460940000,피앤에스로보틱스,KOSDAQ,기술성장기업부,5040,2,-40,-0.79,5150,5150,5010,25982,131416740,68621928000,13455280,KSQ,ME006
277880,2026-09-29,KR7277880001,티에스아이,KOSDAQ,우량기업부,3490,2,-30,-0.85,3455,3535,3430,14702,50918795,68459081400,19843212,KSQ,ME006
054620,2026-09-29,KR7054620000,APS,KOSDAQ,중견기업부,3750,1,30,0.81,3720,3720,3620,16042,58846845,68426502120,18394221,KSQ,ME006
031820,2026-09-29,KR7031820004,아이티센씨티에스,KOSPI,,5670,2,-80,-1.39,5750,5750,5570,22251,125171590,68394074900,12105146,STK,ME006
076610,2026-09-29,KR7076610005,해성옵틱스,KOSDAQ,벤처기업부,1113,2,-37,-3.22,1161,1168,1082,703190,778610270,68345542782,60914031,KSQ,ME006
000230,2026-09-29,KR7000230003,일동홀딩스,KOSPI,,5940,2,-30,-0.5,5970,5970,5870,7172,42310145,68319168000,11540400,STK,ME006
011150,2026-09-29,KR7011150000,CJ씨푸드,KOSPI,,1918,1,15,0.79,1892,1924,1885,6536,12414965,68268468700,35930773,STK,ME006
155660,2026-09-29,KR7155660004,DSR,KOSPI,,4240,2,-70,-1.62,4320,4320,4170,25436,107658084,68240000000,16000000,STK,ME006
092040,2026-09-29,KR7092040005,아미코젠,KOSDAQ,기술성장기업부,966,2,-18,-1.83,1007,1007,950,238407,229565605,68182448455,70655387,KSQ,ME006
417790,2026-09-29,KR7417790003,트루엔,KOSDAQ,벤처기업부,6500,2,-30,-0.46,6580,6600,6410,5987,38775660,68149225410,10468391,KSQ,ME006
026150,2026-09-29,KR7026150003,특수건설,KOSDAQ,중견기업부,3880,2,-115,-2.88,3915,3980,3835,16100,62457615,67992032625,17546331,KSQ,ME006
096350,2026-09-29,KR7096350004,대창솔루션,KOSDAQ,벤처기업부,1877,2,-8,-0.42,1886,1886,1835,102456,190360542,67923326366,36854762,KSQ,ME006
049550,2026-09-29,KR7049550007,잉크테크,KOSDAQ,우량기업부,3460,1,40,1.17,3400,3462,3382,2810,9632061,67837718420,19606277,KSQ,ME006
117670,2026-09-29,KR7117670000,알파칩스,KOSDAQ,벤처기업부,10370,2,-310,-2.9,10500,10610,10010,32359,330397080,67816533560,6661742,KSQ,ME006
000180,2026-09-29,KR7000180000,성창기업지주,KOSPI,,4970,1,95,1.95,4875,4895,4830,5107,24717170,67728803600,13950320,STK,ME006
487400,2026-09-29,KR7487400004,케이앤에스아이앤씨,KOSDAQ,기술성장기업부,6640,2,-530,-7.39,7070,7070,6450,270709,1831550010,67721821200,10260882,KSQ,ME006
228670,2026-09-29,KR7228670006,레이,KOSDAQ,벤처기업부,4370,2,-50,-1.13,4470,4470,4315,20635,89704760,67643090825,15640021,KSQ,ME006
210980,2026-09-29,KR7210980009,SK디앤디,KOSPI,,3635,1,145,4.15,3510,3845,3460,371190,1346759794,67581096660,18617382,STK,ME006
019540,2026-09-29,KR7019540004,일지테크,KOSDAQ,우량기업부,5000,2,-40,-0.79,5030,5030,4945,18451,91787330,67567500000,13513500,KSQ,ME006
262260,2026-09-29,KR7262260003,에이프로,KOSDAQ,우량기업부,4505,2,-195,-4.15,4740,4740,4465,52389,237311020,67547916800,15077660,KSQ,ME006
040350,2026-09-29,KR7040350001,크레오에스지,KOSDAQ,벤처기업부,3385,2,-35,-1.02,3390,3445,3170,143771,475409613,67213223460,19856196,KSQ,ME006
002700,2026-09-29,KR7002700003,신일전자,KOSPI,,988,1,53,5.67,928,1009,920,2540716,2474981929,67176570580,68547521,STK,ME006
002800,2026-09-29,KR7002800001,신신제약,KOSDAQ,우량기업부,4445,1,30,0.68,4435,4435,4380,8143,35883490,67129462500,15170500,KSQ,ME006
214260,2026-09-29,KR7214260002,라파스,KOSDAQ,기술성장기업부,7590,2,-30,-0.39,7690,7690,7420,3776,28496690,67096921760,8922463,KSQ,ME006
136150,2026-09-29,KR7136150000,원일티엔아이,KOSDAQ,벤처기업부,8000,2,-340,-4.08,8070,8310,7980,7155,57481730,67048240000,8381030,KSQ,ME006
010280,2026-09-29,KR7010280006,아이티센엔텍,KOSDAQ,우량기업부,5180,1,30,0.58,5140,5160,5040,19315,98679250,66947250980,13024757,KSQ,ME006
265560,2026-09-29,KR7265560003,영화테크,KOSDAQ,우량기업부,6280,1,30,0.48,6350,6380,6180,23505,146305185,66920526800,10690180,KSQ,ME006
451220,2026-09-29,KR7451220008,아이엠티,KOSDAQ,기술성장기업부,8450,1,40,0.48,8350,8570,8190,25886,217801870,66855447390,7874611,KSQ,ME006
010660,2026-09-29,KR7010660009,화천기계,KOSPI,,3050,1,30,0.99,3000,3080,3000,51140,155100915,66660000000,22000000,STK,ME006
071090,2026-09-29,KR7071090005,하이스틸,KOSPI,,3285,2,-125,-3.67,3380,3395,3250,219248,724919305,66530896945,20191471,STK,ME006
079980,2026-09-29,KR7079980009,휴비스,KOSPI,,1940,1,17,0.88,1924,1980,1903,19755,38113600,66481500000,34500000,STK,ME006
187420,2026-09-29,KR7187420005,HLB제넥스,KOSDAQ,기술성장기업부,1974,2,-346,-14.91,2325,2500,2000,2518650,5502213273,66432467145,32644947,KSQ,ME006
109860,2026-09-29,KR7109860007,동일금속,KOSDAQ,우량기업부,7300,2,-70,-0.95,7240,7340,7180,5020,36449790,66430000000,9100000,KSQ,ME006
004780,2026-09-29,KR7004780003,대륙제관,KOSDAQ,우량기업부,4295,1,85,2.02,4225,4225,4130,29903,124995520,66395855825,15903199,KSQ,ME006
123420,2026-09-29,KR7123420002,위메이드플레이,KOSDAQ,우량기업부,6490,3,0,0.0,6540,6540,6280,18718,118766850,66358641580,10401041,KSQ,ME006
111710,2026-09-29,KR7111710000,남화산업,KOSDAQ,중견기업부,3195,2,-60,-1.84,3225,3305,3165,40371,129972862,66190420000,20588000,KSQ,ME006
100030,2026-09-29,KR7100030006,인지소프트,KOSDAQ,중견기업부,20000,2,-150,-0.74,20150,20450,20000,1422,28558870,66166837100,3283714,KSQ,ME006
067370,2026-09-29,KR7067370007,선바이오,KOSDAQ,기술성장기업부,5540,1,150,2.78,5390,5490,5300,11236,60419580,65832602990,12213841,KSQ,ME006
0155E0,2026-09-29,KR70155E0001,해치텍,KOSDAQ,기술성장기업부,12090,2,-1030,-7.85,12900,12900,11950,340536,4160836210,65790928500,5487150,KSQ,ME006
006140,2026-09-29,KR7006140008,피제이전자,KOSDAQ,우량기업부,4365,2,-35,-0.8,4370,4475,4305,22945,99931240,65703300000,14865000,KSQ,ME006
096250,2026-09-29,KR7096250006,와이즈넛,KOSDAQ,기술성장기업부,5550,2,-120,-2.12,5670,5670,5400,11586,63463525,65572589550,11814881,KSQ,ME006
318160,2026-09-29,KR7318160009,셀바이오휴먼텍,KOSDAQ,벤처기업부,7320,1,410,5.93,6970,7040,6850,17655,122863240,65549341260,9337513,KSQ,ME006
0004V0,2026-09-29,KR70004V0003,엔비알모션,KOSDAQ,기술성장기업부,5990,2,-90,-1.48,6110,6130,5890,105512,629397340,65511784800,11010384,KSQ,ME006
137080,2026-09-29,KR7137080008,나래나노텍,KOSDAQ,중견기업부,6210,1,50,0.81,6050,6180,6050,8396,51604440,65437788390,10709949,KSQ,ME006
204840,2026-09-29,KR7204840003,지엘팜텍,KOSDAQ,기술성장기업부,4220,2,-105,-2.43,4430,4430,4165,32502,137688579,65373811215,15509801,KSQ,ME006
048770,2026-09-29,KR7048770002,TPC로보틱스,KOSDAQ,벤처기업부,4155,1,50,1.22,4245,4255,4030,249898,1026183205,65225152605,15697991,KSQ,ME006
085310,2026-09-29,KR7085310001,엔케이,KOSPI,,8700,2,-90,-1.02,8780,9000,8670,18801,164587800,65204870460,7418074,STK,ME006
155650,2026-09-29,KR7155650005,와이엠씨,KOSDAQ,우량기업부,3435,1,25,0.73,3405,3450,3365,57413,196151250,65176919730,18974358,KSQ,ME006
417970,2026-09-29,KR7417970001,모델솔루션,KOSDAQ,우량기업부,10370,2,-10,-0.1,10470,10470,10170,4182,42988015,65118406000,6396700,KSQ,ME006
483350,2026-09-29,KR7483350005,딜리셔스,KOSDAQ,기술성장기업부,2960,2,-150,-4.82,3125,3125,2915,358638,1069920155,65020405100,22153460,KSQ,ME006
019680,2026-09-29,KR7019680008,대교,KOSPI,,1648,1,8,0.49,1634,1634,1601,11193,18086516,65017901600,40233850,STK,ME006
100220,2026-09-29,KR7100220003,비상교육,KOSPI,,5000,2,-10,-0.2,5010,5030,4950,12790,63674735,64983705000,12996741,STK,ME006
043610,2026-09-29,KR7043610005,KT지니뮤직,KOSDAQ,중견기업부,1112,2,-47,-4.06,1137,1141,1108,167442,186884164,64973059684,58115438,KSQ,ME006
061040,2026-09-29,KR7061040002,알에프텍,KOSDAQ,중견기업부,7330,2,-220,-2.91,7240,7260,7140,7447,53658620,64966241140,9048223,KSQ,ME006
950220,2026-09-29,KR8840140006,네오이뮨텍,KOSDAQ,기술성장기업부,1907,2,-45,-2.31,1980,1992,1878,197331,376795134,64831436800,34211840,KSQ,ME006
007280,2026-09-29,KR7007280001,한국특강,KOSPI,,2220,2,-30,-1.33,2325,2325,2205,10795,24505355,64741180400,28646540,STK,ME006
004720,2026-09-29,KR7004720009,팜젠사이언스,KOSPI,,2950,2,-15,-0.51,2985,2985,2835,12301,35814585,64678212075,22654365,STK,ME006
017370,2026-09-29,KR7017370008,우신시스템,KOSPI,,3490,1,20,0.58,3445,3570,3415,10645,37109650,64465470080,18314054,STK,ME006
347860,2026-09-29,KR7347860009,알체라,KOSDAQ,중견기업부,1512,1,20,1.34,1492,1542,1450,136285,206259679,64326465322,42153647,KSQ,ME006
456070,2026-09-29,KR7456070002,이엔셀,KOSDAQ,기술성장기업부,5810,2,-370,-5.99,6100,6100,5760,94516,554112790,64081493770,11029517,KSQ,ME006
033130,2026-09-29,KR7033130006,디지틀조선,KOSDAQ,중견기업부,1698,2,-25,-1.45,1770,1770,1704,10708,18324113,63949605041,37115267,KSQ,ME006
0218L0,2026-09-29,KR70218L0007,네오뷰,KOSDAQ,중견기업부,12100,2,-330,-2.65,12430,12430,12000,9966,120483550,63947241000,5276175,KSQ,ME006
222110,2026-09-29,KR7222110009,팬젠,KOSDAQ,기술성장기업부,4725,2,-60,-1.25,4785,4870,4640,2489,11740300,63856055025,13514509,KSQ,ME006
382480,2026-09-29,KR7382480002,지아이텍,KOSDAQ,벤처기업부,1600,2,-18,-1.11,1617,1635,1580,56086,89415031,63758566800,39357140,KSQ,ME006
097800,2026-09-29,KR7097800007,윈팩,KOSDAQ,중견기업부,2800,1,450,19.15,2330,2440,2315,425148,1140535163,63722255075,27290045,KSQ,ME006
014970,2026-09-29,KR7014970008,삼륭물산,KOSDAQ,중견기업부,4290,2,-110,-2.5,4350,4400,4280,13058,56350430,63599250000,14825000,KSQ,ME006
058730,2026-09-29,KR7058730003,다스코,KOSPI,,3145,2,-120,-3.68,3245,3260,3080,300859,941835490,63588928140,20251251,STK,ME006
067920,2026-09-29,KR7067920009,이글루,KOSDAQ,우량기업부,5770,2,-30,-0.52,5800,5810,5730,11254,64742825,63447606630,10996119,KSQ,ME006
0156T0,2026-09-29,KR70156T0003,에이치엘지노믹스,KOSDAQ,중견기업부,8170,2,-450,-5.22,8540,8580,8090,105988,873729305,63424612150,7782161,KSQ,ME006
205470,2026-09-29,KR7205470008,휴마시스,KOSDAQ,중견기업부,2630,1,25,0.96,2605,2620,2550,20522,52787717,63168002560,24675001,KSQ,ME006
081150,2026-09-29,KR7081150005,티플랙스,KOSDAQ,중견기업부,2620,1,20,0.77,2600,2620,2550,35295,90965952,63097845200,24268402,KSQ,ME006
005870,2026-09-29,KR7005870001,휴니드,KOSPI,,4490,1,70,1.58,4420,4500,4370,43864,195255155,63028006975,14116015,STK,ME006
039610,2026-09-29,KR7039610001,화성밸브,KOSDAQ,우량기업부,6050,1,30,0.5,6020,6100,5980,39624,239159810,62774712000,10410400,KSQ,ME006
009200,2026-09-29,KR7009200007,무림페이퍼,KOSPI,,1500,2,-16,-1.06,1503,1508,1490,52959,79245979,62663620860,41609310,STK,ME006
424960,2026-09-29,KR7424960003,스마트레이더시스템,KOSDAQ,기술성장기업부,3810,2,-25,-0.65,3760,3900,3730,14813,55730183,62643418000,16485110,KSQ,ME006
001840,2026-09-29,KR7001840008,이화공영,KOSDAQ,관리종목(소속부없음),2215,3,0,0.0,0,0,0,0,0,62588831935,28256809,KSQ,ME006
241790,2026-09-29,KR7241790005,티이엠씨씨엔에스,KOSDAQ,우량기업부,6230,2,-20,-0.32,6250,6320,6150,35099,217093090,62516462500,10002634,KSQ,ME006
043650,2026-09-29,KR7043650001,국순당,KOSDAQ,중견기업부,3500,2,-55,-1.55,3540,3540,3485,43952,153583570,62504064000,17858304,KSQ,ME006
005670,2026-09-29,KR7005670005,푸드웰,KOSDAQ,우량기업부,6260,1,10,0.16,6200,6270,6160,5587,34711100,62500000000,10000000,KSQ,ME006
291230,2026-09-29,KR7291230001,컴투스엔,KOSDAQ,중견기업부,2585,3,0,0.0,2585,2600,2565,20614,53405755,62429200600,24011231,KSQ,ME006
041460,2026-09-29,KR7041460007,한국전자인증,KOSDAQ,중견기업부,3320,2,-5,-0.15,3340,3340,3275,19861,65415189,62320000000,19000000,KSQ,ME006
294090,2026-09-29,KR7294090006,이오플로우,KOSDAQ,관리종목(소속부없음),1490,3,0,0.0,0,0,0,0,0,62295566450,41809105,KSQ,ME006
016090,2026-09-29,KR7016090003,대현,KOSPI,,1409,1,7,0.5,1403,1408,1392,37646,52476344,62128080930,44282310,STK,ME006
018500,2026-09-29,KR7018500009,동원모빌리티,KOSPI,,1338,1,24,1.83,1316,1388,1316,43090,57377416,62090551024,46754933,STK,ME006
036000,2026-09-29,KR7036000008,예림당,KOSDAQ,중견기업부,2695,2,-10,-0.37,2735,2740,2660,13388,35952270,62077376515,23034277,KSQ,ME006
089790,2026-09-29,KR7089790000,제이티,KOSDAQ,벤처기업부,6040,1,30,0.5,6010,6080,5860,86294,512066825,61996233130,10315513,KSQ,ME006
214270,2026-09-29,KR7214270001,FSN,KOSDAQ,중견기업부,1366,2,-6,-0.44,1395,1395,1357,28269,38785270,61994741320,45251636,KSQ,ME006
095270,2026-09-29,KR7095270005,웨이브일렉트로,KOSDAQ,벤처기업부,4360,1,70,1.63,4400,4400,4215,32554,141529535,61945069860,14372406,KSQ,ME006
352910,2026-09-29,KR7352910004,오비고,KOSDAQ,기술성장기업부,4895,1,95,1.98,5100,5100,4800,6488,31570100,61862040790,12637802,KSQ,ME006
214680,2026-09-29,KR7214680001,디알텍,KOSDAQ,벤처기업부,3735,2,-140,-3.61,3815,3875,3665,58240,216378405,61773020700,16695411,KSQ,ME006
064240,2026-09-29,KR7064240005,홈캐스트,KOSDAQ,벤처기업부,1813,2,-1,-0.06,1810,1810,1767,24606,44021051,61686378278,34694251,KSQ,ME006
331740,2026-09-29,KR7331740001,아우토크립트,KOSDAQ,기술성장기업부,6360,1,90,1.44,6210,6780,6140,41274,264864320,61626263120,9750991,KSQ,ME006
241690,2026-09-29,KR7241690007,유니테크노,KOSDAQ,우량기업부,2525,1,5,0.2,2555,2555,2460,11150,27761305,61543825590,24470706,KSQ,ME006
068290,2026-09-29,KR7068290006,삼성출판사,KOSPI,,6160,1,40,0.65,6200,6200,6100,3350,20508190,61500000000,10000000,STK,ME006
004450,2026-09-29,KR7004450003,삼화왕관,KOSPI,,28300,2,-250,-0.88,28950,29100,27900,659,18724350,61399801500,2154379,STK,ME006
463020,2026-09-29,KR7463020008,뉴엔AI,KOSDAQ,기술성장기업부,6890,2,-10,-0.14,7030,7030,6670,46802,317064500,61382576000,8987200,KSQ,ME006
089850,2026-09-29,KR7089850002,유비벨록스,KOSDAQ,우량기업부,4280,2,-5,-0.12,4275,4275,4135,4398,18392590,61203976845,14730199,KSQ,ME006
008370,2026-09-29,KR7008370009,원풍,KOSDAQ,우량기업부,5140,2,-290,-5.34,5210,5210,5060,11986,61454115,61200000000,12000000,KSQ,ME006
315640,2026-09-29,KR7315640003,딥노이드,KOSDAQ,기술성장기업부,2095,2,-105,-4.77,2205,2260,2065,324554,688622072,61094242560,29372232,KSQ,ME006
094850,2026-09-29,KR7094850005,참좋은여행,KOSDAQ,우량기업부,4320,2,-85,-1.93,4400,4400,4320,5690,24688775,61040000000,14000000,KSQ,ME006
016250,2026-09-29,KR7016250003,SGC E&C,KOSDAQ,중견기업부,12290,1,290,2.42,12010,12170,11880,2397,28885340,60997900460,5036986,KSQ,ME006
203400,2026-09-29,KR7203400007,에이비온,KOSDAQ,관리종목(소속부없음),676,3,0,0.0,0,0,0,0,0,60908481504,90101304,KSQ,ME006
065530,2026-09-29,KR7065530008,와이어블,KOSDAQ,우량기업부,1282,1,29,2.31,1253,1299,1250,183649,234235593,60898740207,47838759,KSQ,ME006
049470,2026-09-29,KR7049470008,비트플래닛,KOSDAQ,중견기업부,2585,2,-240,-8.5,2770,2770,2560,139204,365482981,60863563915,23544899,KSQ,ME006
127710,2026-09-29,KR7127710002,아시아경제,KOSDAQ,중견기업부,1379,1,24,1.77,1354,1390,1339,18638,25452091,60743860590,44049210,KSQ,ME006
010240,2026-09-29,KR7010240000,흥국,KOSDAQ,우량기업부,5200,2,-30,-0.57,5220,5220,5170,12285,63745570,60637080000,11706000,KSQ,ME006
039420,2026-09-29,KR7039420005,케이엘넷,KOSDAQ,중견기업부,2655,2,-30,-1.12,2695,2700,2635,7871,20882690,60580064160,22946994,KSQ,ME006
065170,2026-09-29,KR7065170003,비엘팜텍,KOSDAQ,투자주의환기종목(소속부없음),2170,2,-130,-5.65,2285,2315,2155,446352,990185860,60572930810,27913793,KSQ,ME006
221800,2026-09-29,KR7221800006,지구홀딩스,KOSDAQ,투자주의환기종목(소속부없음),3710,2,-115,-3.01,3730,4080,3675,19539,72769475,60542937210,16318851,KSQ,ME006
072130,2026-09-29,KR7072130008,유엔젤,KOSPI,,4785,1,70,1.48,4790,4790,4700,18110,86009850,60366883770,12695454,STK,ME006
010470,2026-09-29,KR7010470003,오리콤,KOSDAQ,우량기업부,5030,3,0,0.0,5060,5060,4980,2501,12555730,60234501500,11975050,KSQ,ME006
049480,2026-09-29,KR7049480007,오픈베이스,KOSDAQ,우량기업부,1902,2,-14,-0.73,1901,1919,1883,106919,202628187,60205285828,31422383,KSQ,ME006
002760,2026-09-29,KR7002760007,보락,KOSPI,,1003,1,2,0.2,1001,1008,993,53238,53364296,60139600000,59900000,STK,ME006
039020,2026-09-29,KR7039020003,이건홀딩스,KOSDAQ,중견기업부,2660,1,60,2.31,2600,2715,2570,291661,768643915,60075325940,22584709,KSQ,ME006
126880,2026-09-29,KR7126880004,제이엔케이글로벌,KOSDAQ,우량기업부,2585,2,-5,-0.19,2570,2600,2540,23169,59436225,60005438570,23168123,KSQ,ME006
066670,2026-09-29,KR7066670001,디티씨,KOSDAQ,중견기업부,3220,2,-60,-1.83,3150,3280,3150,18224,58995635,60001056780,18691918,KSQ,ME006
278650,2026-09-29,KR7278650007,HLB바이오스텝,KOSDAQ,중견기업부,3270,1,20,0.62,3680,4170,3410,2783591,10678729922,59967442240,17432396,KSQ,ME006
299170,2026-09-29,KR7299170001,더블유에스아이,KOSDAQ,중견기업부,1452,2,-58,-3.84,1520,1578,1432,3641742,5437905660,59776254720,41511288,KSQ,ME006
122350,2026-09-29,KR7122350002,삼기,KOSDAQ,중견기업부,1556,2,-76,-4.66,1621,1638,1520,876921,1366114141,59656149968,38339428,KSQ,ME006
216050,2026-09-29,KR7216050005,인크로스,KOSDAQ,중견기업부,4945,3,0,0.0,4945,4985,4885,4107,20117063,59651261580,12198622,KSQ,ME006
082210,2026-09-29,KR7082210006,옵트론텍,KOSDAQ,중견기업부,1748,1,1,0.06,1746,1778,1692,26949,46066212,59472624330,34963330,KSQ,ME006
033310,2026-09-29,KR7033310004,엠투엔,KOSDAQ,중견기업부,1488,1,9,0.61,1499,1499,1465,29323,43535655,59399069616,39972456,KSQ,ME006
014470,2026-09-29,KR7014470009,부방,KOSDAQ,벤처기업부,1042,2,-22,-2.07,1063,1068,1037,34852,36438503,59160476680,57049640,KSQ,ME006
056360,2026-09-29,KR7056360001,코위버,KOSDAQ,벤처기업부,6160,2,-200,-3.14,6340,6340,5960,131323,798900295,58976736000,9796800,KSQ,ME006
372910,2026-09-29,KR7372910000,한컴라이프케어,KOSPI,,2120,2,-60,-2.75,2145,2160,2085,237314,501341377,58946484780,27674406,STK,ME006
036090,2026-09-29,KR7036090009,위지트,KOSDAQ,중견기업부,1395,1,5,0.36,1390,1395,1361,171121,235302314,58932461890,42550514,KSQ,ME006
460870,2026-09-29,KR7460870009,에스엠씨지,KOSDAQ,벤처기업부,2940,2,-70,-2.33,2960,2965,2875,34143,99619625,58814780720,20073304,KSQ,ME006
054300,2026-09-29,KR7054300009,팬스타엔터프라이즈,KOSDAQ,벤처기업부,1012,2,-9,-0.88,1011,1018,998,126041,126714872,58694483505,58170945,KSQ,ME006
007815,2026-09-29,KR7007811003,코리아써우,KOSPI,,19770,1,870,4.6,19000,19780,19000,1261,24708220,58611921300,2964690,STK,ME006
033320,2026-09-29,KR7033320003,제이씨현시스템,KOSDAQ,벤처기업부,3070,2,-15,-0.49,3065,3075,3030,37640,114742900,58585734080,19114432,KSQ,ME006
191420,2026-09-29,KR7191420009,테고사이언스,KOSDAQ,벤처기업부,7220,2,-50,-0.69,7720,7720,7000,4987,35616075,58545781480,8108834,KSQ,ME006
046210,2026-09-29,KR7046210001,HLB파나진,KOSDAQ,벤처기업부,1306,2,-126,-8.8,1528,1600,1241,3547870,5134388402,58503428600,45527960,KSQ,ME006
950200,2026-09-29,KR8840150005,소마젠,KOSDAQ,외국기업(소속부없음),3025,2,-75,-2.42,3080,3085,2930,70516,211666555,58381420855,19236053,KSQ,ME006
003310,2026-09-29,KR7003310000,대주산업,KOSDAQ,우량기업부,1643,2,-16,-0.96,1654,1654,1625,91811,150328923,58326592800,35392350,KSQ,ME006
053620,2026-09-29,KR7053620001,태양,KOSDAQ,우량기업부,6880,1,100,1.47,6800,6830,6700,1735,11682190,58308000000,8600000,KSQ,ME006
000220,2026-09-29,KR7000220004,유유제약,KOSPI,,3700,2,-50,-1.33,3745,3745,3670,50403,186172335,58265609400,15747462,STK,ME006
099520,2026-09-29,KR7099520009,DGI,KOSDAQ,관리종목(소속부없음),1284,3,0,0.0,0,0,0,0,0,58141862016,45281824,KSQ,ME006
036120,2026-09-29,KR7036120004,서울평가정보,KOSDAQ,중견기업부,1659,2,-2,-0.12,1661,1663,1650,24108,39931927,58094685000,35145000,KSQ,ME006
261520,2026-09-29,KR7261520001,이지스,KOSDAQ,기술성장기업부,5630,1,460,8.9,5140,5710,5010,127033,701286910,58069570000,10277800,KSQ,ME006
059270,2026-09-29,KR7059270009,해성에어로보틱스,KOSDAQ,기술성장기업부,5230,1,40,0.77,5120,5240,5070,24812,127999560,58059554800,11165299,KSQ,ME006
025550,2026-09-29,KR7025550005,한국선재,KOSDAQ,중견기업부,2285,1,10,0.44,2285,2350,2230,65225,148045976,58044359100,25514004,KSQ,ME006
448710,2026-09-29,KR7448710004,코츠테크놀로지,KOSDAQ,벤처기업부,10970,1,90,0.83,10850,10960,10750,10289,111953815,57926800320,5285292,KSQ,ME006
104540,2026-09-29,KR7104540000,코렌텍,KOSDAQ,기술성장기업부,4350,1,345,8.61,4060,4830,4015,2331073,10636840719,57852974150,13407410,KSQ,ME006
045340,2026-09-29,KR7045340007,토탈소프트,KOSDAQ,벤처기업부,6860,2,-10,-0.15,6850,6900,6700,11369,77171290,57852350400,8558040,KSQ,ME006
111110,2026-09-29,KR7111110003,호전실업,KOSPI,,6440,1,140,2.22,6500,6500,6310,6817,43262235,57841080000,9066000,STK,ME006
251630,2026-09-29,KR7251630000,브이원텍,KOSDAQ,벤처기업부,3665,1,60,1.66,3555,3650,3465,14855,53325700,57792961750,15942886,KSQ,ME006
263690,2026-09-29,KR7263690000,디알젬,KOSDAQ,우량기업부,5100,1,50,0.99,5010,5150,5010,10507,53546900,57760611000,11325610,KSQ,ME006
333620,2026-09-29,KR7333620003,엔시스,KOSDAQ,벤처기업부,5200,1,170,3.38,5000,6000,5000,1115100,6254384310,57739027500,10997910,KSQ,ME006
480370,2026-09-29,KR7480370006,씨케이솔루션,KOSPI,,1777,2,-2,-0.11,1781,1785,1703,81046,142046191,57686980608,32481408,STK,ME006
037440,2026-09-29,KR7037440005,희림,KOSDAQ,우량기업부,4160,2,-25,-0.6,4150,4280,4080,97488,403089816,57639046500,13922475,KSQ,ME006
900300,2026-09-29,HK0000312568,오가닉티코스메틱,KOSDAQ,외국기업(소속부없음),2900,2,-5,-0.17,3115,3115,2760,65326,183972095,57624271600,20580097,KSQ,ME006
003780,2026-09-29,KR7003780004,진양산업,KOSPI,,4420,1,35,0.8,4385,4440,4290,26930,118057287,57590000000,13000000,STK,ME006
291650,2026-09-29,KR7291650000,츌립앤사이언스,KOSDAQ,기술성장기업부,1910,1,53,2.85,1819,1917,1780,20329,37506101,57407407101,30519621,KSQ,ME006
050960,2026-09-29,KR7050960004,수산아이앤티,KOSDAQ,벤처기업부,8540,2,-120,-1.39,8400,8580,8400,3709,31277870,57383500000,6751000,KSQ,ME006
060310,2026-09-29,KR7060310000,3S,KOSDAQ,벤처기업부,1084,2,-28,-2.52,1138,1138,1074,49197,53445050,57356822240,53059040,KSQ,ME006
365660,2026-09-29,KR7365660000,레몬헬스케어,KOSDAQ,기술성장기업부,4250,2,-220,-4.92,4430,4435,4237,393292,1693861294,57320681340,13455559,KSQ,ME006
001465,2026-09-29,KR7001461003,BYC우,KOSPI,,26600,1,50,0.19,26550,26600,25850,2394,62628900,57292410000,2153850,STK,ME006
192250,2026-09-29,KR7192250009,케이사인,KOSDAQ,벤처기업부,8100,2,-100,-1.22,8130,8270,8030,22289,180546990,57102370000,7067125,KSQ,ME006
175140,2026-09-29,KR7175140003,아고스,KOSDAQ,투자주의환기종목(소속부없음),2280,2,-30,-1.3,2260,2340,2240,7787,17863072,56872896840,24944253,KSQ,ME006
317530,2026-09-29,KR7317530004,에피소드컴퍼니,KOSDAQ,기술성장기업부,3385,1,115,3.52,3275,3440,3175,13709,44336215,56858366500,17494882,KSQ,ME006
003925,2026-09-29,KR7003921004,남양유업우,KOSPI,,30700,2,-100,-0.32,30750,30750,30050,2388,72334350,56829027450,1891149,STK,ME006
053050,2026-09-29,KR7053050001,지에스이,KOSDAQ,우량기업부,1893,2,-13,-0.68,1914,1914,1884,58655,110892841,56676558330,29987597,KSQ,ME006
393210,2026-09-29,KR7393210000,토마토시스템,KOSDAQ,기술성장기업부,3620,2,-635,-14.92,3895,4280,3520,2469260,9638197294,56524649280,15614544,KSQ,ME006
007370,2026-09-29,KR7007370000,진양제약,KOSDAQ,우량기업부,4020,1,10,0.25,4000,4010,3950,1938,7699825,56467675065,14134587,KSQ,ME006
37550K,2026-09-29,KR737550K011,DL이앤씨우,KOSPI,,26700,2,-300,-1.11,26900,26900,26200,1996,52965050,56440729500,2113885,STK,ME006
215360,2026-09-29,KR7215360009,우리산업,KOSDAQ,우량기업부,6180,1,50,0.82,6140,6210,6060,7734,47449450,56436767340,9132163,KSQ,ME006
273640,2026-09-29,KR7273640003,와이엠텍,KOSDAQ,벤처기업부,5190,2,-40,-0.76,5230,5290,5070,10117,51844750,56365240000,10966000,KSQ,ME006
090080,2026-09-29,KR7090080003,평화산업,KOSPI,,1026,1,7,0.69,1024,1031,1006,84986,86891599,56329717734,54902259,STK,ME006
0220WL,2026-09-29,KR70220WK021,한화머시너리앤서비스홀딩스3우B,KOSPI,,2390,2,-80,-3.24,2460,2470,2360,438066,1048919416,56261153200,23639140,STK,ME006
075180,2026-09-29,KR7075180000,새론오토모티브,KOSPI,,2940,1,10,0.34,2930,2930,2915,1301,3800335,56256000000,19200000,STK,ME006
129260,2026-09-29,KR7129260006,인터지스,KOSPI,,1891,1,2,0.11,1889,1911,1873,39407,74739699,56253229734,29747874,STK,ME006
145170,2026-09-29,KR7145170007,노브랜드,KOSDAQ,중견기업부,3215,1,340,11.83,2870,3550,2800,4057000,13525183038,56051362575,16908405,KSQ,ME006
081180,2026-09-29,KR7081180002,쎄크,KOSDAQ,기술성장기업부,6420,3,0,0.0,6420,7370,6300,223135,1519430115,56042147250,8825535,KSQ,ME006
006890,2026-09-29,KR7006890008,태경케미컬,KOSPI,,4850,2,-85,-1.72,4940,4970,4805,42546,206219203,55912000000,11600000,STK,ME006
238090,2026-09-29,KR7238090005,앤디포스,KOSDAQ,벤처기업부,1916,1,42,2.24,1868,1868,1800,19017,34584784,55614562560,30490440,KSQ,ME006
443250,2026-09-29,KR7443250006,레뷰코퍼레이션,KOSDAQ,벤처기업부,5110,1,115,2.3,4905,5170,4905,2921,14821510,55562459380,10809817,KSQ,ME006
420570,2026-09-29,KR7420570004,제이투케이바이오,KOSDAQ,벤처기업부,9530,1,90,0.95,9450,9510,9200,19894,185233880,55551088500,5847483,KSQ,ME006
340930,2026-09-29,KR7340930007,성원에너텍,KOSDAQ,관리종목(소속부없음),806,3,0,0.0,0,0,0,0,0,55513882710,68875785,KSQ,ME006
020760,2026-09-29,KR7020760005,일진디스플,KOSPI,,902,3,0,0.0,0,0,0,0,0,55503470462,61533781,STK,ME006
290660,2026-09-29,KR7290660000,다이나믹솔루션,KOSDAQ,기술성장기업부,1301,2,-99,-7.07,1416,1416,1287,652417,865754133,55475064960,42837888,KSQ,ME006
179530,2026-09-29,KR7179530001,애드바이오텍,KOSDAQ,기술성장기업부,1833,1,95,5.47,1648,1960,1648,281537,521682199,55160133452,30010954,KSQ,ME006
459550,2026-09-29,KR7459550000,알트,KOSDAQ,중견기업부,2220,1,70,3.26,2120,2355,2110,3232769,7269375271,55107362785,25220761,KSQ,ME006
000725,2026-09-29,KR7000721001,현대건설우,KOSPI,,51800,2,-1900,-3.54,53700,53700,51600,2642,138500450,55054974600,1054693,STK,ME006
036670,2026-09-29,KR7036670008,삼양케이씨아이,KOSDAQ,우량기업부,5080,3,0,0.0,5020,5090,5020,3917,19898875,54769418000,10760200,KSQ,ME006
217480,2026-09-29,KR7217480003,에스디생명공학,KOSDAQ,투자주의환기종목(소속부없음),499,3,0,0.0,0,0,0,0,0,54756837359,109733141,KSQ,ME006
28513K,2026-09-29,KR728513K010,SK케미칼우,KOSPI,,25800,1,50,0.19,25350,26100,25350,5634,143659050,54472296750,2115429,STK,ME006
288180,2026-09-29,KR7288180003,케이피항공산업,KOSDAQ,중견기업부,7520,2,-50,-0.66,7710,7710,7200,23082,170830590,54414408320,7393262,KSQ,ME006
092440,2026-09-29,KR7092440007,기신정기,KOSPI,,1863,1,9,0.49,1867,1880,1839,111080,206257116,54399600000,29200000,STK,ME006
033230,2026-09-29,KR7033230004,인성정보,KOSDAQ,중견기업부,1091,2,-29,-2.59,1122,1122,1068,200166,216332832,54354548880,50515380,KSQ,ME006
088280,2026-09-29,KR7088280003,쏘닉스,KOSDAQ,기술성장기업부,3160,1,20,0.64,3140,3200,3095,64403,202500165,54342378600,17306490,KSQ,ME006
391710,2026-09-29,KR7391710001,코닉오토메이션,KOSDAQ,벤처기업부,1264,1,6,0.48,1247,1280,1222,69943,87744428,54298478780,42620470,KSQ,ME006
457600,2026-09-29,KR7457600005,벡트,KOSDAQ,벤처기업부,3940,2,-190,-4.6,4400,4400,3850,93299,369708217,54144625000,13707500,KSQ,ME006
435570,2026-09-29,KR7435570007,에르코스,KOSDAQ,벤처기업부,7090,2,-20,-0.28,6850,7160,6850,3775,26220460,54004409470,7616983,KSQ,ME006
424980,2026-09-29,KR7424980001,마이크로투나노,KOSDAQ,기술성장기업부,9260,1,540,6.19,8550,9190,8540,35063,312859190,53980276800,5918890,KSQ,ME006
025530,2026-09-29,KR7025530007,SJM홀딩스,KOSPI,,3675,1,25,0.68,3645,3645,3585,3908,14162480,53687758760,14934008,STK,ME006
263600,2026-09-29,KR7263600009,덕우전자,KOSDAQ,중견기업부,3410,1,20,0.59,3460,3460,3330,10819,36561275,53685144700,15930310,KSQ,ME006
061250,2026-09-29,KR7061250007,화일약품,KOSDAQ,우량기업부,6490,2,-60,-0.92,6490,6530,6310,9426,60152550,53620010080,8417584,KSQ,ME006
003475,2026-09-29,KR7003471000,유안타증권우,KOSPI,,4210,1,10,0.24,4200,4200,4165,5418,22671975,53615583450,12811370,STK,ME006
040610,2026-09-29,KR7040610008,SG&G,KOSDAQ,중견기업부,3145,2,-15,-0.47,3190,3195,3100,32090,100206305,53602115710,17043598,KSQ,ME006
459100,2026-09-29,KR7459100004,위츠,KOSDAQ,중견기업부,3935,2,-45,-1.13,3880,3980,3880,7748,30315475,53595078000,13466100,KSQ,ME006
378850,2026-09-29,KR7378850002,화승알앤에이,KOSPI,,2795,2,-40,-1.41,2835,2835,2780,17155,48105124,53562016860,18993623,STK,ME006
053270,2026-09-29,KR7053270005,구영테크,KOSDAQ,우량기업부,1953,1,15,0.77,1934,1951,1912,26142,50293235,53450289750,27410405,KSQ,ME006
170790,2026-09-29,KR7170790000,파이오링크,KOSDAQ,우량기업부,8320,2,-100,-1.19,8480,8480,8190,13524,112101790,53417747250,6397335,KSQ,ME006
006980,2026-09-29,KR7006980007,우성,KOSPI,,17280,2,-290,-1.65,17480,17580,17150,1570,27410620,53395200000,3090000,STK,ME006
396690,2026-09-29,KR7396690000,미래에셋글로벌리츠,KOSPI,,1386,2,-49,-3.41,1390,1390,1346,117555,160270344,53349201180,39605940,STK,ME006
35320K,2026-09-29,KR735320K011,대덕전자1우,KOSPI,,25850,1,700,2.78,24900,25500,24500,10186,257280675,53330958550,2095519,STK,ME006
002410,2026-09-29,KR7002410009,범양건영,KOSPI,,1935,3,0,0.0,0,0,0,0,0,53173451700,27479820,STK,ME006
001550,2026-09-29,KR7001550003,조비,KOSPI,,10260,2,-360,-3.39,10500,10610,10160,44186,454214200,53064682580,5192239,STK,ME006
024910,2026-09-29,KR7024910002,경창산업,KOSDAQ,중견기업부,1486,2,-5,-0.34,1520,1520,1476,33936,50429243,53047946405,35819005,KSQ,ME006
053160,2026-09-29,KR7053160008,프리엠스,KOSDAQ,중견기업부,9260,2,-40,-0.43,9040,9290,8810,10145,91274060,53040000000,6000000,KSQ,ME006
419080,2026-09-29,KR7419080007,엔젯,KOSDAQ,기술성장기업부,4865,2,-20,-0.41,4780,4995,4765,10748,52190762,52728312450,10871817,KSQ,ME006
348150,2026-09-29,KR7348150004,고바이오랩,KOSDAQ,기술성장기업부,2715,2,-10,-0.37,2740,2740,2655,13053,35404920,52722283635,19418889,KSQ,ME006
340810,2026-09-29,KR7340810001,시선AI,KOSDAQ,기술성장기업부,3820,2,-25,-0.65,3805,3845,3645,188939,700733478,52589547140,13949482,KSQ,ME006
054930,2026-09-29,KR7054930003,유신,KOSDAQ,우량기업부,17630,2,-370,-2.06,18000,18200,17380,6607,116663900,52530000000,3000000,KSQ,ME006
024950,2026-09-29,KR7024950008,삼천리자전거,KOSDAQ,중견기업부,4340,1,80,1.88,4260,4280,4170,10372,43542797,52452000000,12400000,KSQ,ME006
225190,2026-09-29,KR7225190008,LK삼양,KOSDAQ,중견기업부,3730,2,-485,-11.51,4050,4165,3670,320571,1213778188,52428519360,14093688,KSQ,ME006
104620,2026-09-29,KR7104620000,노랑풍선,KOSDAQ,중견기업부,3100,2,-20,-0.64,3120,3170,3050,31569,97058045,51860552920,16810552,KSQ,ME006
006125,2026-09-29,KR7006121008,SK디스커버리우,KOSPI,,42650,2,-250,-0.58,42900,43050,42000,1748,74142600,51854780500,1231705,STK,ME006
464490,2026-09-29,KR7464490002,쿼드메디슨,KOSDAQ,기술성장기업부,4650,1,30,0.65,4570,4635,4485,22142,100278205,51728293685,11507963,KSQ,ME006
246690,2026-09-29,KR7246690002,TS인베스트먼트,KOSDAQ,중견기업부,2140,2,-25,-1.15,2155,2190,2075,48600,104061916,51717528450,23778174,KSQ,ME006
003465,2026-09-29,KR7003461001,유화증권우,KOSPI,,2955,1,15,0.51,2950,3200,2945,429,1332775,51642835875,17476425,STK,ME006
355690,2026-09-29,KR7355690009,에이텀,KOSDAQ,기술성장기업부,5310,1,200,3.91,5190,5390,5070,197829,1046078380,51584396710,9570389,KSQ,ME006
314140,2026-09-29,KR7314140005,알피바이오,KOSDAQ,우량기업부,5950,2,-50,-0.83,5970,5970,5800,18771,110084980,51564847950,8666361,KSQ,ME006
317850,2026-09-29,KR7317850006,대모,KOSDAQ,벤처기업부,6210,2,-10,-0.16,6190,6250,6100,37731,232292225,51528159800,8324420,KSQ,ME006
043710,2026-09-29,KR7043710003,코스리거글로벌,KOSDAQ,중견기업부,3075,1,95,3.19,2965,3260,2960,8156,25086905,51504693450,17312502,KSQ,ME006
123700,2026-09-29,KR7123700007,SJM,KOSPI,,3295,2,-60,-1.79,3350,3350,3260,16201,53125280,51418138910,15604898,STK,ME006
052790,2026-09-29,KR7052790003,액토즈소프트,KOSDAQ,중견기업부,4690,2,-180,-3.7,4880,4950,4565,182412,849362059,51399993635,10924547,KSQ,ME006
064800,2026-09-29,KR7064800006,포니링크,KOSDAQ,중견기업부,2010,2,-15,-0.74,2145,2145,1989,21786,43716332,51378532590,25561459,KSQ,ME006
109080,2026-09-29,KR7109080002,옵티시스,KOSDAQ,벤처기업부,9190,2,-90,-0.97,9230,9280,9100,7822,71680740,51343960000,5636000,KSQ,ME006
010770,2026-09-29,KR7010770006,평화홀딩스,KOSPI,,3510,2,-5,-0.14,3515,3540,3470,15467,53960230,51335385660,14625466,STK,ME006
014990,2026-09-29,KR7014990006,인디에프,KOSPI,,3405,2,-460,-11.9,3600,3695,3295,425560,1477226055,51302175585,15022599,STK,ME006
092300,2026-09-29,KR7092300003,현우산업,KOSDAQ,우량기업부,2575,1,15,0.59,2560,2560,2485,74791,187295460,51281421695,20149871,KSQ,ME006
012690,2026-09-29,KR7012690004,모나리자,KOSPI,,1411,1,1,0.07,1415,1415,1384,33853,47428160,51272899510,36571255,STK,ME006
011230,2026-09-29,KR7011230000,삼화전자,KOSPI,,2670,1,10,0.38,2660,2685,2600,136313,360169499,51268474875,19165785,STK,ME006
347740,2026-09-29,KR7347740003,피엔케이피부임상연구센타,KOSDAQ,벤처기업부,1706,2,-12,-0.7,1720,1720,1680,31651,53735605,51228053232,30010576,KSQ,ME006
071670,2026-09-29,KR7071670004,에이테크솔루션,KOSDAQ,중견기업부,5010,1,10,0.2,5000,5120,4910,11958,59861765,51200000000,10000000,KSQ,ME006
005305,2026-09-29,KR7005301007,롯데칠성우,KOSPI,,66000,2,-300,-0.45,66300,66300,65200,194,12728900,51170460000,775310,STK,ME006
105760,2026-09-29,KR7105760003,포스뱅크,KOSDAQ,우량기업부,5020,2,-20,-0.4,4975,5030,4965,5545,27689460,51158252740,10190887,KSQ,ME006
027050,2026-09-29,KR7027050004,코리아나,KOSDAQ,중견기업부,1275,2,-13,-1.01,1277,1292,1267,51748,65825431,51120000000,40000000,KSQ,ME006
011300,2026-09-29,KR7011300001,우성머티리얼스,KOSPI,,2900,1,40,1.4,2925,3040,2855,67975,202336065,51113353325,17238905,STK,ME006
088910,2026-09-29,KR7088910005,동우팜투테이블,KOSDAQ,우량기업부,1984,2,-7,-0.35,1987,1992,1957,48313,95442959,51109145068,25721764,KSQ,ME006
015710,2026-09-29,KR7015710007,코콤,KOSDAQ,우량기업부,2950,1,10,0.34,2900,2955,2880,6815,19773135,51013755000,17530500,KSQ,ME006
039240,2026-09-29,KR7039240007,경남스틸,KOSDAQ,우량기업부,1899,1,13,0.69,1900,1900,1875,17423,32898584,50910512748,26979604,KSQ,ME006
000950,2026-09-29,KR7000950006,전방,KOSPI,,30300,1,350,1.17,29950,30300,29250,216,6353750,50904000000,1680000,STK,ME006
376290,2026-09-29,KR7376290003,씨유테크,KOSDAQ,벤처기업부,2915,1,25,0.87,2885,2885,2780,4828,13560680,50765312500,17657500,KSQ,ME006
006880,2026-09-29,KR7006880009,신송홀딩스,KOSPI,,4240,2,-45,-1.05,4380,4380,4205,14428,61041410,50686656530,11828858,STK,ME006
021050,2026-09-29,KR7021050000,서원,KOSPI,,1067,2,-3,-0.28,1068,1068,1052,111430,118167465,50607912940,47474590,STK,ME006
004830,2026-09-29,KR7004830006,덕성,KOSPI,,3200,2,-90,-2.74,3320,3320,3205,13770,44313155,50568000000,15680000,STK,ME006
393970,2026-09-29,KR7393970009,대진첨단소재,KOSDAQ,관리종목(소속부없음),2825,3,0,0.0,0,0,0,0,0,50428566500,17850820,KSQ,ME006
002630,2026-09-29,KR7002630002,오리엔트바이오,KOSPI,,1748,2,-45,-2.51,1793,1793,1685,78882,136192235,50427422451,29645751,STK,ME006
023810,2026-09-29,KR7023810005,인팩,KOSPI,,5070,1,50,1.0,4965,5070,4950,13495,67691910,50400000000,10000000,STK,ME006
370090,2026-09-29,KR7370090003,퓨런티어,KOSDAQ,기술성장기업부,5930,2,-90,-1.5,5840,6130,5840,12144,71587120,50314160400,8556830,KSQ,ME006
163280,2026-09-29,KR7163280001,에어레인,KOSDAQ,기술성장기업부,3685,2,-50,-1.34,3740,3770,3650,39551,146644375,50263373210,13603078,KSQ,ME006
007460,2026-09-29,KR7007460009,에이프로젠,KOSPI,,1955,2,-65,-3.22,2025,2025,1941,130660,257674481,50171429340,25650015,STK,ME006
256630,2026-09-29,KR7256630005,포인트엔지니어링,KOSDAQ,벤처기업부,4345,2,-5,-0.11,4305,4350,4215,1401,6023800,50051471410,11599414,KSQ,ME006
321820,2026-09-29,KR7321820003,아티스트컴퍼니,KOSDAQ,기술성장기업부,3175,2,-5,-0.16,3110,3190,3065,45790,142597000,49736489440,15591376,KSQ,ME006
179900,2026-09-29,KR7179900006,유티아이,KOSDAQ,투자주의환기종목(소속부없음),2305,2,-30,-1.28,2395,2395,2240,97814,222535500,49717280295,21569319,KSQ,ME006
317830,2026-09-29,KR7317830008,에스피시스템스,KOSDAQ,벤처기업부,4655,2,-5,-0.11,4660,4725,4510,24292,111347777,49667300980,10773818,KSQ,ME006
453860,2026-09-29,KR7453860009,에이에스텍,KOSDAQ,벤처기업부,7650,2,-140,-1.8,7800,7820,7500,14090,107238750,49557612870,6444423,KSQ,ME006
060560,2026-09-29,KR7060560000,HC홈센타,KOSDAQ,중견기업부,1950,2,-6,-0.31,1940,1956,1929,2805,5431498,49506601950,25388001,KSQ,ME006
340360,2026-09-29,KR7340360007,다보링크,KOSDAQ,투자주의환기종목(소속부없음),923,2,-1,-0.11,906,957,893,39531,35895962,49494833856,53623872,KSQ,ME006
360350,2026-09-29,KR7360350003,코셈,KOSDAQ,기술성장기업부,9230,1,150,1.65,8600,10250,8010,185578,1756261075,49485527000,5437970,KSQ,ME006
348080,2026-09-29,KR7348080003,큐라티스,KOSDAQ,중견기업부,3855,2,-190,-4.7,4005,4005,3765,64293,246487029,49450987815,12827753,KSQ,ME006
094940,2026-09-29,KR7094940004,푸른로보틱스,KOSDAQ,벤처기업부,5900,2,-200,-3.28,6200,6200,5850,52489,311643180,49415791260,8361386,KSQ,ME006
0013V0,2026-09-29,KR70013V0002,삼진식품,KOSDAQ,중견기업부,5040,1,50,1.0,5000,5100,4900,20013,99275736,49394906880,9918656,KSQ,ME006
408470,2026-09-29,KR7408470003,한패스,KOSDAQ,중견기업부,4685,2,-130,-2.7,4815,4820,4625,44473,208895539,49159800000,10572000,KSQ,ME006
019990,2026-09-29,KR7019990001,에너토크,KOSDAQ,중견기업부,5030,2,-170,-3.27,5150,5150,4960,34482,173058465,49073122640,9756088,KSQ,ME006
382150,2026-09-29,KR7382150001,온코크로스,KOSDAQ,기술성장기업부,3825,2,-100,-2.55,3950,3955,3720,86533,326677995,49054291040,13046354,KSQ,ME006
452400,2026-09-29,KR7452400005,이닉스,KOSDAQ,우량기업부,5430,2,-140,-2.51,5560,5560,5340,8354,44995370,48985711200,9071428,KSQ,ME006
219550,2026-09-29,KR7219550001,디와이디,KOSDAQ,관리종목(소속부없음),1183,2,-17,-1.42,1221,1221,1160,23527,27795075,48951605430,41379210,KSQ,ME006
032960,2026-09-29,KR7032960007,동일기연,KOSDAQ,중견기업부,2740,1,365,15.37,2360,2800,2345,238860,642297689,48908470500,17592975,KSQ,ME006
059100,2026-09-29,KR7059100008,아이컴포넌트,KOSDAQ,벤처기업부,6950,1,20,0.29,6840,6980,6750,6511,44511740,48859642600,7070860,KSQ,ME006
063440,2026-09-29,KR7063440002,SM Life Design,KOSDAQ,중견기업부,1085,2,-4,-0.37,1090,1099,1065,76031,82340683,48808955028,45319364,KSQ,ME006
311690,2026-09-29,KR7311690002,CJ 바이오사이언스,KOSDAQ,기술성장기업부,3730,2,-10,-0.27,3745,3860,3650,7221,26833538,48734173260,13065462,KSQ,ME006
046940,2026-09-29,KR7046940003,우원개발,KOSDAQ,우량기업부,2700,2,-50,-1.82,2730,2770,2675,53885,145329840,48710373250,18074350,KSQ,ME006
002140,2026-09-29,KR7002140002,고려산업,KOSPI,,1950,2,-35,-1.76,1994,1994,1940,78443,153477601,48631878750,24939425,STK,ME006
011000,2026-09-29,KR7011000007,진원생명과학,KOSPI,,2670,3,0,0.0,0,0,0,0,0,48531471270,18176581,STK,ME006
044340,2026-09-29,KR7044340008,위닉스,KOSDAQ,중견기업부,2710,2,-75,-2.69,2815,2820,2640,46542,125444104,48526348875,17873425,KSQ,ME006
001620,2026-09-29,KR7001620004,케이비아이동국실업,KOSPI,,2160,2,-25,-1.14,2180,2190,2120,10272,22191260,48412468050,22258606,STK,ME006
014190,2026-09-29,KR7014190003,원익큐브,KOSDAQ,우량기업부,1363,1,8,0.59,1355,1367,1337,93031,125250498,48314271915,35395071,KSQ,ME006
004410,2026-09-29,KR7004410007,서울식품,KOSPI,,1221,3,0,0.0,1202,1224,1202,108125,131691587,48135115860,39455013,STK,ME006
122310,2026-09-29,KR7122310006,제노레이,KOSDAQ,우량기업부,3310,2,-80,-2.36,3390,3425,3300,4547,15205610,48100454420,14553844,KSQ,ME006
042110,2026-09-29,KR7042110007,에스씨디,KOSDAQ,우량기업부,1002,2,-5,-0.5,1009,1009,990,112271,111683989,47991257052,48329564,KSQ,ME006
440290,2026-09-29,KR7440290005,HB인베스트먼트,KOSDAQ,중견기업부,1716,2,-2,-0.12,1735,1744,1710,3785,6502372,47916201060,27506430,KSQ,ME006
463480,2026-09-29,KR7463480004,모티브링크,KOSDAQ,중견기업부,3885,2,-45,-1.15,3930,3940,3850,12372,48070770,47888733670,12390358,KSQ,ME006
009320,2026-09-29,KR7009320003,아진전자부품,KOSPI,,965,2,-15,-1.53,978,990,970,59571,57683089,47820776900,49299770,STK,ME006
011390,2026-09-29,KR7011390002,부산산업,KOSPI,,45100,2,-2800,-5.85,46900,47050,45000,4699,214062500,47731200000,1056000,STK,ME006
217500,2026-09-29,KR7217500008,러셀,KOSDAQ,벤처기업부,1517,1,1,0.07,1516,1533,1480,40208,60183099,47686188000,31812000,KSQ,ME006
418250,2026-09-29,KR7418250007,시큐레터,KOSDAQ,관리종목(소속부없음),6550,3,0,0.0,0,0,0,0,0,47629012750,7271605,KSQ,ME006
038010,2026-09-29,KR7038010005,제일테크노스,KOSDAQ,우량기업부,5250,2,-10,-0.19,5270,5370,5170,10186,53153160,47340000000,9000000,KSQ,ME006
004920,2026-09-29,KR7004920005,씨아이테크,KOSPI,,907,3,0,0.0,0,0,0,0,0,47327143904,52179872,STK,ME006
189980,2026-09-29,KR7189980006,흥국에프엔비,KOSDAQ,우량기업부,1165,1,7,0.6,1158,1180,1133,53831,62266229,47161946725,40137827,KSQ,ME006
023440,2026-09-29,KR7023440001,제이스코홀딩스,KOSDAQ,관리종목(소속부없음),521,3,0,0.0,0,0,0,0,0,46964378481,90142761,KSQ,ME006
033170,2026-09-29,KR7033170002,시그네틱스,KOSDAQ,중견기업부,2780,2,-35,-1.24,2800,2800,2640,189765,518642248,46893388305,17145663,KSQ,ME006
384470,2026-09-29,KR7384470001,코어라인소프트,KOSDAQ,기술성장기업부,2615,2,-85,-3.15,2675,2695,2560,74484,192586130,46839929130,17946333,KSQ,ME006
053450,2026-09-29,KR7053450003,세코닉스,KOSDAQ,우량기업부,3160,1,40,1.28,3150,3185,3120,17324,54403094,46745257480,14792803,KSQ,ME006
007110,2026-09-29,KR7007110000,일신석재,KOSPI,,603,3,0,0.0,0,0,0,0,0,46706335830,77456610,STK,ME006
041650,2026-09-29,KR7041650003,상신브레이크,KOSPI,,2175,1,25,1.16,2150,2180,2150,2874,6228675,46700403750,21471450,STK,ME006
150900,2026-09-29,KR7150900009,파수AI,KOSDAQ,벤처기업부,3980,2,-35,-0.87,4015,4090,3810,68096,267345365,46698648780,11703922,KSQ,ME006
321260,2026-09-29,KR7321260002,프로이천,KOSDAQ,벤처기업부,1677,1,3,0.18,1692,1692,1616,70099,115405324,46488746516,28192084,KSQ,ME006
199550,2026-09-29,KR7199550005,레이저옵텍,KOSDAQ,벤처기업부,3230,1,75,2.38,3155,3300,3100,22260,70537005,46467325830,14845791,KSQ,ME006
009835,2026-09-29,KR7009831009,한화솔루션우,KOSPI,,18020,2,-330,-1.8,18240,18350,17370,12604,224840345,46388349680,2544616,STK,ME006
277070,2026-09-29,KR7277070009,린드먼아시아,KOSDAQ,중견기업부,3405,1,100,3.03,3350,3580,3350,24232,83008565,46347420000,13692000,KSQ,ME006
073110,2026-09-29,KR7073110009,엘엠에스,KOSDAQ,벤처기업부,5210,3,0,0.0,5060,5210,5060,3392,17328540,46346883550,8895755,KSQ,ME006
069460,2026-09-29,KR7069460004,대호에이엘,KOSPI,,2660,3,0,0.0,0,0,0,0,0,46322277400,17414390,STK,ME006
004540,2026-09-29,KR7004540001,깨끗한나라,KOSPI,,1241,1,34,2.82,1226,1245,1198,49782,60893863,46290181399,37240693,STK,ME006
357250,2026-09-29,KR7357250000,미래에셋맵스리츠,KOSPI,,1838,2,-19,-1.02,1850,1858,1848,23335,43196791,46215949145,24995105,STK,ME006
189860,2026-09-29,KR7189860000,서전기전,KOSDAQ,벤처기업부,4875,2,-65,-1.32,4920,4935,4675,98710,468264253,46214686700,9698780,KSQ,ME006
002920,2026-09-29,KR7002920007,유성기업,KOSPI,,1804,2,-11,-0.61,1810,1834,1775,109045,195787096,46134655000,25947500,STK,ME006
229000,2026-09-29,KR7229000005,젠큐릭스,KOSDAQ,기술성장기업부,1957,3,0,0.0,0,0,0,0,0,45848918905,23428165,KSQ,ME006
361570,2026-09-29,KR7361570005,알비더블유,KOSDAQ,중견기업부,1613,2,-55,-3.3,1615,1636,1580,152562,294180618,45845549145,28743291,KSQ,ME006
178780,2026-09-29,KR7178780003,일월지엠엘,KOSDAQ,벤처기업부,2455,2,-5,-0.2,2425,2465,2410,7062,17218390,45759223725,18639195,KSQ,ME006
000910,2026-09-29,KR7000910000,유니온,KOSPI,,2950,3,0,0.0,2980,3030,2905,24693,73124360,45663985575,15611619,STK,ME006
053980,2026-09-29,KR7053980009,오상자이엘,KOSDAQ,우량기업부,2405,1,5,0.21,2400,2405,2380,9368,22433327,45653593115,18982783,KSQ,ME006
131400,2026-09-29,KR7131400004,이브이첨단소재,KOSDAQ,관리종목(소속부없음),766,3,0,0.0,0,0,0,0,0,45647381612,59591882,KSQ,ME006
471820,2026-09-29,KR7471820001,셀로맥스사이언스,KOSDAQ,벤처기업부,4035,1,5,0.12,4050,4115,3980,4239,17171175,45550602370,11302879,KSQ,ME006
037950,2026-09-29,KR7037950003,엘컴텍,KOSDAQ,중견기업부,2655,2,-10,-0.38,2685,2715,2640,8496,22760890,45432763070,16889503,KSQ,ME006
092780,2026-09-29,KR7092780006,DYP,KOSPI,,3410,2,-135,-3.81,3600,3600,3345,133014,452330585,45431187000,13168460,STK,ME006
373160,2026-09-29,KR7373160001,데이원컴퍼니,KOSDAQ,기술성장기업부,3405,1,45,1.34,3380,3530,3320,5955,20333450,45297537450,13582470,KSQ,ME006
072470,2026-09-29,KR7072470008,우리산업홀딩스,KOSDAQ,중견기업부,2395,3,0,0.0,2395,2395,2325,4152,9916515,45235181695,18887341,KSQ,ME006
232830,2026-09-29,KR7232830000,아이티센피엔에스,KOSDAQ,벤처기업부,2730,2,-180,-6.19,2810,2910,2580,318814,869662845,45137071980,16533726,KSQ,ME006
198080,2026-09-29,KR7198080004,캐프,KOSDAQ,우량기업부,2080,2,-30,-1.42,2085,2095,2055,29887,61943915,45116212575,21535185,KSQ,ME006
101140,2026-09-29,KR7101140002,인바이오젠,KOSPI,,4475,2,-225,-4.79,4990,4990,4255,19030,85189670,45098529840,10044216,STK,ME006
084870,2026-09-29,KR7084870005,TBH글로벌,KOSPI,,2200,2,-15,-0.68,2220,2220,2150,4188,9146940,45008163200,20458256,STK,ME006
317690,2026-09-29,KR7317690006,퀀타매트릭스,KOSDAQ,기술성장기업부,2350,1,125,5.62,2200,2395,2180,87569,199259897,45001789815,20135029,KSQ,ME006
072990,2026-09-29,KR7072990005,에이치시티,KOSDAQ,우량기업부,3160,1,50,1.61,3080,3165,3065,32647,102225060,44944438600,14498206,KSQ,ME006
143540,2026-09-29,KR7143540003,영우디에스피,KOSDAQ,벤처기업부,1005,1,5,0.5,999,1005,984,44118,43744633,44822894475,44599895,KSQ,ME006
074610,2026-09-29,KR7074610007,이엔플러스,KOSPI,,5110,3,0,0.0,0,0,0,0,0,44815400070,8770137,STK,ME006
051390,2026-09-29,KR7051390003,YW,KOSDAQ,중견기업부,3980,3,0,0.0,4165,4165,3945,7149,28479685,44796926760,11355368,KSQ,ME006
263700,2026-09-29,KR7263700007,케어랩스,KOSDAQ,중견기업부,2320,1,55,2.43,2260,2345,2210,45973,106223321,44749731000,19414200,KSQ,ME006
094970,2026-09-29,KR7094970001,제이엠티,KOSDAQ,벤처기업부,2670,2,-30,-1.11,2680,2710,2660,120227,321817600,44717800800,16748240,KSQ,ME006
033340,2026-09-29,KR7033340001,좋은사람들,KOSDAQ,관리종목(소속부없음),460,3,0,0.0,0,0,0,0,0,44597256680,96950558,KSQ,ME006
0010V0,2026-09-29,KR70010V0005,제이피아이헬스케어,KOSDAQ,벤처기업부,8700,2,-20,-0.23,8650,8720,8440,5227,44780150,44416980000,5105400,KSQ,ME006
114450,2026-09-29,KR7114450000,그린생명과학,KOSDAQ,벤처기업부,2215,2,-40,-1.77,2250,2255,2190,37485,82578897,44400000000,20000000,KSQ,ME006
068330,2026-09-29,KR7068330000,일신바이오,KOSDAQ,중견기업부,1005,1,4,0.4,991,1019,972,125062,124223838,44393004560,44216140,KSQ,ME006
476040,2026-09-29,KR7476040001,오가노이드사이언스,KOSDAQ,기술성장기업부,6790,2,-160,-2.3,6820,6980,6610,11001,73755270,44388022400,6585760,KSQ,ME006
066130,2026-09-29,KR7066130006,하츠,KOSDAQ,우량기업부,3435,1,5,0.15,3440,3485,3230,19142,65448400,44352000000,12800000,KSQ,ME006
003080,2026-09-29,KR7003080009,SB성보,KOSPI,,2235,3,0,0.0,2240,2245,2205,49174,109215995,44344300000,20020000,STK,ME006
083550,2026-09-29,KR7083550004,케이엠,KOSDAQ,중견기업부,3260,2,-30,-0.91,3290,3290,3240,1573,5124299,44193097900,13556165,KSQ,ME006
288330,2026-09-29,KR7288330004,파라택시스코리아,KOSDAQ,관리종목(소속부없음),416,3,0,0.0,0,0,0,0,0,44129674368,106080948,KSQ,ME006
317870,2026-09-29,KR7317870004,엔바이오니아,KOSDAQ,기술성장기업부,4990,2,-30,-0.6,5020,5220,4870,7025,34929795,44121056050,8841895,KSQ,ME006
260930,2026-09-29,KR7260930003,씨티케이,KOSDAQ,중견기업부,2250,2,-45,-1.96,2310,2310,2200,43086,96251820,44098827480,19341591,KSQ,ME006
466410,2026-09-29,KR7466410008,사이냅소프트,KOSDAQ,벤처기업부,8990,1,170,1.93,8750,8900,8680,1823,15925120,43922840560,5037023,KSQ,ME006
004910,2026-09-29,KR7004910006,조광페인트,KOSPI,,3410,2,-30,-0.87,3450,3450,3380,5058,17158045,43776000000,12800000,STK,ME006
222420,2026-09-29,KR7222420002,쎄노텍,KOSDAQ,벤처기업부,918,1,8,0.88,895,910,890,85053,76269339,43770344792,48418523,KSQ,ME006
900340,2026-09-29,HK0000449303,윙입푸드,KOSDAQ,외국기업(소속부없음),1235,2,-24,-1.91,1250,1258,1200,56880,69561385,43766760360,35582732,KSQ,ME006
022220,2026-09-29,KR7022220008,티케이지애강,KOSDAQ,관리종목(소속부없음),845,1,10,1.2,865,865,830,1409,1174648,43766419255,51794579,KSQ,ME006
005320,2026-09-29,KR7005320007,온타이드,KOSPI,,1280,2,-49,-3.69,1338,1356,1209,184177,234155946,43760441600,34187845,STK,ME006
900250,2026-09-29,KYG2115T1076,크리스탈신소재,KOSDAQ,외국기업(소속부없음),1237,2,-4,-0.32,1239,1250,1217,71499,87581520,43694301220,35815001,KSQ,ME006
065130,2026-09-29,KR7065130007,탑엔지니어링,KOSDAQ,중견기업부,2760,1,5,0.18,2700,2750,2675,38660,104304814,43530880000,16004000,KSQ,ME006
042040,2026-09-29,KR7042040006,케이피엠테크,KOSDAQ,중견기업부,5060,2,-90,-1.75,5100,5100,4925,4425,21928290,43441664910,8670991,KSQ,ME006
286750,2026-09-29,KR7286750005,나노실리칸첨단소재,KOSDAQ,투자주의환기종목(소속부없음),2710,2,-35,-1.28,2745,2745,2530,21097,55562680,43399099880,16014428,KSQ,ME006
050120,2026-09-29,KR7050120005,ES큐브,KOSDAQ,중견기업부,3195,3,0,0.0,3170,3195,3065,1634,5116225,43337254770,13564086,KSQ,ME006
479960,2026-09-29,KR7479960007,위너스일렉,KOSDAQ,중견기업부,6070,2,-10,-0.16,6080,6080,5800,11434,67673800,43254820000,7126000,KSQ,ME006
238120,2026-09-29,KR7238120000,얼라인드,KOSDAQ,기술성장기업부,3040,1,70,2.36,2965,3045,2865,9922,29209075,43223552960,14218274,KSQ,ME006
196300,2026-09-29,KR7196300008,HLB펩,KOSDAQ,관리종목(소속부없음),4550,2,-1040,-18.6,5590,5810,4525,309650,1572543311,43197458850,9493947,KSQ,ME006
099410,2026-09-29,KR7099410003,동방선기,KOSDAQ,벤처기업부,3100,2,-15,-0.48,3085,3115,3020,25169,76651010,42910000000,14000000,KSQ,ME006
263020,2026-09-29,KR7263020000,디케이앤디,KOSDAQ,벤처기업부,3145,1,20,0.64,3125,3135,3080,10257,31863380,42892052600,13836146,KSQ,ME006
460470,2026-09-29,KR7460470008,아이빔테크놀로지,KOSDAQ,기술성장기업부,2885,1,60,2.12,2950,2950,2780,30300,86475797,42863413950,15119370,KSQ,ME006
226340,2026-09-29,KR7226340008,본느,KOSDAQ,관리종목(소속부없음),5100,1,90,1.8,5010,5400,4820,403585,2048477255,42791468400,8390484,KSQ,ME006
413640,2026-09-29,KR7413640004,비아이매트릭스,KOSDAQ,벤처기업부,5930,2,-60,-1.0,5890,5990,5830,12370,72806440,42737154200,7206940,KSQ,ME006
014910,2026-09-29,KR7014910004,성문전자,KOSPI,,1938,2,-36,-1.82,1960,1974,1918,152113,295418198,42556079379,21857257,STK,ME006
140520,2026-09-29,KR7140520008,대창스틸,KOSDAQ,중견기업부,2015,1,5,0.25,2010,2050,1991,44169,88840838,42535124645,21109243,KSQ,ME006
258610,2026-09-29,KR7258610005,케일럼,KOSDAQ,중견기업부,1204,2,-3,-0.25,1207,1219,1161,20621,24407500,42468613332,36485063,KSQ,ME006
004060,2026-09-29,KR7004060000,SG세계물산,KOSPI,,2090,2,-55,-2.56,2135,2145,2075,54580,114242418,42408029120,20242496,STK,ME006
082850,2026-09-29,KR7082850009,우리바이오,KOSDAQ,중견기업부,4420,2,-105,-2.32,4495,4550,4345,32270,142127725,42399503125,9691315,KSQ,ME006
481850,2026-09-29,KR7481850006,신한글로벌액티브리츠,KOSPI,,985,1,7,0.72,978,989,967,8018,7789307,42390722400,43477664,STK,ME006
017180,2026-09-29,KR7017180001,명문제약,KOSPI,,1240,1,5,0.4,1225,1244,1219,45650,56106028,42238096776,33953454,STK,ME006
008420,2026-09-29,KR7008420002,문배철강,KOSPI,,2070,2,-15,-0.72,2080,2090,2040,34817,71582780,42237220300,20503505,STK,ME006
129890,2026-09-29,KR7129890000,앱코,KOSDAQ,벤처기업부,933,1,2,0.21,925,936,925,41761,38709268,42175227452,45545602,KSQ,ME006
256150,2026-09-29,KR7256150004,한독크린텍,KOSDAQ,벤처기업부,5000,1,40,0.81,5010,5010,4955,3868,19264355,41975000000,8395000,KSQ,ME006
086060,2026-09-29,KR7086060001,진바이오텍,KOSDAQ,중견기업부,4785,1,30,0.63,4805,4950,4665,17785,85889965,41933558690,8610587,KSQ,ME006
307280,2026-09-29,KR7307280008,원바이오젠,KOSDAQ,벤처기업부,6080,1,100,1.67,6100,6100,5860,11193,66072490,41858299300,7094627,KSQ,ME006
227950,2026-09-29,KR7227950003,엔투텍,KOSDAQ,벤처기업부,1208,2,-9,-0.74,1217,1225,1190,52256,63155776,41789441099,34508209,KSQ,ME006
159580,2026-09-29,KR7159580000,제로투세븐,KOSDAQ,중견기업부,2055,2,-45,-2.14,2070,2085,2050,13865,28613430,41667882880,20032636,KSQ,ME006
199480,2026-09-29,KR7199480005,뱅크웨어글로벌,KOSDAQ,기술성장기업부,4035,2,-55,-1.34,3985,4205,3965,19264,78348055,41602079040,10196588,KSQ,ME006
224110,2026-09-29,KR7224110007,에이텍모빌리티,KOSDAQ,벤처기업부,8780,1,330,3.91,8450,8510,8140,3721,31358230,41557557480,5080386,KSQ,ME006
190650,2026-09-29,KR7190650002,코리아에셋투자증권,KOSDAQ,우량기업부,6510,2,-30,-0.46,6490,6490,6410,2241,14411530,41458120000,6388000,KSQ,ME006
019490,2026-09-29,KR7019490002,엑시큐어하이트론,KOSPI,,541,3,0,0.0,0,0,0,0,0,41349858070,76432270,STK,ME006
007680,2026-09-29,KR7007680002,대원,KOSDAQ,중견기업부,3115,2,-100,-3.11,3190,3245,3125,8895,28126249,41321056250,13222738,KSQ,ME006
000215,2026-09-29,KR7000211003,DL우,KOSPI,,24550,2,-500,-2.0,25000,25000,24300,1726,42504000,41309817500,1686115,STK,ME006
026940,2026-09-29,KR7026940007,부국철강,KOSPI,,2065,2,-55,-2.59,2100,2120,2035,135760,279309688,41300000000,20000000,STK,ME006
023350,2026-09-29,KR7023350002,한국종합기술,KOSPI,,3875,1,30,0.78,3950,3950,3725,27118,102385090,41281500000,10950000,STK,ME006
056700,2026-09-29,KR7056700008,신화인터텍,KOSDAQ,중견기업부,1415,2,-3,-0.21,1417,1418,1409,9839,13905149,41255288856,29135091,KSQ,ME006
263810,2026-09-29,KR7263810004,상신전자,KOSDAQ,중견기업부,2580,1,40,1.57,2500,2590,2495,40072,102006420,41245296750,15924825,KSQ,ME006
290670,2026-09-29,KR7290670009,대보마그네틱,KOSDAQ,중견기업부,5230,2,-140,-2.61,5400,5400,5160,4155,21757850,41174138400,7857660,KSQ,ME006
002290,2026-09-29,KR7002290005,삼일기업공사,KOSDAQ,우량기업부,3315,1,20,0.61,3325,3325,3285,8760,28962865,41106000000,12400000,KSQ,ME006
446070,2026-09-29,KR7446070005,유니드비티플러스,KOSPI,,3885,1,15,0.39,3870,3890,3830,43535,167942510,41065402050,10611215,STK,ME006
261200,2026-09-29,KR7261200000,덴티스,KOSDAQ,중견기업부,2625,1,30,1.16,2585,2625,2540,6476,16815206,41026171500,15809700,KSQ,ME006
066900,2026-09-29,KR7066900002,디에이피,KOSDAQ,관리종목(소속부없음),1796,2,-4,-0.22,1761,1799,1730,1715,3019967,40849127388,22744503,KSQ,ME006
136410,2026-09-29,KR7136410008,아셈스,KOSDAQ,벤처기업부,3725,1,45,1.22,3650,3780,3610,14635,53778445,40660501140,11019106,KSQ,ME006
373200,2026-09-29,KR7373200005,엑스플러스,KOSDAQ,벤처기업부,1617,1,50,3.19,1555,1627,1540,10954,17333568,40519957466,25043237,KSQ,ME006
189690,2026-09-29,KR7189690001,포시에스,KOSDAQ,벤처기업부,1490,2,-10,-0.67,1500,1512,1468,12191,18161250,40436514120,27321969,KSQ,ME006
017040,2026-09-29,KR7017040007,광명전기,KOSPI,,932,3,0,0.0,0,0,0,0,0,40390657180,43337615,STK,ME006
465480,2026-09-29,KR7465480002,인스피언,KOSDAQ,벤처기업부,3885,2,-85,-2.14,3875,3980,3845,13293,52665188,40297643700,10137772,KSQ,ME006
027830,2026-09-29,KR7027830009,대성창투,KOSDAQ,중견기업부,746,2,-16,-2.1,762,765,734,103123,76570355,40284000000,54000000,KSQ,ME006
011330,2026-09-29,KR7011330008,유니켐,KOSPI,,3990,2,-65,-1.6,4050,4100,3950,47318,188831477,40225417760,10018784,STK,ME006
452200,2026-09-29,KR7452200009,민테크,KOSDAQ,기술성장기업부,1695,1,16,0.95,1684,1684,1642,43529,72727280,40222118400,24332800,KSQ,ME006
011420,2026-09-29,KR7011420007,갤럭시아에스엠,KOSPI,,1445,1,1,0.07,1457,1457,1428,12067,17363405,39809235580,27549644,STK,ME006
047400,2026-09-29,KR7047400007,유니온머티리얼,KOSPI,,937,2,-8,-0.85,992,1090,935,659724,660626461,39732000000,42000000,STK,ME006
064090,2026-09-29,KR7064090004,인크레더블버즈,KOSDAQ,관리종목(소속부없음),798,3,0,0.0,0,0,0,0,0,39694710510,49742745,KSQ,ME006
270520,2026-09-29,KR7270520000,앱튼,KOSDAQ,투자주의환기종목(소속부없음),991,2,-424,-29.96,991,991,991,483651,481418141,39666671774,40026914,KSQ,ME006
037230,2026-09-29,KR7037230000,한국팩키지,KOSDAQ,우량기업부,1330,1,29,2.23,1310,1330,1294,30289,39835634,39634434910,29800327,KSQ,ME006
007530,2026-09-29,KR7007530009,와이엠,KOSDAQ,중견기업부,1779,2,-13,-0.73,1818,1818,1770,4704,8420551,39501260025,22254231,KSQ,ME006
008870,2026-09-29,KR7008870008,금비,KOSPI,,41200,1,1300,3.26,40300,40300,39400,112,4428600,39500000000,1000000,STK,ME006
203450,2026-09-29,KR7203450002,유니온바이오메트릭스,KOSDAQ,벤처기업부,2775,2,-10,-0.36,2785,2820,2750,7824,21848070,39350824565,14079007,KSQ,ME006
009810,2026-09-29,KR7009810003,MDS스피어,KOSPI,,2045,1,128,6.68,1990,1990,1858,6474,12438934,39197289456,20351656,STK,ME006
053950,2026-09-29,KR7053950002,경남제약,KOSDAQ,중견기업부,1999,2,-96,-4.58,2095,2095,1985,191024,383934907,39180439053,19619649,KSQ,ME006
263770,2026-09-29,KR7263770000,유에스티,KOSDAQ,우량기업부,1658,1,8,0.48,1650,1654,1615,4650,7654258,39128983972,23700172,KSQ,ME006
100660,2026-09-29,KR7100660000,서암기계공업,KOSDAQ,중견기업부,3085,2,-30,-0.96,3085,3460,3065,349564,1120076429,39060000000,12600000,KSQ,ME006
002870,2026-09-29,KR7002870004,신풍,KOSPI,,1105,1,8,0.73,1118,1118,1073,58610,63951278,38978950500,34958700,STK,ME006
044960,2026-09-29,KR7044960003,이글벳,KOSDAQ,중견기업부,3105,3,0,0.0,3100,3110,3075,11271,34866520,38936999640,12641883,KSQ,ME006
218150,2026-09-29,KR7218150001,미래생명자원,KOSDAQ,벤처기업부,1913,2,-22,-1.14,1922,1950,1891,62661,119707087,38912518612,20415802,KSQ,ME006
461030,2026-09-29,KR7461030009,아이엠비디엑스,KOSDAQ,기술성장기업부,2770,2,-75,-2.64,2845,2910,2710,23464,65039635,38846541070,14334517,KSQ,ME006
049830,2026-09-29,KR7049830003,승일,KOSDAQ,중견기업부,6330,2,-60,-0.94,6390,6390,6330,232,1472660,38816268960,6132112,KSQ,ME006
221980,2026-09-29,KR7221980006,케이디켐,KOSDAQ,우량기업부,9610,1,30,0.31,9580,9620,9580,244,2342060,38774428000,4034800,KSQ,ME006
023960,2026-09-29,KR7023960008,에쓰씨엔지니어링,KOSPI,,1043,1,20,1.96,1012,1033,999,16501,16761370,38720620514,38035973,STK,ME006
234100,2026-09-29,KR7234100006,폴라리스세원,KOSDAQ,우량기업부,2640,2,-15,-0.56,2725,2725,2570,12861,33474530,38475310860,14601636,KSQ,ME006
025880,2026-09-29,KR7025880006,케이씨피드,KOSDAQ,우량기업부,2315,1,25,1.09,2305,2330,2290,15012,34715550,38446473400,16715858,KSQ,ME006
184230,2026-09-29,KR7184230001,SGA솔루션즈,KOSDAQ,벤처기업부,2055,2,-75,-3.52,2190,2190,2025,48130,99027426,38232922560,18833952,KSQ,ME006
352700,2026-09-29,KR7352700009,씨앤투스,KOSDAQ,벤처기업부,1506,1,49,3.36,1465,1465,1450,5145,7475678,38232888045,26276899,KSQ,ME006
145270,2026-09-29,KR7145270005,케이탑리츠,KOSPI,,793,2,-1,-0.13,800,800,784,19449,15342668,38160254556,48060774,STK,ME006
052220,2026-09-29,KR7052220001,iMBC,KOSDAQ,중견기업부,1663,2,-5,-0.3,1668,1677,1650,9539,15850733,38134000000,23000000,KSQ,ME006
065440,2026-09-29,KR7065440000,이루온,KOSDAQ,벤처기업부,1417,2,-32,-2.21,1478,1478,1396,108995,153521650,38130477960,27275020,KSQ,ME006
045510,2026-09-29,KR7045510005,정원엔시스,KOSDAQ,중견기업부,1189,1,107,9.89,1088,1259,1076,624647,744861656,38122227927,31479957,KSQ,ME006
221840,2026-09-29,KR7221840002,하이즈항공,KOSDAQ,중견기업부,2090,2,-5,-0.24,2070,2100,1969,13149,26433425,38055641635,18700561,KSQ,ME006
273060,2026-09-29,KR7273060004,와이즈버즈,KOSDAQ,중견기업부,3800,2,-35,-0.91,3945,4095,3840,7211,28002200,37939384160,9828856,KSQ,ME006
450330,2026-09-29,KR7450330006,하스,KOSDAQ,기술성장기업부,4755,2,-70,-1.45,4825,5220,4535,14385,69671312,37905083090,8186843,KSQ,ME006
101240,2026-09-29,KR7101240000,씨큐브,KOSDAQ,우량기업부,3390,1,100,3.04,3300,3350,3265,4401,14474120,37875768420,11357052,KSQ,ME006
050860,2026-09-29,KR7050860006,아세아텍,KOSDAQ,우량기업부,1752,1,63,3.73,1689,1707,1668,18080,30376516,37822500000,22500000,KSQ,ME006
258790,2026-09-29,KR7258790005,소프트캠프,KOSDAQ,벤처기업부,7440,1,380,5.38,7060,8070,6920,114491,875095055,37736832800,4998256,KSQ,ME006
046310,2026-09-29,KR7046310009,백금T&A,KOSDAQ,우량기업부,2290,1,5,0.22,2305,2305,2265,20687,47105525,37598687890,16418641,KSQ,ME006
019770,2026-09-29,KR7019770007,서연탑메탈,KOSDAQ,우량기업부,3220,1,10,0.31,3200,3230,3195,9350,29974920,37513000000,11650000,KSQ,ME006
084650,2026-09-29,KR7084650001,랩지노믹스,KOSDAQ,관리종목(소속부없음),2525,2,-170,-6.31,2500,2680,2500,60237,152782134,37491194950,14847998,KSQ,ME006
122690,2026-09-29,KR7122690001,서진오토모티브,KOSDAQ,중견기업부,1630,1,2,0.12,1640,1640,1610,4325,7012001,37434407252,23079166,KSQ,ME006
051630,2026-09-29,KR7051630002,진양화학,KOSPI,,1800,2,-7,-0.39,1754,1809,1745,91573,162017274,37418000000,21200000,STK,ME006
215380,2026-09-29,KR7215380007,콜마바이오텍,KOSDAQ,중견기업부,2265,2,-25,-1.09,2365,2365,2210,20037,45144215,37361658720,16829576,KSQ,ME006
049800,2026-09-29,KR7049800006,우진플라임,KOSPI,,1900,1,85,4.68,1815,1860,1811,13772,25276979,37200000000,20000000,STK,ME006
250000,2026-09-29,KR7250000007,보라티알,KOSDAQ,우량기업부,5500,2,-20,-0.36,5510,5510,5410,1994,10908040,37129031500,6750733,KSQ,ME006
134790,2026-09-29,KR7134790005,시디즈,KOSPI,,18550,2,-60,-0.32,18990,18990,18550,373,6953980,37100000000,2000000,STK,ME006
097870,2026-09-29,KR7097870000,효성오앤비,KOSDAQ,중견기업부,4360,2,-45,-1.02,4285,4405,4285,3894,16852565,36973950000,8490000,KSQ,ME006
081580,2026-09-29,KR7081580003,성우전자,KOSDAQ,중견기업부,2390,1,30,1.27,2400,2400,2315,39125,91716570,36909380340,15508143,KSQ,ME006
208710,2026-09-29,KR7208710004,포톤,KOSDAQ,중견기업부,2795,2,-25,-0.89,2855,2875,2705,75819,209447720,36904369600,13180132,KSQ,ME006
010640,2026-09-29,KR7010640001,진양폴리,KOSPI,,2205,1,60,2.8,2150,2205,2065,101397,221511165,36740000000,16700000,STK,ME006
002360,2026-09-29,KR7002360006,SH에너지화학,KOSPI,,3300,1,365,12.44,2930,3345,2720,541959,1695511387,36674130900,11113373,STK,ME006
219420,2026-09-29,KR7219420007,링크제니시스,KOSDAQ,기술성장기업부,3195,1,10,0.31,3140,3185,3140,14484,45753200,36473032260,11469507,KSQ,ME006
065500,2026-09-29,KR7065500001,오리엔트정공,KOSDAQ,중견기업부,1037,2,-6,-0.58,1042,1043,1013,58600,59853835,36350541504,35742912,KSQ,ME006
037370,2026-09-29,KR7037370004,EG,KOSDAQ,벤처기업부,4330,1,50,1.17,4240,4280,4150,7214,30407620,36311132120,8624972,KSQ,ME006
123570,2026-09-29,KR7123570004,이엠넷,KOSDAQ,중견기업부,1629,1,4,0.25,1645,1650,1599,764,1233735,36287731062,22276078,KSQ,ME006
038070,2026-09-29,KR7038070009,서린바이오,KOSDAQ,중견기업부,3895,2,-20,-0.51,3905,3940,3850,9612,37366951,36272636400,9300676,KSQ,ME006
171010,2026-09-29,KR7171010002,램테크놀러지,KOSDAQ,벤처기업부,2580,1,25,0.98,2550,2595,2480,16189,40611290,36247336320,14298752,KSQ,ME006
121890,2026-09-29,KR7121890008,에스디시스템,KOSDAQ,중견기업부,2750,1,20,0.73,2725,2785,2705,23716,64957940,36152733120,13291446,KSQ,ME006
027740,2026-09-29,KR7027740000,마니커,KOSPI,,1138,2,-18,-1.56,1156,1166,1124,139457,159960017,36137888732,31755614,STK,ME006
043910,2026-09-29,KR7043910009,자연과환경,KOSDAQ,벤처기업부,3230,1,40,1.25,3200,3200,3135,14035,44355105,36115176825,11339145,KSQ,ME006
035460,2026-09-29,KR7035460005,기산텔레콤,KOSDAQ,벤처기업부,2420,3,0,0.0,2420,2455,2380,57152,138041726,36107222800,14920340,KSQ,ME006
042940,2026-09-29,KR7042940007,상지건설,KOSDAQ,중견기업부,5390,2,-150,-2.71,5620,5620,5220,44676,237496355,35987312240,6828712,KSQ,ME006
284620,2026-09-29,KR7284620002,카이노스메드,KOSDAQ,투자주의환기종목(소속부없음),1087,3,0,0.0,0,0,0,0,0,35965517911,33086953,KSQ,ME006
318410,2026-09-29,KR7318410008,비비씨,KOSDAQ,중견기업부,6410,2,-50,-0.77,6400,6520,6270,3665,23442620,35831317350,5555243,KSQ,ME006
057540,2026-09-29,KR7057540007,옴니시스템,KOSDAQ,관리종목(소속부없음),602,3,0,0.0,0,0,0,0,0,35755349336,59394268,KSQ,ME006
014570,2026-09-29,KR7014570006,고려제약,KOSDAQ,중견기업부,3285,1,65,2.02,3280,3280,3160,2680,8589875,35750000000,11000000,KSQ,ME006
086040,2026-09-29,KR7086040003,바이오톡스텍,KOSDAQ,벤처기업부,2240,2,-5,-0.22,2265,2270,2210,8544,19045560,35746473280,15958247,KSQ,ME006
068940,2026-09-29,KR7068940006,셀피글로벌,KOSDAQ,관리종목(소속부없음),778,3,0,0.0,0,0,0,0,0,35720093048,45912716,KSQ,ME006
046390,2026-09-29,KR7046390001,삼화네트웍스,KOSDAQ,중견기업부,2130,1,50,2.4,2060,2090,2010,14752,30247260,35660842245,17269173,KSQ,ME006
066360,2026-09-29,KR7066360009,체리부로,KOSDAQ,우량기업부,1480,1,1,0.07,1479,1501,1474,18654,27605935,35652322409,23976007,KSQ,ME006
133820,2026-09-29,KR7133820001,화인베스틸,KOSPI,,985,1,11,1.13,926,986,926,41098,39133516,35629921920,37114502,STK,ME006
239890,2026-09-29,KR7239890007,피엔에이치테크,KOSDAQ,기술성장기업부,3470,2,-85,-2.39,3555,3585,3505,2760,9766505,35619681675,9935755,KSQ,ME006
000890,2026-09-29,KR7000890004,보해양조,KOSPI,,1302,2,-1,-0.08,1304,1304,1285,107247,138775357,35607368225,27624025,STK,ME006
462510,2026-09-29,KR7462510009,라메디텍,KOSDAQ,기술성장기업부,4035,1,930,29.95,3180,4035,3115,830806,3205963416,35519963775,8802965,KSQ,ME006
039290,2026-09-29,KR7039290002,인포뱅크,KOSDAQ,중견기업부,4100,1,60,1.49,4100,4100,3995,6432,26177665,35427960350,8693978,KSQ,ME006
196450,2026-09-29,KR7196450001,코아시아씨엠,KOSDAQ,중견기업부,3915,1,100,2.62,3815,4150,3750,9641,37156472,35349600000,9064000,KSQ,ME006
263050,2026-09-29,KR7263050007,유틸렉스,KOSDAQ,관리종목(소속부없음),959,3,0,0.0,0,0,0,0,0,35324626904,36834856,KSQ,ME006
045060,2026-09-29,KR7045060001,오공,KOSDAQ,우량기업부,2105,1,20,0.96,2115,2115,2070,17007,35429835,35324015790,16941974,KSQ,ME006
060850,2026-09-29,KR7060850005,영림원소프트랩,KOSDAQ,벤처기업부,4340,2,-65,-1.48,4405,4405,4270,13368,57515565,35288540000,8131000,KSQ,ME006
0010F0,2026-09-29,KR70010F0005,보원케미칼,KOSDAQ,벤처기업부,3150,1,220,7.51,2870,3645,2815,13376322,44409694192,35269497165,11143601,KSQ,ME006
363250,2026-09-29,KR7363250002,진시스템,KOSDAQ,기술성장기업부,4210,1,50,1.2,4345,4345,4070,9235,38240440,35267243390,8508382,KSQ,ME006
060540,2026-09-29,KR7060540002,에스에이티,KOSDAQ,중견기업부,1364,2,-1,-0.07,1330,1363,1300,63544,84487443,35227195032,26132934,KSQ,ME006
387570,2026-09-29,KR7387570005,파인메딕스,KOSDAQ,기술성장기업부,6260,2,-10,-0.16,6080,6260,6000,7062,43731510,35218134000,5625900,KSQ,ME006
051490,2026-09-29,KR7051490001,나라엠앤디,KOSDAQ,우량기업부,2515,2,-20,-0.79,2575,2575,2460,19357,48281220,35145000000,14200000,KSQ,ME006
024120,2026-09-29,KR7024120008,KB오토시스,KOSDAQ,중견기업부,3050,2,-10,-0.33,3060,3060,3030,3349,10174140,35132500000,11500000,KSQ,ME006
260660,2026-09-29,KR7260660006,알리코제약,KOSDAQ,중견기업부,2270,2,-65,-2.78,2290,2345,2265,9006,20643750,35098878090,15327021,KSQ,ME006
177900,2026-09-29,KR7177900008,쓰리에이로직스,KOSDAQ,기술성장기업부,3685,3,0,0.0,3680,3685,3595,9514,34598155,35044464000,9627600,KSQ,ME006
054780,2026-09-29,KR7054780002,키이스트,KOSDAQ,중견기업부,1800,1,90,5.26,1775,1925,1650,206788,373550807,34892582575,19657793,KSQ,ME006
153460,2026-09-29,KR7153460001,네이블,KOSDAQ,중견기업부,5320,2,-200,-3.62,5520,5730,5330,2693,14560965,34870274760,6530014,KSQ,ME006
446840,2026-09-29,KR7446840001,지슨,KOSDAQ,기술성장기업부,3215,1,15,0.47,3200,3200,3095,7185,22532647,34812506560,11016616,KSQ,ME006
406820,2026-09-29,KR7406820001,뷰티스킨,KOSDAQ,벤처기업부,2460,1,60,2.5,2420,2760,2380,3670469,9438752965,34774946220,14136157,KSQ,ME006
204020,2026-09-29,KR7204020002,그리티,KOSDAQ,우량기업부,1788,1,16,0.9,1765,1789,1752,11657,20622588,34758636784,19450832,KSQ,ME006
106240,2026-09-29,KR7106240005,파인테크닉스,KOSDAQ,벤처기업부,1310,1,21,1.63,1289,1350,1277,68546,89806184,34662815856,26581914,KSQ,ME006
186230,2026-09-29,KR7186230009,그린플러스,KOSDAQ,벤처기업부,3160,2,-25,-0.78,3145,3285,3125,5849,18446089,34507794080,10920188,KSQ,ME006
290120,2026-09-29,KR7290120005,DH오토리드,KOSDAQ,중견기업부,2170,2,-35,-1.59,2235,2235,2110,24531,53025570,34498885860,15825177,KSQ,ME006
013000,2026-09-29,KR7013000005,세우글로벌,KOSPI,,1197,1,28,2.4,1178,1200,1163,91952,108810530,34388627138,28705031,STK,ME006
206400,2026-09-29,KR7206400004,베노티앤알,KOSDAQ,중견기업부,935,1,166,21.59,883,995,800,3417453,3192972799,34321794570,37510158,KSQ,ME006
075130,2026-09-29,KR7075130005,플랜티넷,KOSDAQ,벤처기업부,2140,3,0,0.0,2140,2155,2085,33350,70327666,34179318400,16122320,KSQ,ME006
332290,2026-09-29,KR7332290006,누보,KOSDAQ,벤처기업부,4300,2,-35,-0.81,4395,4400,4210,12239,52342731,34178466945,7939249,KSQ,ME006
012280,2026-09-29,KR7012280004,영화금속,KOSPI,,3650,1,130,3.69,3520,3560,3450,11128,38966797,34171908450,9904901,STK,ME006
469750,2026-09-29,KR7469750004,아이비젼웍스,KOSDAQ,벤처기업부,991,3,0,0.0,0,0,0,0,0,34146372671,34456481,KSQ,ME006
452300,2026-09-29,KR7452300007,캡스톤파트너스,KOSDAQ,중견기업부,2410,2,-40,-1.63,2415,2520,2390,28069,67795078,34077659525,14169505,KSQ,ME006
434480,2026-09-29,KR7434480000,모니터랩,KOSDAQ,기술성장기업부,2760,2,-60,-2.13,2830,2940,2700,89129,250527140,34037979500,12310300,KSQ,ME006
207760,2026-09-29,KR7207760000,미스터블루,KOSDAQ,중견기업부,2040,1,5,0.25,2070,2070,2000,13319,26998680,33979630020,16615956,KSQ,ME006
008250,2026-09-29,KR7008250003,이건산업,KOSPI,,3105,1,30,0.98,3050,3135,3045,23612,72777360,33898405325,10952635,STK,ME006
026040,2026-09-29,KR7026040006,제이에스티나,KOSDAQ,중견기업부,2020,2,-85,-4.04,2075,2085,2000,104249,211835070,33832769500,16503790,KSQ,ME006
004365,2026-09-29,KR7004361002,세방우,KOSPI,,9170,2,-30,-0.33,9210,9310,9120,11892,109241130,33830422500,3689250,STK,ME006
009460,2026-09-29,KR7009460007,한창제지,KOSPI,,2740,1,5,0.18,2770,2770,2600,6715,18090185,33810739640,12339686,STK,ME006
057030,2026-09-29,KR7057030009,YBM넷,KOSDAQ,중견기업부,2040,2,-40,-1.92,2080,2080,2000,36805,74433245,33767282790,16312697,KSQ,ME006
005820,2026-09-29,KR7005820006,원림,KOSPI,,14670,1,240,1.66,14400,14670,14350,734,10596610,33711219900,2297970,STK,ME006
000760,2026-09-29,KR7000760009,이화산업,KOSPI,,12030,1,50,0.42,11980,12880,11860,771,9224200,33684000000,2800000,STK,ME006
432430,2026-09-29,KR7432430007,와이랩,KOSDAQ,기술성장기업부,2040,1,5,0.25,2000,2085,2000,13607,27521222,33676972800,16508320,KSQ,ME006
143210,2026-09-29,KR7143210003,핸즈코퍼레이션,KOSPI,,1199,3,0,0.0,0,0,0,0,0,33571739817,27999783,STK,ME006
064520,2026-09-29,KR7064520000,테크엘,KOSDAQ,중견기업부,1497,2,-3,-0.2,1523,1523,1473,3557,5292859,33459539814,22351062,KSQ,ME006
310870,2026-09-29,KR7310870001,디와이씨,KOSDAQ,벤처기업부,1535,1,5,0.33,1535,1535,1503,24829,37634032,33388122846,21922602,KSQ,ME006
397810,2026-09-29,KR7397810003,애드포러스,KOSDAQ,벤처기업부,6490,2,-440,-6.35,6780,6940,6280,13066,85669330,33235358800,5160770,KSQ,ME006
052600,2026-09-29,KR7052600004,한네트,KOSDAQ,중견기업부,2865,1,10,0.35,2865,2910,2810,9055,25829507,33187819000,11563700,KSQ,ME006
131090,2026-09-29,KR7131090003,시큐브,KOSDAQ,벤처기업부,4350,1,20,0.46,4330,4360,4320,16490,71556690,33160096930,7658221,KSQ,ME006
038060,2026-09-29,KR7038060000,루멘스바이오스,KOSDAQ,중견기업부,689,3,0,0.0,0,0,0,0,0,33143014541,48103069,KSQ,ME006
208860,2026-09-29,KR7208860007,다산디엠씨,KOSDAQ,벤처기업부,9810,2,-1500,-13.26,11070,11070,9660,7747,78287230,33135170720,3394997,KSQ,ME006
215090,2026-09-29,KR7215090002,솔디펜스,KOSDAQ,벤처기업부,1474,1,45,3.15,1453,1453,1401,34618,49225841,33043128247,23155661,KSQ,ME006
099220,2026-09-29,KR7099220006,SDN,KOSDAQ,관리종목(소속부없음),5240,2,-10,-0.19,5300,5400,5080,11890,61916910,32982839400,6294435,KSQ,ME006
900270,2026-09-29,HK0000214814,헝셩그룹,KOSDAQ,외국기업(소속부없음),2680,2,-50,-1.83,2800,2800,2600,72374,191273900,32961040445,12461641,KSQ,ME006
476080,2026-09-29,KR7476080007,M83,KOSDAQ,중견기업부,4100,1,20,0.49,4080,4080,3965,7197,28840075,32954160000,8077000,KSQ,ME006
335810,2026-09-29,KR7335810008,프리시젼바이오,KOSDAQ,기술성장기업부,1531,1,11,0.72,1520,1566,1462,12997,19804198,32858410482,21949506,KSQ,ME006
290090,2026-09-29,KR7290090000,트윔,KOSDAQ,벤처기업부,4555,1,55,1.22,4480,4480,4415,567,2528720,32850107720,7440568,KSQ,ME006
080520,2026-09-29,KR7080520000,오디텍,KOSDAQ,벤처기업부,3035,1,105,3.58,2915,2950,2820,2502,7181330,32835009300,11322417,KSQ,ME006
032790,2026-09-29,KR7032790008,엠젠솔루션,KOSDAQ,벤처기업부,1287,1,10,0.78,1275,1295,1225,56627,70712016,32742135150,25680106,KSQ,ME006
068050,2026-09-29,KR7068050004,팬엔터테인먼트,KOSDAQ,중견기업부,1158,2,-24,-2.03,1159,1186,1152,9194,10709710,32734397832,27694076,KSQ,ME006
021650,2026-09-29,KR7021650007,한국큐빅,KOSDAQ,중견기업부,2000,1,25,1.27,1940,2000,1940,5789,11321277,32701126000,16350563,KSQ,ME006
104200,2026-09-29,KR7104200001,NHN벅스,KOSDAQ,중견기업부,2190,2,-5,-0.23,2190,2200,2080,60659,130067840,32620610000,14827550,KSQ,ME006
220180,2026-09-29,KR7220180004,폴라리스AI핸디,KOSDAQ,벤처기업부,1278,2,-122,-8.71,1410,1410,1326,11108,15119557,32593806804,23930842,KSQ,ME006
006920,2026-09-29,KR7006920003,모헨즈,KOSDAQ,중견기업부,2960,2,-75,-2.47,3000,3025,2965,50051,149216725,32541600000,10920000,KSQ,ME006
296640,2026-09-29,KR7296640006,이노에이엑스,KOSDAQ,벤처기업부,6230,2,-20,-0.32,6250,6420,6080,2876,17659760,32519422560,5178252,KSQ,ME006
226330,2026-09-29,KR7226330009,신테카바이오,KOSDAQ,투자주의환기종목(소속부없음),1334,1,8,0.6,1326,1423,1290,70203,93038978,32360805650,24258475,KSQ,ME006
311390,2026-09-29,KR7311390009,네오크레마,KOSDAQ,벤처기업부,2550,1,175,7.37,2395,2575,2330,101297,252619167,32203893005,12653789,KSQ,ME006
408900,2026-09-29,KR7408900009,스튜디오미르,KOSDAQ,중견기업부,1001,1,16,1.62,1000,1000,970,21565,21130379,32196129207,32752929,KSQ,ME006
153490,2026-09-29,KR7153490008,우리이앤엘하루틴,KOSDAQ,우량기업부,3150,2,-30,-0.94,3165,3165,3010,4533,13962915,32175000000,10296000,KSQ,ME006
270870,2026-09-29,KR7270870009,뉴트리,KOSDAQ,중견기업부,3475,2,-105,-2.93,3580,3610,3470,2897,10325180,32156574450,8994846,KSQ,ME006
031510,2026-09-29,KR7031510001,오스템,KOSDAQ,중견기업부,1148,1,14,1.23,1139,1152,1129,51893,59440365,32144000000,28000000,KSQ,ME006
169330,2026-09-29,KR7169330008,엠브레인,KOSDAQ,중견기업부,1740,1,60,3.57,1680,1802,1631,114207,199629829,32036289582,18316918,KSQ,ME006
133750,2026-09-29,KR7133750000,메가엠디,KOSDAQ,중견기업부,1369,1,3,0.22,1366,1378,1359,2228,3033065,32020881336,23407077,KSQ,ME006
200780,2026-09-29,KR7200780005,비씨월드제약,KOSDAQ,중견기업부,3030,1,10,0.33,3020,3020,2990,1179,3548975,31996983000,10665661,KSQ,ME006
090370,2026-09-29,KR7090370008,메타랩스,KOSPI,,1184,2,-2,-0.17,1171,1212,1156,14471,16952332,31973790819,27304689,STK,ME006
009190,2026-09-29,KR7009190000,대양금속,KOSPI,,707,2,-183,-20.56,895,899,701,1816609,1398713274,31951753425,44939175,STK,ME006
025440,2026-09-29,KR7025440009,DH오토웨어,KOSDAQ,투자주의환기종목(소속부없음),3275,2,-15,-0.46,3290,3300,3175,7258,23696355,31951699100,9756244,KSQ,ME006
430690,2026-09-29,KR7430690008,한싹,KOSDAQ,벤처기업부,2930,2,-35,-1.18,2965,3080,2870,67810,199306479,31923240720,10895304,KSQ,ME006
090410,2026-09-29,KR7090410002,덕신이피씨,KOSDAQ,우량기업부,3430,2,-35,-1.01,3430,3635,3405,9381,32533775,31890193740,9216819,KSQ,ME006
417860,2026-09-29,KR7417860004,오브젠,KOSDAQ,벤처기업부,6730,2,-250,-3.58,6980,7170,6750,16245,110532395,31771615500,4706906,KSQ,ME006
065950,2026-09-29,KR7065950008,웰크론,KOSDAQ,중견기업부,1136,2,-28,-2.41,1160,1160,1120,23173,26190740,31760214750,28231302,KSQ,ME006
087600,2026-09-29,KR7087600003,픽셀플러스,KOSDAQ,벤처기업부,3900,2,-40,-1.02,3980,3980,3850,1107,4321920,31727077830,8166558,KSQ,ME006
016600,2026-09-29,KR7016600009,큐캐피탈,KOSDAQ,중견기업부,2220,2,-80,-3.48,2350,2350,2220,23779,53472915,31692834270,13961601,KSQ,ME006
419120,2026-09-29,KR7419120001,산돌,KOSDAQ,중견기업부,2200,1,25,1.15,2160,2270,2160,11226,24661075,31646373025,14223089,KSQ,ME006
012160,2026-09-29,KR7012160008,영흥,KOSPI,,2050,2,-20,-0.97,2070,2070,2020,13541,27605295,31631923575,15620703,STK,ME006
033830,2026-09-29,KR7033830001,티비씨,KOSDAQ,중견기업부,1673,1,1,0.06,1673,1699,1659,11690,19583533,31631628490,18907130,KSQ,ME006
093380,2026-09-29,KR7093380004,풍강,KOSDAQ,중견기업부,3210,1,40,1.26,3200,3280,3145,75773,242764744,31564405035,9879313,KSQ,ME006
318020,2026-09-29,KR7318020005,포인트모바일,KOSDAQ,벤처기업부,2565,2,-35,-1.35,2600,2600,2500,8389,21422790,31552762680,12301272,KSQ,ME006
050110,2026-09-29,KR7050110006,캠시스,KOSDAQ,중견기업부,1079,3,0,0.0,0,0,0,0,0,31533584017,29224823,KSQ,ME006
148930,2026-09-29,KR7148930001,에이치와이티씨,KOSDAQ,중견기업부,3155,1,5,0.16,3150,3150,3005,3088,9516442,31492284235,10175213,KSQ,ME006
006370,2026-09-29,KR7006370001,대구백화점,KOSPI,,2915,2,-50,-1.69,2970,2980,2805,62057,177744020,31490888010,10821611,STK,ME006
002880,2026-09-29,KR7002880003,디와이에이,KOSPI,,3470,1,5,0.14,3440,3460,3325,11481,38932205,31478898635,9354799,STK,ME006
431190,2026-09-29,KR7431190008,케이쓰리아이,KOSDAQ,기술성장기업부,4135,2,-175,-4.06,4185,4245,4130,76439,319195455,31443056400,7486442,KSQ,ME006
089140,2026-09-29,KR7089140008,넥스턴앤롤코리아,KOSDAQ,벤처기업부,2075,2,-50,-2.35,2125,2125,2050,20128,41962185,31398279700,15316234,KSQ,ME006
127980,2026-09-29,KR7127980001,화인써키트,KOSDAQ,중견기업부,2640,1,30,1.15,2640,2665,2585,5918,15437925,31377812600,11840684,KSQ,ME006
012620,2026-09-29,KR7012620001,원일특강,KOSDAQ,우량기업부,7250,1,210,2.98,7050,7130,7040,3972,28199490,31328000000,4400000,KSQ,ME006
109820,2026-09-29,KR7109820001,진매트릭스,KOSDAQ,기술성장기업부,1550,2,-36,-2.27,1586,1586,1512,41601,63996291,31283843760,20393640,KSQ,ME006
258830,2026-09-29,KR7258830009,세종메디칼,KOSDAQ,관리종목(소속부없음),412,3,0,0.0,0,0,0,0,0,31223976612,75786351,KSQ,ME006
159910,2026-09-29,KR7159910009,에코글로우,KOSDAQ,중견기업부,3100,1,125,4.2,2945,3140,2925,1501,4438087,31191949060,10467097,KSQ,ME006
091340,2026-09-29,KR7091340000,S&K폴리텍,KOSDAQ,중견기업부,2620,1,15,0.58,2605,2685,2605,48785,129739170,31014860650,11703721,KSQ,ME006
009140,2026-09-29,KR7009140005,케이아이이,KOSPI,,19800,2,-2000,-9.17,21750,21750,19690,16381,328070560,31007532780,1570797,STK,ME006
014130,2026-09-29,KR7014130009,한익스프레스,KOSPI,,2630,1,5,0.19,2630,2635,2585,4875,12721835,30962853460,11817883,STK,ME006
010400,2026-09-29,KR7010400000,우진아이엔에스,KOSPI,,4320,1,120,2.86,4290,4290,4050,5487,22377625,30869100000,7622000,STK,ME006
038870,2026-09-29,KR7038870002,에코심플렉스,KOSDAQ,중견기업부,2200,1,15,0.69,2130,2245,2130,14692,31992380,30832887800,14014949,KSQ,ME006
070300,2026-09-29,KR7070300009,퀀텀레일,KOSDAQ,벤처기업부,892,2,-343,-27.77,1235,1235,865,5582916,5135227787,30728890585,35524729,KSQ,ME006
003535,2026-09-29,KR7003531001,한화투자증권우,KOSPI,,6450,3,0,0.0,6610,6610,6220,6893,43782050,30720000000,4800000,STK,ME006
197140,2026-09-29,KR7197140007,디지캡,KOSDAQ,벤처기업부,2360,2,-40,-1.67,2400,2400,2355,12246,29185410,30711043440,13013154,KSQ,ME006
263920,2026-09-29,KR7263920001,휴엠앤씨,KOSDAQ,중견기업부,3130,3,0,0.0,3115,3130,3100,3601,11224080,30702251380,9809026,KSQ,ME006
088790,2026-09-29,KR7088790001,진도,KOSPI,,2475,2,-40,-1.59,2490,2525,2455,37499,92769870,30683688960,12447744,STK,ME006
038950,2026-09-29,KR7038950002,파인디지털,KOSDAQ,중견기업부,2990,2,-10,-0.33,3005,3025,3000,19031,57109050,30632295000,10210765,KSQ,ME006
173940,2026-09-29,KR7173940008,에프엔씨엔터,KOSDAQ,중견기업부,1980,2,-25,-1.25,2000,2000,1977,16101,31926637,30477759840,15392808,KSQ,ME006
070590,2026-09-29,KR7070590005,인티큐브,KOSDAQ,중견기업부,2185,1,80,3.8,2045,2205,2045,52266,113461360,30465548595,13879521,KSQ,ME006
037330,2026-09-29,KR7037330008,인지디스플레,KOSDAQ,관리종목(소속부없음),693,2,-12,-1.7,700,700,685,13882,9594467,30412460232,43885224,KSQ,ME006
462310,2026-09-29,KR7462310004,뉴키즈온,KOSDAQ,중견기업부,3850,1,10,0.26,3865,3890,3830,6772,26155040,30409629250,7898605,KSQ,ME006
024070,2026-09-29,KR7024070005,WISCOM,KOSPI,,2020,1,22,1.1,1998,1998,1975,4402,8781752,30407652992,15326438,STK,ME006
097780,2026-09-29,KR7097780001,에코볼트,KOSDAQ,중견기업부,1538,1,69,4.7,1469,1549,1453,5643,8349646,30399047322,20293089,KSQ,ME006
271830,2026-09-29,KR7271830002,팸텍,KOSDAQ,벤처기업부,1047,2,-3,-0.29,1065,1089,1021,45319,47243881,30374908060,29490202,KSQ,ME006
025750,2026-09-29,KR7025750001,한솔홈데코,KOSPI,,1885,2,-15,-0.79,1890,1900,1869,6126,11519044,30373059665,16113029,STK,ME006
038620,2026-09-29,KR7038620001,위즈코프,KOSDAQ,벤처기업부,2015,1,10,0.5,2005,2035,1980,160829,322461995,30291786000,15145893,KSQ,ME006
099390,2026-09-29,KR7099390007,브레인즈컴퍼니,KOSDAQ,벤처기업부,3770,3,0,0.0,3945,3945,3670,4134,15280190,30288564270,8208283,KSQ,ME006
262840,2026-09-29,KR7262840002,아이퀘스트,KOSDAQ,벤처기업부,2855,1,170,6.33,2635,2930,2635,203629,581552957,30274317480,10566952,KSQ,ME006
246250,2026-09-29,KR7246250005,에스엘에스바이오,KOSDAQ,관리종목(소속부없음),1969,3,0,0.0,0,0,0,0,0,30220617614,15348206,KSQ,ME006
001070,2026-09-29,KR7001070002,대한방직,KOSPI,,5670,2,-170,-2.91,5860,5860,5650,4652,26724000,30210000000,5300000,STK,ME006
356890,2026-09-29,KR7356890004,싸이버원,KOSDAQ,벤처기업부,2550,2,-55,-2.11,2625,2635,2510,22064,56077592,30183408125,11953825,KSQ,ME006
020180,2026-09-29,KR7020180006,대신정보통신,KOSDAQ,중견기업부,3955,2,-20,-0.5,3900,3970,3900,13480,52778605,30128269360,7685783,KSQ,ME006
064480,2026-09-29,KR7064480007,브리지텍,KOSDAQ,벤처기업부,2525,2,-60,-2.32,2560,2585,2520,26726,67876300,30120300000,11952500,KSQ,ME006
071850,2026-09-29,KR7071850002,캐스텍코리아,KOSDAQ,투자주의환기종목(소속부없음),1239,2,-3,-0.24,1260,1265,1200,21808,27180000,30059302182,24260938,KSQ,ME006
075970,2026-09-29,KR7075970004,동국알앤에스,KOSDAQ,중견기업부,1635,2,-36,-2.15,1672,1672,1561,26975,43659267,29992000000,18400000,KSQ,ME006
376980,2026-09-29,KR7376980009,원티드랩,KOSDAQ,기술성장기업부,3230,1,95,3.03,3090,3135,3040,1503,4671315,29982829580,9766394,KSQ,ME006
369370,2026-09-29,KR7369370002,블리츠웨이엔터테인먼트,KOSDAQ,벤처기업부,3025,2,-85,-2.73,3125,3125,2880,11695,35199830,29973017910,9974382,KSQ,ME006
073570,2026-09-29,KR7073570004,리튬포어스,KOSDAQ,관리종목(소속부없음),2490,1,120,5.06,2400,2530,2260,164910,399201072,29972946720,12037328,KSQ,ME006
464280,2026-09-29,KR7464280007,티디에스팜,KOSDAQ,중견기업부,5490,2,-40,-0.72,5460,5500,5400,6013,32648680,29972600000,5530000,KSQ,ME006
368970,2026-09-29,KR7368970000,오에스피,KOSDAQ,관리종목(소속부없음),2665,2,-30,-1.11,2695,2695,2580,9405,24569240,29953848470,11239718,KSQ,ME006
069640,2026-09-29,KR7069640001,한세엠케이,KOSPI,,1416,1,39,2.83,1424,1424,1340,4879,6767307,29951492818,21735481,STK,ME006
043340,2026-09-29,KR7043340009,에쎈테크,KOSDAQ,관리종목(소속부없음),630,2,-13,-2.02,643,643,617,43894,27461406,29925000000,47500000,KSQ,ME006
444530,2026-09-29,KR7444530000,심플랫폼,KOSDAQ,기술성장기업부,4630,1,60,1.31,4560,4780,4450,9185,41933225,29875645970,6431786,KSQ,ME006
036420,2026-09-29,KR7036420008,콘텐트리중앙,KOSPI,,1549,2,-13,-0.83,1549,1563,1505,37103,56708110,29837315092,19262308,STK,ME006
336060,2026-09-29,KR7336060009,웨이버스,KOSDAQ,벤처기업부,3085,1,75,2.49,2970,3265,2970,26148,81379990,29808068800,9631040,KSQ,ME006
462980,2026-09-29,KR7462980004,아이지넷,KOSDAQ,기술성장기업부,1665,1,58,3.61,1607,1647,1587,60223,97866409,29722132310,18234437,KSQ,ME006
188260,2026-09-29,KR7188260004,세니젠,KOSDAQ,투자주의환기종목(소속부없음),2130,1,30,1.43,2010,2165,1995,17358,35167335,29609807340,13901318,KSQ,ME006
388610,2026-09-29,KR7388610008,지에프씨생명과학,KOSDAQ,기술성장기업부,5550,2,-210,-3.65,5640,5990,5550,15676,87821120,29555875650,5325383,KSQ,ME006
025890,2026-09-29,KR7025890005,한국주강,KOSPI,,2650,1,30,1.15,2615,2650,2580,11819,30816615,29533232400,11144616,STK,ME006
237820,2026-09-29,KR7237820006,플레이디,KOSDAQ,중견기업부,2335,1,35,1.52,2300,2380,2250,20418,46817165,29502422000,12827140,KSQ,ME006
033540,2026-09-29,KR7033540006,파라텍,KOSDAQ,중견기업부,2800,2,-20,-0.71,2910,2910,2770,9331,26223665,29466930120,10449266,KSQ,ME006
049120,2026-09-29,KR7049120009,파인디앤씨,KOSDAQ,벤처기업부,2955,1,160,5.72,3080,3080,2745,4481,12911100,29419614825,10601663,KSQ,ME006
006570,2026-09-29,KR7006570006,대림통상,KOSPI,,1922,3,0,0.0,1934,1934,1880,2439,4615601,29353800000,15225000,STK,ME006
200350,2026-09-29,KR7200350007,아티스트스튜디오,KOSDAQ,기술성장기업부,2905,1,10,0.35,2820,3000,2785,55493,160980225,29338333375,9996025,KSQ,ME006
300120,2026-09-29,KR7300120003,라온피플,KOSDAQ,벤처기업부,3010,2,-75,-2.43,3100,3100,2940,51034,152373085,29306376880,9900803,KSQ,ME006
317240,2026-09-29,KR7317240000,TS트릴리온,KOSDAQ,벤처기업부,1002,2,-3,-0.3,995,1003,980,78573,77856643,29235064422,29176711,KSQ,ME006
072770,2026-09-29,KR7072770001,멤레이비티,KOSDAQ,중견기업부,716,2,-39,-5.17,758,758,695,143894,102349375,29224516992,41512098,KSQ,ME006
377030,2026-09-29,KR7377030002,비트맥스,KOSDAQ,관리종목(소속부없음),2030,1,30,1.5,2000,2095,1950,15472,30965171,29012155060,14291702,KSQ,ME006
308170,2026-09-29,KR7308170000,씨티알모빌리티,KOSPI,,3425,1,45,1.33,3470,3470,3350,1342,4533585,28972650000,8610000,STK,ME006
128540,2026-09-29,KR7128540002,에코캡,KOSDAQ,우량기업부,1087,1,21,1.97,1066,1235,1066,323700,371356640,28879077720,26690460,KSQ,ME006
160550,2026-09-29,KR7160550000,NEW,KOSDAQ,중견기업부,1037,2,-1,-0.1,1005,1049,1005,29970,30674871,28799101392,27906106,KSQ,ME006
236810,2026-09-29,KR7236810008,엔비티,KOSDAQ,기술성장기업부,1725,1,12,0.7,1685,1709,1661,24270,40806713,28705445366,16975426,KSQ,ME006
073540,2026-09-29,KR7073540007,에프알텍,KOSDAQ,벤처기업부,2530,2,-45,-1.75,2585,2585,2485,23314,58512845,28671000000,11400000,KSQ,ME006
198940,2026-09-29,KR7198940009,한주라이트메탈,KOSDAQ,중견기업부,1448,1,65,4.7,1352,1519,1350,196282,284116369,28650144640,19909760,KSQ,ME006
003680,2026-09-29,KR7003680006,한성기업,KOSPI,,4585,2,-60,-1.29,4615,4645,4550,39345,179919995,28625864150,6209515,STK,ME006
452160,2026-09-29,KR7452160005,제이엔비,KOSDAQ,중견기업부,2985,2,-55,-1.81,3040,3105,2955,4201,12767080,28612142825,9617527,KSQ,ME006
079170,2026-09-29,KR7079170007,한창산업,KOSDAQ,우량기업부,5880,1,290,5.19,5610,5620,5500,2018,11267130,28600000000,5200000,KSQ,ME006
187270,2026-09-29,KR7187270004,신화콘텍,KOSDAQ,벤처기업부,2940,1,95,3.34,2985,2985,2775,3208,9002430,28554923675,10143845,KSQ,ME006
045300,2026-09-29,KR7045300001,성우테크론,KOSDAQ,중견기업부,2720,1,20,0.74,2750,2750,2685,8406,22716615,28476932400,10547012,KSQ,ME006
088340,2026-09-29,KR7088340005,유라클,KOSDAQ,벤처기업부,6640,2,-50,-0.75,6700,6760,6480,9410,62104410,28455679360,4364368,KSQ,ME006
464580,2026-09-29,KR7464580000,닷밀,KOSDAQ,기술성장기업부,1551,1,57,3.82,1500,1551,1478,14178,21546764,28419001416,18406089,KSQ,ME006
002690,2026-09-29,KR7002690006,동일제강,KOSPI,,1449,2,-41,-2.75,1456,1456,1399,40400,56964290,28400203640,20300360,STK,ME006
006740,2026-09-29,KR7006740005,블루산업개발,KOSPI,,4730,2,-70,-1.46,4770,4855,4555,15122,70454385,28326564840,5950959,STK,ME006
068100,2026-09-29,KR7068100007,케이웨더,KOSDAQ,기술성장기업부,2430,1,75,3.18,2325,2365,2315,4083,9604560,28208622640,11927536,KSQ,ME006
109960,2026-09-29,KR7109960005,앱토크롬,KOSDAQ,투자주의환기종목(소속부없음),1864,1,8,0.43,1898,1898,1839,660,1228296,28206482312,15132233,KSQ,ME006
239610,2026-09-29,KR7239610009,에이치엘사이언스,KOSDAQ,벤처기업부,5230,2,-50,-0.95,5260,5260,5200,1156,6016440,28200761450,5392115,KSQ,ME006
043220,2026-09-29,KR7043220003,티에스넥스젠,KOSDAQ,관리종목(소속부없음),1710,3,0,0.0,0,0,0,0,0,28191099330,16486023,KSQ,ME006
007120,2026-09-29,KR7007120009,미래아이앤지,KOSPI,,1090,1,62,6.03,1000,1031,972,101526,101628047,28170130534,27323114,STK,ME006
019570,2026-09-29,KR7019570001,GMI벤처,KOSDAQ,중견기업부,2945,1,220,8.07,2725,2965,2710,22446,63186873,28110036780,9545004,KSQ,ME006
031310,2026-09-29,KR7031310006,아이즈비전,KOSDAQ,중견기업부,946,2,-15,-1.56,977,977,934,29373,27695629,28051091893,29746651,KSQ,ME006
254120,2026-09-29,KR7254120009,자비스,KOSDAQ,기술성장기업부,910,3,0,0.0,0,0,0,0,0,27986385700,30754270,KSQ,ME006
407400,2026-09-29,KR7407400001,꿈비,KOSDAQ,벤처기업부,1912,1,1,0.05,1890,1910,1861,23392,44262724,27937325406,14634534,KSQ,ME006
008470,2026-09-29,KR7008470007,부스타,KOSDAQ,벤처기업부,1665,2,-23,-1.36,1674,1685,1658,35844,59866717,27870316800,16809600,KSQ,ME006
225220,2026-09-29,KR7225220003,제놀루션,KOSDAQ,벤처기업부,1500,1,48,3.31,1428,1452,1418,16030,23208442,27863910492,19190021,KSQ,ME006
119500,2026-09-29,KR7119500007,포메탈,KOSDAQ,중견기업부,2380,2,-10,-0.42,2395,2395,2340,59457,140961141,27840995200,11847232,KSQ,ME006
318010,2026-09-29,KR7318010006,팜스빌,KOSDAQ,벤처기업부,3510,1,25,0.72,3380,3510,3380,7170,24885100,27831976380,7929338,KSQ,ME006
367000,2026-09-29,KR7367000007,플래티어,KOSDAQ,벤처기업부,3500,1,225,6.87,3275,3320,3180,3839,12466809,27806906205,8388207,KSQ,ME006
071950,2026-09-29,KR7071950000,코아스,KOSPI,,1911,2,-4,-0.21,1892,1931,1890,37215,71078339,27790572790,14459195,STK,ME006
130500,2026-09-29,KR7130500002,GH신소재,KOSDAQ,중견기업부,1950,1,70,3.72,1899,1912,1867,9533,18071703,27751959216,14545052,KSQ,ME006
019175,2026-09-29,KR7019171008,신풍제약우,KOSPI,,13620,2,-380,-2.71,13600,14200,13550,2117,29175580,27737833900,1991230,STK,ME006
297570,2026-09-29,KR7297570004,아틀라스링크,KOSDAQ,벤처기업부,4030,2,-205,-4.84,4235,4250,3905,6300,25455325,27731593215,6924243,KSQ,ME006
351330,2026-09-29,KR7351330006,이삭엔지니어링,KOSDAQ,벤처기업부,3360,2,-15,-0.44,3365,3600,3230,28952,96376455,27683656800,8288520,KSQ,ME006
333050,2026-09-29,KR7333050003,이노테나,KOSDAQ,벤처기업부,5640,2,-120,-2.08,5800,5800,5570,8842,49899390,27675240400,4924420,KSQ,ME006
089150,2026-09-29,KR7089150007,케이씨티,KOSDAQ,벤처기업부,1619,2,-36,-2.18,1640,1655,1612,20514,33375741,27645800000,17150000,KSQ,ME006
450520,2026-09-29,KR7450520002,인스웨이브,KOSDAQ,벤처기업부,1899,1,4,0.21,1886,1920,1857,7635,14338537,27615197484,14704578,KSQ,ME006
290560,2026-09-29,KR7290560002,파라택시스이더리움,KOSDAQ,벤처기업부,1251,2,-10,-0.79,1261,1261,1180,70667,86769433,27483795170,22362730,KSQ,ME006
007770,2026-09-29,KR7007770001,한일화학,KOSDAQ,중견기업부,7630,2,-100,-1.29,8040,8040,7700,520,4072685,27483300000,3510000,KSQ,ME006
067010,2026-09-29,KR7067010009,이씨에스,KOSDAQ,벤처기업부,2525,1,5,0.2,2515,2530,2480,41123,103246246,27439020000,10888500,KSQ,ME006
066910,2026-09-29,KR7066910001,손오공,KOSDAQ,중견기업부,1783,1,19,1.08,1767,1792,1730,22963,40545176,27434364856,15386632,KSQ,ME006
114630,2026-09-29,KR7114630007,폴라리스우노,KOSDAQ,우량기업부,1598,2,-21,-1.3,1614,1619,1585,27162,43402407,27421279568,17235248,KSQ,ME006
148250,2026-09-29,KR7148250004,알엔투테크놀로지,KOSDAQ,벤처기업부,2010,2,-10,-0.5,2015,2020,1985,11209,22451121,27357515040,13610704,KSQ,ME006
115480,2026-09-29,KR7115480006,씨유메디칼,KOSDAQ,중견기업부,2305,1,5,0.22,2300,2355,2240,6799,15700760,27281049750,12124911,KSQ,ME006
078590,2026-09-29,KR7078590007,휴림에이텍,KOSDAQ,중견기업부,2760,2,-90,-3.16,2860,2860,2690,55115,152293861,27268143630,9988331,KSQ,ME006
364950,2026-09-29,KR7364950006,에이아이코리아,KOSDAQ,벤처기업부,3300,2,-10,-0.3,3330,3330,3215,20780,67728175,27253821825,8296445,KSQ,ME006
016920,2026-09-29,KR7016920001,카스,KOSDAQ,중견기업부,1059,1,18,1.73,1058,1058,1019,22309,22984268,27189258456,25698732,KSQ,ME006
079190,2026-09-29,KR7079190005,케스피온,KOSDAQ,관리종목(소속부없음),1336,1,62,4.87,1205,1388,1205,68905,90767937,27176332176,20341566,KSQ,ME006
195500,2026-09-29,KR7195500004,마니커에프앤지,KOSDAQ,중견기업부,1700,2,-13,-0.76,1710,1710,1655,34419,58096486,27146622000,15978000,KSQ,ME006
118000,2026-09-29,KR7118000009,메타케어,KOSPI,,1270,2,-5,-0.39,1270,1274,1201,45338,56504899,27106559765,22055785,STK,ME006
115530,2026-09-29,KR7115530008,씨엔플러스,KOSDAQ,중견기업부,3135,1,255,8.85,2820,3250,2755,46775,141372130,27076383525,8582055,KSQ,ME006
101670,2026-09-29,KR7101670008,하이드로리튬,KOSDAQ,관리종목(소속부없음),476,2,-13,-2.66,489,489,475,219920,105217101,27025941012,56777187,KSQ,ME006
359090,2026-09-29,KR7359090008,씨엔알리서치,KOSDAQ,중견기업부,2350,1,25,1.08,2305,2370,2210,6972,15726577,26953765335,11494143,KSQ,ME006
017000,2026-09-29,KR7017000001,신원종합개발,KOSDAQ,우량기업부,2320,2,-10,-0.43,2330,2390,2280,45592,105626210,26953142370,11668027,KSQ,ME006
057680,2026-09-29,KR7057680001,티사이언티픽,KOSDAQ,벤처기업부,1685,2,-38,-2.21,1710,1717,1668,19403,32630790,26895324027,15792909,KSQ,ME006
288620,2026-09-29,KR7288620008,에스프리즘,KOSDAQ,벤처기업부,3855,2,-220,-5.4,4100,4100,3850,46487,181005032,26870366600,6979316,KSQ,ME006
033250,2026-09-29,KR7033250002,체시스,KOSPI,,4240,1,95,2.29,4145,4330,4105,45241,191435815,26784000000,6400000,STK,ME006
373170,2026-09-29,KR7373170000,엠아이큐브솔루션,KOSDAQ,벤처기업부,1785,2,-25,-1.38,1810,1810,1749,30379,53556609,26781635880,15113790,KSQ,ME006
096630,2026-09-29,KR7096630009,에스코넥,KOSDAQ,우량기업부,1699,2,-24,-1.39,1731,1739,1680,20547,35031253,26735727932,15876323,KSQ,ME006
215790,2026-09-29,KR7215790007,이노인스트루먼트,KOSDAQ,관리종목(소속부없음),663,2,-17,-2.5,675,675,650,405436,266967130,26707727787,40283149,KSQ,ME006
139670,2026-09-29,KR7139670004,키네마스터,KOSDAQ,중견기업부,1971,1,19,0.97,1940,1990,1890,5147,9869698,26684550900,14118810,KSQ,ME006
080530,2026-09-29,KR7080530009,코디,KOSDAQ,중견기업부,2450,2,-10,-0.41,2425,2470,2390,10819,26136615,26682758440,11071684,KSQ,ME006
140430,2026-09-29,KR7140430000,카티스,KOSDAQ,중견기업부,2495,2,-5,-0.2,2500,2720,2455,116367,294754505,26670319965,10689507,KSQ,ME006
328380,2026-09-29,KR7328380001,솔트웨어,KOSDAQ,벤처기업부,3925,1,115,3.02,3810,3925,3765,10302,39642120,26553650625,6852555,KSQ,ME006
900070,2026-09-29,KYG3931T1076,글로벌에스엠,KOSDAQ,외국기업(소속부없음),997,1,9,0.91,995,995,956,8705,8439990,26549520192,26871984,KSQ,ME006
069140,2026-09-29,KR7069140002,누리플랜,KOSDAQ,벤처기업부,1754,1,40,2.33,1714,1761,1683,12239,21015026,26493136020,15095804,KSQ,ME006
048470,2026-09-29,KR7048470009,대동스틸,KOSDAQ,중견기업부,2775,2,-75,-2.63,2830,2850,2735,12477,34482335,26489250000,9650000,KSQ,ME006
091970,2026-09-29,KR7091970004,LSK아이로봇,KOSDAQ,중견기업부,3630,3,0,0.0,3630,3700,3465,25786,92582630,26484751700,7534780,KSQ,ME006
290270,2026-09-29,KR7290270008,휴네시온,KOSDAQ,벤처기업부,2755,1,5,0.18,2750,2800,2725,3845,10558085,26469136360,9607672,KSQ,ME006
005110,2026-09-29,KR7005110002,한창,KOSPI,,1254,3,0,0.0,0,0,0,0,0,26467434378,21106407,STK,ME006
013720,2026-09-29,KR7013720008,청보,KOSDAQ,중견기업부,2180,2,-20,-0.91,2185,2200,2125,6676,14449245,26399412760,12165628,KSQ,ME006
079000,2026-09-29,KR7079000006,와토스코리아,KOSDAQ,중견기업부,3575,2,-135,-3.64,3700,3700,3635,7046,25743715,26352000000,7200000,KSQ,ME006
032750,2026-09-29,KR7032750002,삼진,KOSDAQ,우량기업부,2920,2,-45,-1.52,2995,2995,2915,6407,18801330,26325720630,9031122,KSQ,ME006
069920,2026-09-29,KR7069920007,엑시온그룹,KOSDAQ,관리종목(소속부없음),1160,2,-45,-3.73,1260,1260,1140,169017,198625806,26325524880,22694418,KSQ,ME006
900310,2026-09-29,HK0000341732,컬러레이,KOSDAQ,외국기업(소속부없음),2130,1,5,0.24,2195,2195,1986,3513,7114177,26321128425,12808335,KSQ,ME006
131220,2026-09-29,KR7131220006,대한과학,KOSDAQ,벤처기업부,3570,3,0,0.0,3550,3555,3520,10366,36600547,26314349700,7454490,KSQ,ME006
357430,2026-09-29,KR7357430008,마스턴프리미어리츠,KOSPI,,865,2,-25,-2.81,890,890,850,14221,12326975,26265069327,30505307,STK,ME006
069410,2026-09-29,KR7069410009,엔텔스,KOSDAQ,벤처기업부,2570,1,30,1.18,2525,2600,2500,11590,29459275,26175525320,10244824,KSQ,ME006
351870,2026-09-29,KR7351870001,차이커뮤니케이션,KOSDAQ,중견기업부,2390,1,225,10.39,2165,2360,2165,10543,24268750,26115902280,11160642,KSQ,ME006
043200,2026-09-29,KR7043200005,파루,KOSDAQ,벤처기업부,1231,2,-17,-1.36,1248,1267,1226,51662,64076861,26085891936,20902157,KSQ,ME006
123840,2026-09-29,KR7123840001,뉴온,KOSDAQ,투자주의환기종목(소속부없음),1677,1,25,1.51,1699,1699,1636,5653,9397645,26082464850,15553050,KSQ,ME006
134060,2026-09-29,KR7134060003,이퓨쳐,KOSDAQ,벤처기업부,5450,2,-100,-1.8,5690,5690,5430,2484,13621345,25992412500,4769250,KSQ,ME006
047080,2026-09-29,KR7047080007,한빛소프트,KOSDAQ,중견기업부,1056,2,-4,-0.38,1051,1060,1036,24490,25545939,25989013014,24822362,KSQ,ME006
138070,2026-09-29,KR7138070008,신진에스엠,KOSDAQ,중견기업부,1494,1,21,1.43,1473,1480,1415,16166,23225504,25904741920,17503204,KSQ,ME006
053290,2026-09-29,KR7053290003,NE능률,KOSDAQ,중견기업부,1647,1,92,5.92,1609,1609,1550,3434,5375668,25896723069,16526307,KSQ,ME006
103840,2026-09-29,KR7103840005,우양,KOSDAQ,중견기업부,1589,1,7,0.44,1575,1582,1561,9326,14684801,25793490528,16366428,KSQ,ME006
016670,2026-09-29,KR7016670002,디모아,KOSDAQ,중견기업부,2595,1,95,3.8,2495,2530,2460,14214,35592207,25791412020,10194234,KSQ,ME006
027040,2026-09-29,KR7027040005,서울전자통신,KOSDAQ,중견기업부,1855,1,17,0.92,1884,1911,1830,174919,324860857,25789625957,13917769,KSQ,ME006
052300,2026-09-29,KR7052300001,오션인더블유,KOSDAQ,중견기업부,1534,2,-33,-2.11,1600,1600,1536,60974,95134630,25746942880,16244128,KSQ,ME006
363260,2026-09-29,KR7363260001,모비데이즈,KOSDAQ,벤처기업부,4095,1,15,0.37,4080,4140,3970,7443,29958060,25731012000,6432753,KSQ,ME006
458350,2026-09-29,KR7458350006,에스팀,KOSDAQ,중견기업부,2955,2,-35,-1.17,2915,2995,2915,21729,63977395,25702272000,8683200,KSQ,ME006
193250,2026-09-29,KR7193250008,링크드,KOSDAQ,중견기업부,1999,1,40,2.04,1996,1996,1900,8239,16067990,25695089226,13368933,KSQ,ME006
002355,2026-09-29,KR7002351005,넥센타이어1우B,KOSPI,,3940,3,0,0.0,3940,3940,3925,1373,5395965,25610000000,6500000,STK,ME006
033050,2026-09-29,KR7033050006,제이엠아이,KOSDAQ,관리종목(소속부없음),804,3,0,0.0,810,810,795,2437,1962487,25598819712,31839328,KSQ,ME006
006345,2026-09-29,KR7006341002,대원전선우,KOSPI,,9870,3,0,0.0,9810,9870,9540,14909,145184700,25556700000,2621200,STK,ME006
001810,2026-09-29,KR7001810001,무림SP,KOSDAQ,중견기업부,1159,1,6,0.52,1164,1168,1140,5978,6882611,25546675000,22137500,KSQ,ME006
348030,2026-09-29,KR7348030008,모비릭스,KOSDAQ,중견기업부,2660,2,-80,-2.92,2740,2795,2630,9915,26420745,25546108000,9603800,KSQ,ME006
238490,2026-09-29,KR7238490007,힘스,KOSDAQ,벤처기업부,2290,1,45,2.0,2210,2260,2170,13432,29771385,25395969820,11312236,KSQ,ME006
322780,2026-09-29,KR7322780008,코퍼스코리아,KOSDAQ,중견기업부,1820,1,20,1.11,1797,1797,1655,41614,70938987,25320290968,15009064,KSQ,ME006
376180,2026-09-29,KR7376180006,피코그램,KOSDAQ,벤처기업부,1360,2,-32,-2.3,1338,1391,1300,23723,31935954,25298694794,18561038,KSQ,ME006
33637K,2026-09-29,KR733637K010,솔루스첨단소재1우,KOSPI,,1504,1,7,0.47,1466,1495,1465,6331,9330696,25276105530,16907094,STK,ME006
004270,2026-09-29,KR7004270005,남성,KOSPI,,5530,2,-70,-1.25,5620,5650,5530,1882,10487490,25217507840,4560128,STK,ME006
060380,2026-09-29,KR7060380003,동양에스텍,KOSDAQ,중견기업부,1272,2,-3,-0.24,1293,1293,1279,6528,8379182,25216000000,19700000,KSQ,ME006
101680,2026-09-29,KR7101680007,한국정밀기계,KOSDAQ,중견기업부,2965,2,-50,-1.66,3020,3055,2965,41743,125429235,25212000000,8404000,KSQ,ME006
105550,2026-09-29,KR7105550008,엣지파운드리,KOSDAQ,중견기업부,1609,2,-13,-0.8,1615,1640,1570,37258,59295785,25199208690,15661410,KSQ,ME006
096690,2026-09-29,KR7096690003,에이루트,KOSDAQ,중견기업부,6310,2,-190,-2.92,6500,6500,6210,4033,25439680,25142762500,4022842,KSQ,ME006
038880,2026-09-29,KR7038880001,아이에이,KOSDAQ,중견기업부,3275,2,-10,-0.3,3290,3385,3185,16122,52688205,25060600705,7514423,KSQ,ME006
123750,2026-09-29,KR7123750002,알톤,KOSDAQ,중견기업부,1764,2,-49,-2.7,1835,1835,1744,17072,30368388,25054316567,13819259,KSQ,ME006
054090,2026-09-29,KR7054090006,삼진엘앤디,KOSDAQ,중견기업부,1017,1,11,1.09,1006,1014,983,62373,62209475,24959232000,24959232,KSQ,ME006
023150,2026-09-29,KR7023150006,MH에탄올,KOSPI,,4100,1,55,1.36,4045,4095,4005,2104,8486958,24929760660,6201433,STK,ME006
146060,2026-09-29,KR7146060009,율촌,KOSDAQ,중견기업부,1040,2,-14,-1.33,1075,1075,1000,12472,12973241,24904172015,24015595,KSQ,ME006
224060,2026-09-29,KR7224060004,더코디,KOSDAQ,투자주의환기종목(소속부없음),4805,2,-585,-10.85,5140,5800,4770,814116,4280713162,24797269210,5160722,KSQ,ME006
290520,2026-09-29,KR7290520006,신도기연,KOSDAQ,벤처기업부,1612,1,80,5.22,1532,1582,1532,32591,50750637,24705777480,15736164,KSQ,ME006
368600,2026-09-29,KR7368600003,아이씨에이치,KOSDAQ,기술성장기업부,956,3,0,0.0,0,0,0,0,0,24660416740,25795415,KSQ,ME006
021880,2026-09-29,KR7021880000,메이슨캐피탈,KOSDAQ,중견기업부,1150,2,-22,-1.88,1172,1180,1128,13820,15964437,24592171960,21218440,KSQ,ME006
475660,2026-09-29,KR7475660007,에스켐,KOSDAQ,기술성장기업부,3030,1,25,0.83,3005,3100,2900,28177,83343995,24582488500,7929835,KSQ,ME006
044780,2026-09-29,KR7044780005,에이치케이,KOSDAQ,벤처기업부,1331,2,-39,-2.85,1370,1370,1320,57536,76771316,24575685136,18505787,KSQ,ME006
002680,2026-09-29,KR7002680007,한탑,KOSDAQ,관리종목(소속부없음),3165,1,210,7.11,2955,3250,2870,292160,918560549,24547834950,7756030,KSQ,ME006
003060,2026-09-29,KR7003060001,에이프로젠바이오로직스,KOSPI,,1508,2,-60,-3.83,1568,1569,1486,230396,347489609,24505632921,16261203,STK,ME006
090150,2026-09-29,KR7090150004,아이윈,KOSDAQ,중견기업부,5900,2,-50,-0.84,5850,5970,5830,4299,25251530,24497044650,4187529,KSQ,ME006
101400,2026-09-29,KR7101400000,엔시트론,KOSDAQ,중견기업부,1615,2,-50,-3.0,1650,1650,1570,160277,254743837,24496368704,15158644,KSQ,ME006
003495,2026-09-29,KR7003491008,대한항공우,KOSPI,,21850,2,-300,-1.35,22100,22100,21900,2118,46663825,24492941550,1110791,STK,ME006
016100,2026-09-29,KR7016100000,리더스코스메틱,KOSDAQ,중견기업부,1295,1,95,7.92,1238,1293,1192,46187,57393875,24487346108,19100894,KSQ,ME006
131180,2026-09-29,KR7131180002,딜리,KOSDAQ,벤처기업부,4300,1,115,2.75,4135,4170,4135,4076,16877769,24477900000,5870000,KSQ,ME006
083640,2026-09-29,KR7083640003,인콘,KOSDAQ,벤처기업부,5340,2,-60,-1.11,5340,5420,5170,5053,26526620,24473590440,4591668,KSQ,ME006
389680,2026-09-29,KR7389680000,유디엠텍,KOSDAQ,관리종목(소속부없음),2940,2,-270,-8.41,3160,3205,2885,149958,448193022,24462837420,8320693,KSQ,ME006
355390,2026-09-29,KR7355390006,크라우드웍스,KOSDAQ,기술성장기업부,1534,2,-69,-4.3,1603,1608,1381,278241,411008958,24462364104,15874344,KSQ,ME006
223310,2026-09-29,KR7223310004,사토시홀딩스,KOSDAQ,투자주의환기종목(소속부없음),2985,2,-10,-0.33,3000,3000,2830,40019,116147135,24263924730,8128618,KSQ,ME006
398120,2026-09-29,KR7398120006,에스지헬스케어,KOSDAQ,벤처기업부,2030,2,-120,-5.58,2150,2600,2015,713569,1647725835,24215889995,11841511,KSQ,ME006
415380,2026-09-29,KR7415380005,스튜디오삼익,KOSDAQ,중견기업부,2075,2,-65,-3.04,2115,2130,2060,6733,13932580,24201892125,11442975,KSQ,ME006
076080,2026-09-29,KR7076080001,웰크론한텍,KOSDAQ,중견기업부,1111,2,-2,-0.18,1121,1121,1066,19279,20993913,24175746920,22594156,KSQ,ME006
383930,2026-09-29,KR7383930005,디티앤씨알오,KOSDAQ,중견기업부,1844,2,-116,-5.92,1959,2025,1885,187149,361184600,24149217792,12784128,KSQ,ME006
032680,2026-09-29,KR7032680001,소프트센,KOSDAQ,중견기업부,1041,1,55,5.58,979,1053,958,388679,397008061,24116451526,23055881,KSQ,ME006
206560,2026-09-29,KR7206560005,덱스터,KOSDAQ,기술성장기업부,968,2,-33,-3.3,980,990,948,74836,72414571,24115737464,25411736,KSQ,ME006
060230,2026-09-29,KR7060230000,제이케이시냅스,KOSDAQ,중견기업부,1206,1,1,0.08,1222,1268,1205,23371,28994175,24040618140,19545218,KSQ,ME006
148780,2026-09-29,KR7148780000,비큐AI,KOSDAQ,기술성장기업부,3790,2,-50,-1.3,3840,3845,3730,36212,136651145,23993088175,6289145,KSQ,ME006
035200,2026-09-29,KR7035200005,프럼파스트,KOSDAQ,벤처기업부,2640,2,-55,-2.04,2660,2685,2560,39681,103262812,23971950600,9219981,KSQ,ME006
039740,2026-09-29,KR7039740006,한국정보공학,KOSDAQ,벤처기업부,2970,2,-60,-1.98,3030,3055,2940,11848,35194580,23894823060,8018397,KSQ,ME006
208350,2026-09-29,KR7208350009,지란지교시큐리티,KOSDAQ,벤처기업부,2935,1,45,1.56,3045,3045,2865,10298,30256265,23859123650,8101570,KSQ,ME006
177830,2026-09-29,KR7177830007,파버나인,KOSDAQ,벤처기업부,2100,2,-45,-2.1,2145,2145,2055,11925,24887370,23784585300,11325993,KSQ,ME006
083660,2026-09-29,KR7083660001,CSA 코스믹,KOSDAQ,중견기업부,1378,2,-53,-3.7,1380,1448,1361,30472,42656811,23749128717,17424159,KSQ,ME006
058110,2026-09-29,KR7058110008,멕아이씨에스,KOSDAQ,기술성장기업부,1502,1,24,1.62,1490,1490,1440,21730,31648860,23610329630,16050530,KSQ,ME006
318000,2026-09-29,KR7318000007,KBG,KOSDAQ,벤처기업부,2675,2,-75,-2.73,2750,2755,2670,16696,45344400,23511199870,8740223,KSQ,ME006
464500,2026-09-29,KR7464500008,아이언디바이스,KOSDAQ,기술성장기업부,1675,2,-3,-0.18,1678,1679,1631,16619,27300206,23480695314,13993263,KSQ,ME006
365590,2026-09-29,KR7365590009,하이딥,KOSDAQ,기술성장기업부,1267,2,-2,-0.16,1255,1280,1230,26747,33598077,23469275625,18407275,KSQ,ME006
378800,2026-09-29,KR7378800007,샤페론,KOSDAQ,관리종목(소속부없음),2530,2,-20,-0.78,2800,3020,2415,238112,628354939,23398973180,9248606,KSQ,ME006
001380,2026-09-29,KR7001380005,SG글로벌,KOSPI,,1042,2,-61,-5.53,1103,1124,1009,196727,204233670,23381353840,22482071,STK,ME006
222980,2026-09-29,KR7222980005,한국맥널티,KOSDAQ,벤처기업부,2140,1,40,1.9,2130,2130,2025,7705,16178605,23331586545,11031483,KSQ,ME006
009310,2026-09-29,KR7009310004,참엔지니어링,KOSPI,,5330,3,0,0.0,0,0,0,0,0,23329484620,4377014,STK,ME006
188040,2026-09-29,KR7188040000,바이오포트,KOSDAQ,벤처기업부,5050,1,70,1.41,4975,5000,4835,1927,9540870,23326350380,4679308,KSQ,ME006
267790,2026-09-29,KR7267790004,배럴,KOSDAQ,중견기업부,3115,1,45,1.47,3030,3140,3010,3193,9776900,23221713180,7689309,KSQ,ME006
043590,2026-09-29,KR7043590009,웰킵스하이텍,KOSDAQ,중견기업부,1760,1,31,1.79,1718,1750,1669,21887,37580539,23201931510,13568381,KSQ,ME006
006490,2026-09-29,KR7006490007,프리티,KOSPI,,1306,2,-120,-8.42,1499,1499,1300,81446,109999826,23176710898,17746333,STK,ME006
054940,2026-09-29,KR7054940002,엑사이엔씨,KOSDAQ,중견기업부,3515,2,-35,-0.99,3560,3635,3325,47148,165411670,23088787320,6634709,KSQ,ME006
020400,2026-09-29,KR7020400008,대동금속,KOSDAQ,중견기업부,2555,2,-45,-1.73,2625,2625,2525,10476,26858415,23046771280,9073532,KSQ,ME006
115160,2026-09-29,KR7115160004,휴맥스,KOSDAQ,중견기업부,5450,3,0,0.0,5610,5610,5320,4308,23127130,22916075560,4307533,KSQ,ME006
405920,2026-09-29,KR7405920000,나라셀라,KOSDAQ,중견기업부,1854,2,-15,-0.8,1869,1869,1774,11199,20563005,22858584900,12878076,KSQ,ME006
018680,2026-09-29,KR7018680009,서울제약,KOSDAQ,벤처기업부,1957,2,-2,-0.1,1959,1959,1913,501,968940,22817287283,11659319,KSQ,ME006
298060,2026-09-29,KR7298060005,풍전약품,KOSDAQ,관리종목(소속부없음),2365,2,-10,-0.42,2375,2390,2305,2041,4772240,22792562155,9637447,KSQ,ME006
051380,2026-09-29,KR7051380004,피씨디렉트,KOSDAQ,중견기업부,1498,1,9,0.6,1490,1510,1463,11875,17640059,22718646632,15340072,KSQ,ME006
036480,2026-09-29,KR7036480002,대성미생물,KOSDAQ,중견기업부,6100,1,50,0.83,6190,6190,5790,11166,65906290,22686000000,3800000,KSQ,ME006
045520,2026-09-29,KR7045520004,크린앤사이언스,KOSDAQ,관리종목(소속부없음),3490,1,5,0.14,3490,3590,3420,23119,80676212,22685000000,6500000,KSQ,ME006
001420,2026-09-29,KR7001420009,태원물산,KOSPI,,2980,2,-25,-0.83,3000,3005,2885,28309,83775020,22648000000,7600000,STK,ME006
007720,2026-09-29,KR7007720006,소노스퀘어,KOSDAQ,중견기업부,1115,2,-34,-2.96,1146,1177,1115,23656,26645645,22639781070,20160090,KSQ,ME006
257370,2026-09-29,KR7257370007,피엔티엠에스,KOSDAQ,벤처기업부,1855,1,56,3.11,2270,2270,1800,37077,70715121,22633798410,12504861,KSQ,ME006
013810,2026-09-29,KR7013810007,스페코,KOSDAQ,중견기업부,1539,1,3,0.2,1536,1592,1520,43067,66559336,22569423800,14655470,KSQ,ME006
065690,2026-09-29,KR7065690000,파커스,KOSDAQ,투자주의환기종목(소속부없음),1871,1,1,0.05,1886,1886,1817,19660,36533386,22479142597,12014507,KSQ,ME006
023770,2026-09-29,KR7023770001,플레이위드,KOSDAQ,중견기업부,2515,2,-110,-4.19,2600,2660,2510,45826,118263230,22455702450,8946495,KSQ,ME006
004870,2026-09-29,KR7004870002,티웨이홀딩스,KOSPI,,991,1,29,3.01,954,1038,930,103906,101776101,22429003718,22632698,STK,ME006
187220,2026-09-29,KR7187220009,디티앤씨,KOSDAQ,중견기업부,1991,2,-19,-0.95,2085,2085,1942,17718,34776867,22404469752,11524933,KSQ,ME006
352940,2026-09-29,KR7352940001,인바이오,KOSDAQ,벤처기업부,2090,2,-35,-1.65,2085,2115,2050,8848,18358595,22387523800,10867730,KSQ,ME006
303530,2026-09-29,KR7303530000,이노뎁,KOSDAQ,벤처기업부,2930,2,-100,-3.3,2970,3070,2965,8737,26396075,22238075970,7339299,KSQ,ME006
032800,2026-09-29,KR7032800005,판타지오,KOSDAQ,중견기업부,1480,2,-11,-0.74,1490,1495,1448,4608,6812439,22222432304,15107024,KSQ,ME006
017250,2026-09-29,KR7017250002,인터엠,KOSDAQ,중견기업부,1055,3,0,0.0,1066,1069,1045,9892,10429794,22202967685,21045467,KSQ,ME006
276730,2026-09-29,KR7276730009,한울앤제주,KOSDAQ,투자주의환기종목(소속부없음),940,1,43,4.79,910,980,900,71496,66865917,22191501200,23607980,KSQ,ME006
33626L,2026-09-29,KR733626K021,두산퓨얼셀2우B,KOSPI,,7600,2,-90,-1.17,7680,7680,7300,652,4836895,22188209000,2986300,STK,ME006
033200,2026-09-29,KR7033200007,모아텍,KOSDAQ,투자주의환기종목(소속부없음),2410,2,-90,-3.6,2495,2500,2395,8664,20935500,22182914890,9204529,KSQ,ME006
005360,2026-09-29,KR7005360003,모나미,KOSPI,,1164,2,-26,-2.18,1173,1189,1150,226972,264011853,22166541111,18897307,STK,ME006
417180,2026-09-29,KR7417180007,핑거스토리,KOSDAQ,중견기업부,3880,2,-175,-4.32,3805,4010,3800,19539,77072215,22145194875,5714889,KSQ,ME006
377330,2026-09-29,KR7377330006,이지트로닉스,KOSDAQ,기술성장기업부,2730,1,35,1.3,2655,2770,2560,1116,3020315,22059275340,8139954,KSQ,ME006
219750,2026-09-29,KR7219750007,한국비티비,KOSDAQ,중견기업부,1684,2,-68,-3.88,1774,1839,1645,30882,52324819,22035774868,13085377,KSQ,ME006
027580,2026-09-29,KR7027580000,상보,KOSDAQ,중견기업부,1840,1,5,0.27,1820,1862,1790,32402,59279145,22027270555,11836255,KSQ,ME006
192390,2026-09-29,KR7192390003,윈하이텍,KOSDAQ,벤처기업부,1880,1,29,1.57,1950,1950,1831,15609,28796439,22007765394,11967246,KSQ,ME006
044480,2026-09-29,KR7044480002,빌리언스,KOSDAQ,중견기업부,3320,2,-10,-0.3,3330,3400,3180,14154,45913210,21879102070,6650183,KSQ,ME006
247660,2026-09-29,KR7247660004,나노씨엠에스,KOSDAQ,관리종목(소속부없음),4180,1,85,2.08,4070,4200,3935,22934,94041795,21865245600,5230920,KSQ,ME006
115570,2026-09-29,KR7115570004,스타플렉스,KOSDAQ,중견기업부,2730,2,-15,-0.55,2740,2745,2660,8595,23251190,21797706840,7984508,KSQ,ME006
372800,2026-09-29,KR7372800003,아이티아이즈,KOSDAQ,벤처기업부,2995,1,35,1.18,3185,3185,2950,12721,38911985,21744914010,7037189,KSQ,ME006
032860,2026-09-29,KR7032860009,더라미,KOSDAQ,중견기업부,2735,2,-5,-0.18,2685,2765,2685,2320,6377577,21732972680,8079172,KSQ,ME006
053060,2026-09-29,KR7053060000,세동,KOSDAQ,중견기업부,1247,1,18,1.46,1224,1265,1224,77106,95989149,21718625370,17657419,KSQ,ME006
238200,2026-09-29,KR7238200000,비피도,KOSDAQ,벤처기업부,2795,1,110,4.1,2645,2685,2620,386,1030770,21717900000,8180000,KSQ,ME006
032080,2026-09-29,KR7032080004,아즈텍WB,KOSDAQ,중견기업부,1010,3,0,0.0,0,0,0,0,0,21705939290,21491029,KSQ,ME006
191410,2026-09-29,KR7191410000,육일씨엔에쓰,KOSDAQ,관리종목(소속부없음),1399,2,-385,-21.58,1765,1791,1273,508312,743837345,21698730628,15510172,KSQ,ME006
237750,2026-09-29,KR7237750005,피앤씨테크,KOSDAQ,벤처기업부,3415,1,55,1.64,3395,3395,3305,1860,6226245,21698644000,6496600,KSQ,ME006
032280,2026-09-29,KR7032280000,삼일,KOSDAQ,중견기업부,1322,1,1,0.08,1333,1339,1319,74466,98999857,21645142650,16213590,KSQ,ME006
039310,2026-09-29,KR7039310008,세중,KOSDAQ,중견기업부,1211,2,-28,-2.26,1348,1348,1135,94535,111673268,21637270398,18121667,KSQ,ME006
331520,2026-09-29,KR7331520007,밸로프,KOSDAQ,중견기업부,2190,3,0,0.0,2130,2245,2130,17590,38488967,21611615130,9801186,KSQ,ME006
317120,2026-09-29,KR7317120004,라닉스,KOSDAQ,기술성장기업부,1412,2,-7,-0.49,1403,1447,1391,30400,42811269,21547120000,15260000,KSQ,ME006
030720,2026-09-29,KR7030720007,동원수산,KOSPI,,4630,2,-250,-5.12,4880,4880,4590,40994,192260395,21547117150,4653805,STK,ME006
054220,2026-09-29,KR7054220009,비츠로시스,KOSDAQ,벤처기업부,1676,2,-14,-0.83,1690,1714,1663,42185,71165683,21479590896,12590616,KSQ,ME006
340440,2026-09-29,KR7340440007,세림B&G,KOSDAQ,관리종목(소속부없음),756,3,0,0.0,0,0,0,0,0,21454043184,28378364,KSQ,ME006
018700,2026-09-29,KR7018700005,졸스,KOSDAQ,투자주의환기종목(소속부없음),1276,2,-12,-0.93,1283,1285,1250,10731,13551375,21337603760,16722260,KSQ,ME006
067730,2026-09-29,KR7067730002,로지시스,KOSDAQ,중견기업부,2185,2,-25,-1.13,2230,2240,2145,14633,31900649,21234258790,9673922,KSQ,ME006
065370,2026-09-29,KR7065370009,위세아이텍,KOSDAQ,벤처기업부,2890,2,-45,-1.53,2855,2935,2810,3403,9765360,21228867750,7383954,KSQ,ME006
432980,2026-09-29,KR7432980001,엠에프씨,KOSDAQ,기술성장기업부,2495,2,-50,-1.96,2585,2585,2410,31042,76615265,21221602740,8591742,KSQ,ME006
277410,2026-09-29,KR7277410007,인산가,KOSDAQ,벤처기업부,5510,2,-70,-1.25,5570,5580,5510,2469,13703595,21203148000,3841150,KSQ,ME006
440320,2026-09-29,KR7440320000,오픈놀,KOSDAQ,기술성장기업부,2170,1,75,3.58,2100,2140,2080,14631,30729323,21107700000,9980000,KSQ,ME006
241840,2026-09-29,KR7241840008,에이스토리,KOSDAQ,중견기업부,2275,2,-5,-0.22,2280,2280,2205,13653,30506520,21083386740,9539994,KSQ,ME006
215480,2026-09-29,KR7215480005,토박스코리아,KOSDAQ,중견기업부,1955,1,13,0.67,1957,1957,1873,7156,13851830,20985960000,10740000,KSQ,ME006
043360,2026-09-29,KR7043360007,디지아이,KOSDAQ,벤처기업부,2335,2,-5,-0.21,2340,2340,2230,6954,15863880,20925000000,9000000,KSQ,ME006
424760,2026-09-29,KR7424760007,벨로크,KOSDAQ,벤처기업부,2070,2,-5,-0.24,2035,2105,2005,43360,88199670,20903621760,10098368,KSQ,ME006
008775,2026-09-29,KR7008771008,호텔신라우,KOSPI,,28000,1,150,0.54,28150,28150,27600,265,7362700,20902236200,751879,STK,ME006
024940,2026-09-29,KR7024940009,PN풍년,KOSDAQ,벤처기업부,2090,3,0,0.0,2095,2105,2060,36339,75360600,20900000000,10000000,KSQ,ME006
130740,2026-09-29,KR7130740004,티피씨글로벌,KOSDAQ,중견기업부,1849,2,-31,-1.65,1900,1900,1811,10232,18955401,20850579471,11276679,KSQ,ME006
012170,2026-09-29,KR7012170007,아센디오,KOSPI,,2855,2,-90,-3.06,2945,2945,2840,10862,31134910,20832138455,7296721,STK,ME006
344860,2026-09-29,KR7344860002,이노진,KOSDAQ,기술성장기업부,1399,3,0,0.0,1419,1419,1370,25052,34650547,20741400000,15030000,KSQ,ME006
361670,2026-09-29,KR7361670003,삼영에스앤씨,KOSDAQ,기술성장기업부,3650,1,35,0.97,3600,3650,3505,10415,37648125,20686951700,5667658,KSQ,ME006
429270,2026-09-29,KR7429270002,시지트로닉스,KOSDAQ,기술성장기업부,3185,2,-5,-0.16,3225,3255,3125,34719,110824180,20669785355,6449231,KSQ,ME006
019660,2026-09-29,KR7019660000,글로본,KOSDAQ,중견기업부,1475,2,-2,-0.14,1475,1477,1447,19551,28593357,20567891175,13944333,KSQ,ME006
200230,2026-09-29,KR7200230001,텔콘RF제약,KOSDAQ,중견기업부,2200,3,0,0.0,2205,2240,2055,12716,27354125,20481701040,9482269,KSQ,ME006
063760,2026-09-29,KR7063760003,이엘피,KOSDAQ,벤처기업부,2205,2,-145,-6.17,2355,2355,2155,82752,182520235,20468660350,9325130,KSQ,ME006
000040,2026-09-29,KR7000040006,KR모터스,KOSPI,,1036,1,8,0.78,1050,1060,1010,18753,19304252,20383337296,19675036,STK,ME006
353190,2026-09-29,KR7353190002,휴럼,KOSDAQ,중견기업부,2585,1,35,1.37,2545,2615,2540,6986,17866335,20358643140,7875684,KSQ,ME006
275630,2026-09-29,KR7275630002,에스에스알,KOSDAQ,벤처기업부,3870,1,20,0.52,3870,3870,3700,11352,42348925,20332236960,5253808,KSQ,ME006
095910,2026-09-29,KR7095910006,에스에너지,KOSDAQ,관리종목(소속부없음),555,2,-13,-2.29,542,575,542,113406,63622970,20222331870,36436634,KSQ,ME006
900110,2026-09-29,HK0000057197,딥커머스,KOSDAQ,외국기업(소속부없음),5230,2,-150,-2.79,5490,5510,5250,7616,41169630,20207094480,3687426,KSQ,ME006
362990,2026-09-29,KR7362990004,드림인사이트,KOSDAQ,벤처기업부,1206,2,-22,-1.79,1250,1250,1189,9329,11254770,20093486504,16800574,KSQ,ME006
438700,2026-09-29,KR7438700007,버넥트,KOSDAQ,기술성장기업부,1805,2,-15,-0.82,1810,1816,1769,13830,24766002,20071946890,11144890,KSQ,ME006
001685,2026-09-29,KR7001681006,대상우,KOSPI,,14620,3,0,0.0,14620,14680,14550,775,11336890,20032660260,1370223,STK,ME006
289220,2026-09-29,KR7289220006,자이언트스텝,KOSDAQ,기술성장기업부,901,1,11,1.24,899,935,880,93442,84190688,19902501132,22312221,KSQ,ME006
301300,2026-09-29,KR7301300000,바이브컴퍼니,KOSDAQ,기술성장기업부,1525,1,3,0.2,1520,1600,1501,34365,52210716,19889924544,13154712,KSQ,ME006
015020,2026-09-29,KR7015020001,이스타코,KOSPI,,928,3,0,0.0,0,0,0,0,0,19883142400,21425800,STK,ME006
069330,2026-09-29,KR7069330009,유아이디,KOSDAQ,벤처기업부,1257,1,65,5.45,1183,1205,1128,17116,20007947,19834511580,16952574,KSQ,ME006
00499K,2026-09-29,KR700499K014,롯데지주우,KOSPI,,24500,2,-350,-1.41,24900,24950,24050,383,9333950,19737273500,805603,STK,ME006
080470,2026-09-29,KR7080470008,성창오토텍,KOSDAQ,벤처기업부,2750,1,65,2.42,2725,2725,2690,6202,16739525,19710000000,7300000,KSQ,ME006
009620,2026-09-29,KR7009620006,삼보산업,KOSDAQ,투자주의환기종목(소속부없음),5630,1,230,4.26,5370,5630,5210,44744,242957550,19674648670,3494609,KSQ,ME006
021040,2026-09-29,KR7021040001,대호특수강,KOSDAQ,중견기업부,940,2,-4,-0.42,944,944,901,8408,7700089,19664525244,21704774,KSQ,ME006
098660,2026-09-29,KR7098660004,에스티오,KOSDAQ,중견기업부,1586,1,16,1.02,1570,1581,1550,7848,12274529,19576528416,12500976,KSQ,ME006
050760,2026-09-29,KR7050760008,에스폴리텍,KOSDAQ,중견기업부,1194,1,11,0.93,1183,1198,1168,27977,32784541,19568944244,16334678,KSQ,ME006
227610,2026-09-29,KR7227610003,아우딘퓨쳐스,KOSDAQ,벤처기업부,1024,1,22,2.2,1004,1033,987,19858,19933769,19471443855,19374571,KSQ,ME006
073190,2026-09-29,KR7073190001,듀오백,KOSDAQ,관리종목(소속부없음),1622,3,0,0.0,0,0,0,0,0,19412160880,11968040,KSQ,ME006
347770,2026-09-29,KR7347770000,핌스,KOSDAQ,중견기업부,879,1,18,2.09,835,859,835,8588,7312369,19396704912,22659702,KSQ,ME006
096870,2026-09-29,KR7096870001,엘디티,KOSDAQ,벤처기업부,2330,1,55,2.42,2275,2335,2245,14296,32707465,19367357680,8347999,KSQ,ME006
048830,2026-09-29,KR7048830004,엔피케이,KOSDAQ,중견기업부,1057,1,13,1.25,1058,1059,1027,68410,71219440,19323088536,18723923,KSQ,ME006
115610,2026-09-29,KR7115610008,이미지스,KOSDAQ,벤처기업부,1623,2,-20,-1.22,1621,1650,1609,30335,49305208,19311868546,11818769,KSQ,ME006
214610,2026-09-29,KR7214610008,롤링스톤,KOSDAQ,관리종목(소속부없음),2290,3,0,0.0,0,0,0,0,0,19197807380,8383322,KSQ,ME006
038530,2026-09-29,KR7038530002,케이바이오랩스,KOSDAQ,중견기업부,3765,2,-125,-3.21,3995,3995,3610,11631,42937705,19184578920,5178024,KSQ,ME006
342870,2026-09-29,KR7342870003,오아,KOSDAQ,중견기업부,3510,2,-25,-0.71,3530,3530,3460,2846,9944270,19157442455,5450197,KSQ,ME006
084440,2026-09-29,KR7084440007,유비온,KOSDAQ,기술성장기업부,4905,2,-85,-1.7,4990,4990,4875,1733,8632826,19055890320,3826484,KSQ,ME006
108675,2026-09-29,KR7108671009,LX하우시스우,KOSPI,,18320,2,-120,-0.65,18500,18500,18130,335,6112040,18912285600,1032330,STK,ME006
083470,2026-09-29,KR7083470005,이엠앤아이,KOSDAQ,벤처기업부,903,1,7,0.78,888,893,851,60532,53308684,18864850836,21340329,KSQ,ME006
405000,2026-09-29,KR7405000001,플라즈맵,KOSDAQ,벤처기업부,3535,1,90,2.61,3445,3590,3380,7351,25609575,18861097320,5373532,KSQ,ME006
154030,2026-09-29,KR7154030001,아시아종묘,KOSDAQ,벤처기업부,1622,1,25,1.57,1600,1600,1555,19091,30321574,18840636254,12061867,KSQ,ME006
113810,2026-09-29,KR7113810006,디젠스,KOSDAQ,중견기업부,2940,2,-30,-1.01,2995,2995,2885,14346,41862780,18826384850,6525610,KSQ,ME006
065150,2026-09-29,KR7065150005,대산F&B,KOSDAQ,중견기업부,1179,2,-24,-2.0,1203,1216,1181,27969,33372822,18823061440,15938240,KSQ,ME006
154040,2026-09-29,KR7154040000,다산솔루에타,KOSDAQ,중견기업부,8500,2,-1280,-13.09,9670,9670,8700,5973,53004650,18805580700,2161561,KSQ,ME006
252500,2026-09-29,KR7252500004,세화피앤씨,KOSDAQ,중견기업부,2285,1,25,1.11,2260,2310,2230,4738,10643102,18793334670,8297278,KSQ,ME006
018620,2026-09-29,KR7018620005,우진비앤지,KOSDAQ,벤처기업부,2725,2,-40,-1.45,2780,2780,2690,11027,29922120,18719051400,6932982,KSQ,ME006
031860,2026-09-29,KR7031860000,디에이치엑스컴퍼니,KOSDAQ,관리종목(소속부없음),6930,3,0,0.0,0,0,0,0,0,18714756060,2700542,KSQ,ME006
054410,2026-09-29,KR7054410006,케이피티유,KOSDAQ,중견기업부,3200,2,-125,-3.76,3190,3325,3190,1037,3370655,18696839660,5726444,KSQ,ME006
079950,2026-09-29,KR7079950002,인베니아,KOSDAQ,관리종목(소속부없음),1352,2,-22,-1.6,1370,1402,1323,74293,100836896,18656383200,13799100,KSQ,ME006
014100,2026-09-29,KR7014100002,메디앙스,KOSDAQ,중견기업부,1604,1,31,1.97,1608,1608,1557,7384,11624335,18655800000,11800000,KSQ,ME006
026910,2026-09-29,KR7026910000,광진실업,KOSDAQ,중견기업부,2255,2,-240,-9.62,2435,2455,2195,172545,394569107,18631566100,7928326,KSQ,ME006
274400,2026-09-29,KR7274400001,이노시뮬레이션,KOSDAQ,기술성장기업부,2030,2,-55,-2.64,2085,2095,2005,7040,14303688,18627310650,9086493,KSQ,ME006
195990,2026-09-29,KR7195990007,루트K,KOSDAQ,관리종목(소속부없음),1138,2,-7,-0.61,1155,1155,1120,13478,15300424,18535600612,16287874,KSQ,ME006
088290,2026-09-29,KR7088290002,이원컴포텍,KOSDAQ,관리종목(소속부없음),2320,1,60,2.65,2370,2370,2200,9133,20988045,18504487040,7976072,KSQ,ME006
455180,2026-09-29,KR7455180000,케이지에이,KOSDAQ,벤처기업부,1271,1,3,0.24,1268,1268,1230,7495,9270993,18503840230,14708935,KSQ,ME006
085810,2026-09-29,KR7085810000,알티캐스트,KOSDAQ,중견기업부,1397,3,0,0.0,1397,1397,1140,40833,51810933,18448723665,14136953,KSQ,ME006
353590,2026-09-29,KR7353590003,오토앤,KOSDAQ,중견기업부,1470,2,-31,-2.07,1505,1509,1400,14376,21182172,18399189530,12875570,KSQ,ME006
065060,2026-09-29,KR7065060006,지엔코,KOSDAQ,중견기업부,3240,1,150,4.85,3100,3105,3060,4355,13459255,18330581160,5990386,KSQ,ME006
365900,2026-09-29,KR7365900000,브이씨,KOSDAQ,벤처기업부,2530,2,-20,-0.78,2495,2570,2495,1506,3800765,18312301500,7310300,KSQ,ME006
002070,2026-09-29,KR7002070001,비비안,KOSPI,,3800,1,180,4.97,3665,4020,3435,93942,350510544,18246840000,4801800,STK,ME006
196700,2026-09-29,KR7196700009,웹스,KOSDAQ,벤처기업부,1273,2,-13,-1.01,1286,1286,1256,11926,15180249,18199370448,14364144,KSQ,ME006
131100,2026-09-29,KR7131100000,티엔엔터테인먼트,KOSDAQ,중견기업부,2765,2,-95,-3.32,3040,3475,2645,567704,1714913919,18187150080,6449344,KSQ,ME006
093240,2026-09-29,KR7093240000,형지엘리트,KOSPI,,296,3,0,0.0,0,0,0,0,0,18171516664,61390259,STK,ME006
419540,2026-09-29,KR7419540000,비스토스,KOSDAQ,벤처기업부,3070,2,-35,-1.13,3230,3230,3010,6745,20431069,18142880385,5958253,KSQ,ME006
279600,2026-09-29,KR7279600001,미디어젠,KOSDAQ,벤처기업부,3870,1,40,1.04,3870,4085,3795,1334,5214115,18130102470,4684781,KSQ,ME006
110020,2026-09-29,KR7110020005,전진바이오팜,KOSDAQ,기술성장기업부,2005,2,-50,-2.43,2055,2055,1956,8149,16397273,18081288952,9058762,KSQ,ME006
056730,2026-09-29,KR7056730005,CNT85,KOSDAQ,중견기업부,1268,1,15,1.2,1246,1278,1205,16443,20369322,18009017955,14822237,KSQ,ME006
210120,2026-09-29,KR7210120002,캔버스엔,KOSDAQ,중견기업부,1819,2,-54,-2.88,1853,1872,1801,45746,83386065,18003598287,9694991,KSQ,ME006
403490,2026-09-29,KR7403490006,우듬지팜,KOSDAQ,벤처기업부,1982,2,-33,-1.64,2040,2040,1940,23343,45972240,17968778352,9186492,KSQ,ME006
137940,2026-09-29,KR7137940003,넥스트아이,KOSDAQ,중견기업부,1826,1,8,0.44,1819,1841,1818,10014,18267402,17916834342,9812067,KSQ,ME006
078860,2026-09-29,KR7078860004,아이오케이이엔엠,KOSDAQ,투자주의환기종목(소속부없음),2895,1,10,0.35,2885,3065,2720,27095,78228515,17882959260,6177188,KSQ,ME006
011090,2026-09-29,KR7011090008,에넥스,KOSPI,,1498,2,-103,-6.43,1554,1611,1475,70419,106607042,17761866892,11857054,STK,ME006
023790,2026-09-29,KR7023790009,동일스틸럭스,KOSDAQ,중견기업부,1345,2,-60,-4.27,1415,1415,1304,234001,312047042,17735729456,13069808,KSQ,ME006
008600,2026-09-29,KR7008600009,윌비스,KOSPI,,2620,3,0,0.0,0,0,0,0,0,17615839860,6723603,STK,ME006
037400,2026-09-29,KR7037400009,우리엔터프라이즈,KOSDAQ,관리종목(소속부없음),3355,2,-15,-0.45,3365,3370,3340,5789,19443560,17595864495,5244669,KSQ,ME006
009440,2026-09-29,KR7009440009,KC그린홀딩스,KOSPI,,756,3,0,0.0,0,0,0,0,0,17568790596,23239141,STK,ME006
900120,2026-09-29,KYG2114A1094,씨엑스아이,KOSDAQ,관리종목(소속부없음),1040,3,0,0.0,0,0,0,0,0,17336446400,16669660,KSQ,ME006
373110,2026-09-29,KR7373110006,엑셀세라퓨틱스,KOSDAQ,기술성장기업부,993,2,-19,-1.88,1012,1017,990,27876,27744317,17277099606,17294394,KSQ,ME006
006200,2026-09-29,KR7006200000,한국전자홀딩스,KOSPI,,1835,2,-75,-3.93,1904,1904,1828,6973,12904550,17176750545,9360627,STK,ME006
0197V0,2026-09-29,KR70197V0000,엔에이치스팩34호,KOSDAQ,SPAC(소속부없음),1886,2,-18,-0.95,1900,1900,1883,538181,1015759431,17077350000,9050000,KSQ,ME006
465770,2026-09-29,KR7465770006,STX그린로지스,KOSPI,,2355,2,-135,-5.42,2540,2540,2310,227804,538869685,16999284900,7218380,STK,ME006
482680,2026-09-29,KR7482680006,미래에셋비전스팩7호,KOSDAQ,SPAC(소속부없음),2055,3,0,0.0,0,0,0,0,0,16881825000,8215000,KSQ,ME006
477380,2026-09-29,KR7477380000,미래에셋비전스팩4호,KOSDAQ,SPAC(소속부없음),2075,2,-5,-0.24,2080,2080,2070,21254,44048273,16807500000,8100000,KSQ,ME006
241820,2026-09-29,KR7241820000,피씨엘,KOSDAQ,관리종목(소속부없음),6040,3,0,0.0,0,0,0,0,0,16803871920,2782098,KSQ,ME006
285800,2026-09-29,KR7285800009,진영,KOSDAQ,벤처기업부,4550,1,50,1.11,4715,4895,4395,77776,358056096,16459521560,3593782,KSQ,ME006
0200G0,2026-09-29,KR70200G0004,한국제17호스팩,KOSDAQ,SPAC(소속부없음),1887,2,-9,-0.47,1893,1895,1883,677779,1279088117,16408200000,8700000,KSQ,ME006
101000,2026-09-29,KR7101000008,KS인더스트리,KOSDAQ,관리종목(소속부없음),1650,1,100,6.45,1550,1773,1451,119538,193987774,16352303550,9910487,KSQ,ME006
034940,2026-09-29,KR7034940007,조아제약,KOSDAQ,중견기업부,2640,2,-40,-1.49,2675,2690,2590,29301,77087665,16233428300,6195965,KSQ,ME006
065650,2026-09-29,KR7065650004,하이퍼코퍼레이션,KOSDAQ,중견기업부,1412,2,-23,-1.6,1435,1543,1426,23782,35312820,16200060760,10945987,KSQ,ME006
009730,2026-09-29,KR7009730003,이렘,KOSDAQ,투자주의환기종목(소속부없음),2030,1,31,1.55,1999,2030,1972,11045,22044680,16190271090,7975503,KSQ,ME006
18064K,2026-09-29,KR718064K016,한진칼우,KOSPI,,30200,2,-550,-1.79,30600,30600,29700,452,13590050,16014969400,530297,STK,ME006
051780,2026-09-29,KR7051780005,큐로홀딩스,KOSDAQ,중견기업부,2080,2,-345,-14.23,2360,2370,1900,131122,281722676,15960050400,7600024,KSQ,ME006
376930,2026-09-29,KR7376930004,노을,KOSDAQ,관리종목(소속부없음),1554,2,-8,-0.51,1552,1570,1525,20281,31320401,15941342256,10258264,KSQ,ME006
309930,2026-09-29,KR7309930006,조이웍스앤코,KOSDAQ,중견기업부,859,1,1,0.12,850,853,811,21477,17805345,15847596647,19255889,KSQ,ME006
060900,2026-09-29,KR7060900008,에이전트AI,KOSDAQ,중견기업부,2330,2,-40,-1.69,2350,2420,2210,140831,318411277,15835962120,6543786,KSQ,ME006
005257,2026-09-29,KR7005252002,녹십자홀딩스2우,KOSPI,,18570,1,160,0.87,18000,18570,18000,11,198570,15710034300,845990,STK,ME006
225590,2026-09-29,KR7225590009,패션플랫폼,KOSDAQ,관리종목(소속부없음),3065,2,-145,-4.52,3260,3260,3055,73009,228006643,15697017440,5121376,KSQ,ME006
0072Z0,2026-09-29,KR70072Z0006,KB제33호스팩,KOSDAQ,SPAC(소속부없음),1969,2,-1,-0.05,1967,1970,1963,39832,78244412,15525565000,7885000,KSQ,ME006
477340,2026-09-29,KR7477340004,에이치엠씨제7호스팩,KOSDAQ,SPAC(소속부없음),2060,3,0,0.0,2060,2065,2057,5659,11656050,15470600000,7510000,KSQ,ME006
005725,2026-09-29,KR7005721006,넥센우,KOSPI,,4245,2,-15,-0.35,4170,4245,4170,3092,13078095,15284547000,3600600,STK,ME006
060480,2026-09-29,KR7060480001,국일신동,KOSDAQ,관리종목(소속부없음),1375,2,-55,-3.85,1429,1429,1322,102284,140738750,15248750000,11090000,KSQ,ME006
0101C0,2026-09-29,KR70101C0008,하나36호스팩,KOSDAQ,SPAC(소속부없음),1955,2,-9,-0.46,1975,1975,1962,353,693835,15201360000,7740000,KSQ,ME006
0130H0,2026-09-29,KR70130H0008,엔에이치스팩33호,KOSDAQ,SPAC(소속부없음),1955,2,-19,-0.96,1991,2000,1967,1944,3831689,15199800000,7700000,KSQ,ME006
030350,2026-09-29,KR7030350003,드래곤플라이,KOSDAQ,관리종목(소속부없음),973,3,0,0.0,0,0,0,0,0,15171092867,15592079,KSQ,ME006
002025,2026-09-29,KR7002021004,코오롱우,KOSPI,,12920,2,-170,-1.3,13100,13100,12630,1751,22424430,14911615450,1160437,STK,ME006
0044K0,2026-09-29,KR70044K0008,삼성스팩10호,KOSDAQ,SPAC(소속부없음),1981,1,1,0.05,1980,1986,1970,17672,34820868,14897120000,7520000,KSQ,ME006
473050,2026-09-29,KR7473050003,유안타제15호스팩,KOSDAQ,관리종목(소속부없음),2105,1,5,0.24,2100,2105,2100,730624,1537444940,14756050000,7010000,KSQ,ME006
475460,2026-09-29,KR7475460002,미트박스,KOSDAQ,벤처기업부,2630,1,30,1.15,2565,2675,2560,11784,30692050,14680965000,5646525,KSQ,ME006
0115H0,2026-09-29,KR70115H0007,삼성스팩13호,KOSDAQ,SPAC(소속부없음),1973,2,-5,-0.25,1998,1998,1970,6110,12145332,14575050000,7350000,KSQ,ME006
335870,2026-09-29,KR7335870002,윙스풋,KOSDAQ,중견기업부,4695,1,495,11.79,4315,4380,3900,27348,114481260,14572908900,3350094,KSQ,ME006
002820,2026-09-29,KR7002820009,SUN&L,KOSPI,,1204,2,-17,-1.39,1221,1275,1176,56820,67957743,14524097616,12063204,STK,ME006
489480,2026-09-29,KR7489480004,키움제11호스팩,KOSDAQ,SPAC(소속부없음),2200,3,0,0.0,0,0,0,0,0,14520000000,6600000,KSQ,ME006
177350,2026-09-29,KR7177350006,베셀,KOSDAQ,투자주의환기종목(소속부없음),1450,2,-58,-3.85,1508,1570,1448,85542,127181601,14377983950,9915851,KSQ,ME006
478440,2026-09-29,KR7478440001,미래에셋비전스팩6호,KOSDAQ,SPAC(소속부없음),2060,2,-5,-0.24,2060,2065,2055,2886,5947675,14310450000,6930000,KSQ,ME006
024890,2026-09-29,KR7024890006,대원화성,KOSPI,,1732,1,4,0.23,1814,1819,1715,33722,59034191,14288705560,8249830,STK,ME006
479880,2026-09-29,KR7479880007,한국제15호스팩,KOSDAQ,SPAC(소속부없음),2070,3,0,0.0,2070,2070,2055,4238,8753605,14220900000,6870000,KSQ,ME006
306040,2026-09-29,KR7306040007,에스제이그룹,KOSDAQ,관리종목(소속부없음),1526,1,19,1.26,1432,1526,1426,30091,43569084,14172029144,9287044,KSQ,ME006
103230,2026-09-29,KR7103230009,에스앤더블류,KOSDAQ,관리종목(소속부없음),1964,2,-101,-4.89,2055,2055,1950,34904,69701669,14140800000,7200000,KSQ,ME006
092600,2026-09-29,KR7092600006,앤씨앤,KOSDAQ,관리종목(소속부없음),2800,2,-640,-18.6,3435,3435,2690,286408,833693666,14046768400,5016703,KSQ,ME006
239340,2026-09-29,KR7239340003,이스트에이드,KOSDAQ,관리종목(소속부없음),2600,2,-40,-1.52,2530,2630,2465,4045,10410875,14029407600,5395926,KSQ,ME006
0165X0,2026-09-29,KR70165X0006,메리츠제2호스팩,KOSDAQ,SPAC(소속부없음),1932,2,-5,-0.26,1937,1942,1921,44507,85978994,13987680000,7240000,KSQ,ME006
000087,2026-09-29,KR7000082008,하이트진로2우B,KOSPI,,12320,1,10,0.08,12300,12470,12190,2237,27563690,13934601540,1130138,STK,ME006
035620,2026-09-29,KR7035620004,바른손이앤에이,KOSDAQ,관리종목(소속부없음),740,2,-3,-0.4,744,766,709,188904,138726637,13771339320,18609918,KSQ,ME006
0099W0,2026-09-29,KR70099W0008,미래에셋비전스팩11호,KOSDAQ,SPAC(소속부없음),1964,2,-14,-0.71,1952,1981,1952,59,116000,13748000000,7000000,KSQ,ME006
304840,2026-09-29,KR7304840002,피플바이오,KOSDAQ,벤처기업부,561,3,0,0.0,0,0,0,0,0,13643890260,24320660,KSQ,ME006
352770,2026-09-29,KR7352770002,셀레스트라,KOSDAQ,관리종목(소속부없음),5250,3,0,0.0,0,0,0,0,0,13610136750,2592407,KSQ,ME006
0209J0,2026-09-29,KR70209J0002,KB제34호스팩,KOSDAQ,SPAC(소속부없음),1884,2,-9,-0.48,1889,1890,1882,515366,971017138,13598060000,7210000,KSQ,ME006
001795,2026-09-29,KR7001791003,대한제당우,KOSPI,,2140,1,35,1.66,2105,2160,2090,4972,10503699,13581382200,6482760,STK,ME006
469480,2026-09-29,KR7469480008,IBKS제24호스팩,KOSDAQ,SPAC(소속부없음),3290,2,-10,-0.3,3300,3370,2770,1263985,3855262954,13578300000,4230000,KSQ,ME006
244460,2026-09-29,KR7244460002,올리패스,KOSDAQ,관리종목(소속부없음),1651,3,0,0.0,0,0,0,0,0,13415218661,8125511,KSQ,ME006
004105,2026-09-29,KR7004101002,태양금속우,KOSPI,,4050,1,10,0.25,4180,4180,3965,68031,277229970,13414500000,3300000,STK,ME006
0134X0,2026-09-29,KR70134X0004,대신밸런스제20호스팩,KOSDAQ,SPAC(소속부없음),1974,1,2,0.1,1967,1980,1967,16703,32876855,13304760000,6740000,KSQ,ME006
0164H0,2026-09-29,KR70164H0007,한국제16호스팩,KOSDAQ,SPAC(소속부없음),1944,2,-4,-0.21,1935,1948,1935,30911,59868021,13122000000,6750000,KSQ,ME006
0099X0,2026-09-29,KR70099X0007,IBKS제25호스팩,KOSDAQ,SPAC(소속부없음),2225,2,-75,-3.26,2300,2300,2150,936492,2069111397,13096200000,5980000,KSQ,ME006
481890,2026-09-29,KR7481890002,엔에이치스팩31호,KOSDAQ,SPAC(소속부없음),2060,2,-10,-0.48,2070,2070,2060,41363,85408605,13070700000,6345000,KSQ,ME006
45226K,2026-09-29,KR745226K018,한화갤러리아우,KOSPI,,4500,3,0,0.0,4500,4500,4445,1891,8496365,13070115000,2904470,STK,ME006
0096B0,2026-09-29,KR70096B0006,삼성스팩12호,KOSDAQ,SPAC(소속부없음),1980,2,-1,-0.05,1961,1981,1954,2821,5539070,13028400000,6580000,KSQ,ME006
498390,2026-09-29,KR7498390004,한화플러스제5호스팩,KOSDAQ,SPAC(소속부없음),2685,1,205,8.27,2480,2630,2320,1306615,3194550922,12945600000,4960000,KSQ,ME006
489730,2026-09-29,KR7489730002,디비금융제13호스팩,KOSDAQ,SPAC(소속부없음),2035,3,0,0.0,2040,2045,2032,6275,12767867,12885620000,6332000,KSQ,ME006
00806K,2026-09-29,KR700806K010,대덕1우,KOSPI,,10600,3,0,0.0,10640,10640,10500,1310,13857290,12850984200,1212357,STK,ME006
478390,2026-09-29,KR7478390008,KB제29호스팩,KOSDAQ,SPAC(소속부없음),2060,2,-10,-0.48,2065,2070,2065,17027,35156090,12844300000,6220000,KSQ,ME006
0097F0,2026-09-29,KR70097F0001,미래에셋비전스팩10호,KOSDAQ,SPAC(소속부없음),1969,3,0,0.0,1969,1985,1953,110,216347,12798500000,6500000,KSQ,ME006
084695,2026-09-29,KR7084691005,대상홀딩스우,KOSPI,,14000,2,-70,-0.5,13730,14050,13730,4102,57206730,12788748000,913482,STK,ME006
054180,2026-09-29,KR7054180005,메디콕스,KOSDAQ,관리종목(소속부없음),2295,3,0,0.0,0,0,0,0,0,12686716395,5527981,KSQ,ME006
482520,2026-09-29,KR7482520004,교보16호스팩,KOSDAQ,SPAC(소속부없음),2065,3,0,0.0,0,0,0,0,0,12596500000,6100000,KSQ,ME006
492220,2026-09-29,KR7492220009,KB제31호스팩,KOSDAQ,SPAC(소속부없음),2030,3,0,0.0,2030,2035,2020,20605,41628135,12575250000,6210000,KSQ,ME006
0037T0,2026-09-29,KR70037T0008,KB제32호스팩,KOSDAQ,SPAC(소속부없음),1984,1,1,0.05,1999,1999,1975,227,450380,12558720000,6330000,KSQ,ME006
028080,2026-09-29,KR7028080000,휴맥스홀딩스,KOSDAQ,관리종목(소속부없음),5170,3,0,0.0,0,0,0,0,0,12547900200,2427060,KSQ,ME006
0093G0,2026-09-29,KR70093G0004,미래에셋비전스팩8호,KOSDAQ,SPAC(소속부없음),1958,2,-3,-0.15,1968,1968,1955,2837,5558606,12531200000,6400000,KSQ,ME006
0054V0,2026-09-29,KR70054V0002,엔에이치스팩32호,KOSDAQ,SPAC(소속부없음),1997,1,3,0.15,1994,2000,1994,4219,8436693,12414350500,6216500,KSQ,ME006
0131D0,2026-09-29,KR70131D0001,키움히어로제2호스팩,KOSDAQ,SPAC(소속부없음),1948,2,-6,-0.31,1945,1966,1944,15168,29558599,12361290000,6310000,KSQ,ME006
145995,2026-09-29,KR7145991006,삼양사우,KOSPI,,33350,1,150,0.45,33950,33950,33350,308,10273100,12341834500,370070,STK,ME006
418620,2026-09-29,KR7418620001,E8,KOSDAQ,관리종목(소속부없음),621,2,-22,-3.42,643,690,621,571629,372790519,12327146217,19850477,KSQ,ME006
065570,2026-09-29,KR7065570004,삼영이엔씨,KOSDAQ,관리종목(소속부없음),764,3,0,0.0,0,0,0,0,0,12295692232,16093838,KSQ,ME006
303030,2026-09-29,KR7303030001,지니틱스,KOSDAQ,관리종목(소속부없음),1340,2,-84,-5.9,1422,1422,1285,40601,53691114,12271017840,9157476,KSQ,ME006
0091W0,2026-09-29,KR70091W0006,신영스팩11호,KOSDAQ,SPAC(소속부없음),2035,2,-10,-0.49,2055,2055,2010,74582,150326715,12227020000,6068000,KSQ,ME006
377220,2026-09-29,KR7377220009,프롬바이오,KOSDAQ,관리종목(소속부없음),2150,2,-40,-1.83,2125,2220,1950,170590,352502167,12173300000,5662000,KSQ,ME006
289010,2026-09-29,KR7289010001,아이스크림에듀,KOSDAQ,관리종목(소속부없음),870,2,-164,-15.86,1034,1034,862,271737,248931760,12132372720,13945256,KSQ,ME006
477760,2026-09-29,KR7477760003,DB금융스팩12호,KOSDAQ,SPAC(소속부없음),2070,1,5,0.24,2070,2075,2060,110067,227059185,12088800000,5840000,KSQ,ME006
0041L0,2026-09-29,KR70041L0000,하나35호스팩,KOSDAQ,SPAC(소속부없음),1974,3,0,0.0,1974,1974,1962,24737,48543214,11903220000,6030000,KSQ,ME006
0088D0,2026-09-29,KR70088D0004,메리츠제1호스팩,KOSDAQ,SPAC(소속부없음),2025,2,-30,-1.46,2040,2060,2025,21912,44723815,11821800000,5795000,KSQ,ME006
0132G0,2026-09-29,KR70132G0007,교보20호스팩,KOSDAQ,SPAC(소속부없음),1980,2,-8,-0.4,1991,1991,1971,825,1636665,11820600000,5970000,KSQ,ME006
469900,2026-09-29,KR7469900005,하나31호스팩,KOSDAQ,관리종목(소속부없음),2100,3,0,0.0,0,0,0,0,0,11770500000,5605000,KSQ,ME006
050090,2026-09-29,KR7050090000,비케이홀딩스,KOSDAQ,관리종목(소속부없음),496,2,-192,-27.91,682,682,482,1232559,624508493,11673228560,23534735,KSQ,ME006
482690,2026-09-29,KR7482690005,대신밸런스제19호스팩,KOSDAQ,SPAC(소속부없음),2070,3,0,0.0,2070,2075,2055,61885,127768470,11623050000,5615000,KSQ,ME006
474660,2026-09-29,KR7474660008,신한제12호스팩,KOSDAQ,SPAC(소속부없음),2090,1,5,0.24,2085,2090,2085,1332,2777860,11536800000,5520000,KSQ,ME006
487360,2026-09-29,KR7487360000,신한제14호스팩,KOSDAQ,SPAC(소속부없음),2035,3,0,0.0,2020,2040,2020,1746,3531570,11477400000,5640000,KSQ,ME006
474490,2026-09-29,KR7474490000,유안타제16호스팩,KOSDAQ,SPAC(소속부없음),2070,2,-10,-0.48,2075,2080,2075,1150,2385617,11460800000,5510000,KSQ,ME006
0071M0,2026-09-29,KR70071M0002,삼성스팩11호,KOSDAQ,SPAC(소속부없음),1954,2,-26,-1.31,1970,1980,1970,3040,6017825,11404800000,5760000,KSQ,ME006
015260,2026-09-29,KR7015260003,에이엔피,KOSPI,,242,2,-18,-6.92,262,263,238,726626,177811197,11402288348,47116894,STK,ME006
00781K,2026-09-29,KR700781K015,코리아써키트2우B,KOSPI,,14500,1,10,0.07,14450,14520,14450,1875,27174190,11363635500,783699,STK,ME006
477470,2026-09-29,KR7477470009,미래에셋비전스팩5호,KOSDAQ,SPAC(소속부없음),2065,2,-5,-0.24,2070,2070,2060,238,491525,11316200000,5480000,KSQ,ME006
496070,2026-09-29,KR7496070004,신한제16호스팩,KOSDAQ,SPAC(소속부없음),2005,1,14,0.7,1990,2005,1990,17951,35871832,11268100000,5620000,KSQ,ME006
208640,2026-09-29,KR7208640003,썸에이지,KOSDAQ,관리종목(소속부없음),809,2,-69,-7.86,878,881,781,206845,167371080,11264536225,13924025,KSQ,ME006
0105P0,2026-09-29,KR70105P0009,유진스팩12호,KOSDAQ,SPAC(소속부없음),1972,2,-14,-0.7,1986,1986,1952,9335,18338291,11161520000,5660000,KSQ,ME006
006050,2026-09-29,KR7006050009,국영지앤엠,KOSDAQ,관리종목(소속부없음),3180,2,-225,-6.61,3400,3400,3105,52047,167436190,11096686320,3489524,KSQ,ME006
060260,2026-09-29,KR7060260007,뉴보텍,KOSDAQ,관리종목(소속부없음),830,1,1,0.12,829,839,794,69281,56425580,11074155480,13342356,KSQ,ME006
0129K0,2026-09-29,KR70129K0006,신한제18호스팩,KOSDAQ,SPAC(소속부없음),1964,2,-5,-0.25,1972,1972,1959,5273,10340391,11048920000,5620000,KSQ,ME006
38380K,2026-09-29,KR738380K012,LX홀딩스1우,KOSPI,,7500,1,40,0.54,7770,7770,7410,76,569580,10989637500,1465285,STK,ME006
486630,2026-09-29,KR7486630007,KB제30호스팩,KOSDAQ,SPAC(소속부없음),2045,2,-5,-0.24,2050,2050,2040,4059,8300720,10885500000,5310000,KSQ,ME006
0096D0,2026-09-29,KR70096D0004,미래에셋비전스팩9호,KOSDAQ,SPAC(소속부없음),1968,3,0,0.0,1968,1968,1961,24,47137,10824000000,5500000,KSQ,ME006
0098T0,2026-09-29,KR70098T0004,교보19호스팩,KOSDAQ,SPAC(소속부없음),1994,1,11,0.55,1999,1999,1983,1131,2255286,10767600000,5400000,KSQ,ME006
493790,2026-09-29,KR7493790000,유안타제17호스팩,KOSDAQ,SPAC(소속부없음),2015,2,-5,-0.25,2010,2020,2010,559,1124900,10699650000,5310000,KSQ,ME006
0004Y0,2026-09-29,KR70004Y0000,디비금융제14호스팩,KOSDAQ,SPAC(소속부없음),1998,1,1,0.05,1997,2000,1983,238,475039,10624685000,5315000,KSQ,ME006
489210,2026-09-29,KR7489210005,교보17호스팩,KOSDAQ,SPAC(소속부없음),2040,3,0,0.0,2040,2050,2035,268,547165,10567200000,5180000,KSQ,ME006
131760,2026-09-29,KR7131760001,파인텍,KOSDAQ,관리종목(소속부없음),1211,2,-101,-7.7,1312,1312,1200,132869,163097882,10519128676,8686316,KSQ,ME006
0130D0,2026-09-29,KR70130D0002,신한제17호스팩,KOSDAQ,SPAC(소속부없음),1965,2,-5,-0.25,1951,1965,1950,2272,4435195,10493100000,5340000,KSQ,ME006
043100,2026-09-29,KR7043100007,알파AI,KOSDAQ,관리종목(소속부없음),520,3,0,0.0,0,0,0,0,0,10457241600,20110080,KSQ,ME006
142760,2026-09-29,KR7142760008,모아라이프플러스,KOSDAQ,관리종목(소속부없음),490,1,19,4.03,514,565,464,465411,235423114,10330910100,21083490,KSQ,ME006
478110,2026-09-29,KR7478110000,이베스트스팩6호,KOSDAQ,SPAC(소속부없음),2055,1,5,0.24,2050,2055,2050,382,784110,10316100000,5020000,KSQ,ME006
001067,2026-09-29,KR7001062009,JW중외제약2우B,KOSPI,,48950,2,-1050,-2.1,48500,48950,48500,71,3451400,10278178350,209973,STK,ME006
466690,2026-09-29,KR7466690005,키움히어로제1호스팩,KOSDAQ,SPAC(소속부없음),1960,2,-45,-2.24,2005,2005,1996,2298,4575213,10190000000,5095000,KSQ,ME006
305090,2026-09-29,KR7305090003,마이크로디지탈,KOSDAQ,투자주의환기종목(소속부없음),538,3,0,0.0,0,0,0,0,0,10166241142,18896359,KSQ,ME006
0041B0,2026-09-29,KR70041B0002,교보18호스팩,KOSDAQ,SPAC(소속부없음),2000,3,0,0.0,2002,2005,1998,2746,5488654,10105200000,5040000,KSQ,ME006
004255,2026-09-29,KR7004251005,NPC우,KOSPI,,1890,2,-13,-0.68,1903,1921,1890,132,249983,9979200000,5280000,STK,ME006
003075,2026-09-29,KR7003071008,코오롱글로벌우,KOSPI,,13200,2,-260,-1.93,13200,13200,13020,222,2939250,9644395740,740737,STK,ME006
488060,2026-09-29,KR7488060005,유진스팩11호,KOSDAQ,SPAC(소속부없음),2035,2,-5,-0.25,2040,2040,2020,65723,133047385,9605200000,4720000,KSQ,ME006
106080,2026-09-29,KR7106080005,케이이엠텍,KOSDAQ,관리종목(소속부없음),1650,3,0,0.0,0,0,0,0,0,9506998050,5761817,KSQ,ME006
145210,2026-09-29,KR7145210001,다이나믹디자인,KOSPI,,2240,3,0,0.0,0,0,0,0,0,9461011840,4223666,STK,ME006
019685,2026-09-29,KR7019681006,대교우B,KOSPI,,970,1,4,0.41,965,965,955,33821,32440533,9305528210,9713495,STK,ME006
065770,2026-09-29,KR7065770000,CS,KOSDAQ,관리종목(소속부없음),880,1,31,3.65,823,970,823,118954,106056374,9253256320,10515064,KSQ,ME006
484130,2026-09-29,KR7484130000,하나34호스팩,KOSDAQ,SPAC(소속부없음),2025,1,5,0.25,2030,2030,2020,2755,5579190,9153000000,4520000,KSQ,ME006
012340,2026-09-29,KR7012340006,뉴인텍,KOSDAQ,관리종목(소속부없음),415,2,-14,-3.26,429,459,412,138765,57712284,9148589095,22044793,KSQ,ME006
001755,2026-09-29,KR7001751007,한양증권우,KOSPI,,19350,1,50,0.26,19300,20000,19200,694,13598890,9145305800,472870,STK,ME006
473950,2026-09-29,KR7473950004,에스케이증권제13호스팩,KOSDAQ,SPAC(소속부없음),2055,1,5,0.24,2050,2055,2050,246,504405,9083100000,4420000,KSQ,ME006
487830,2026-09-29,KR7487830002,신한제15호스팩,KOSDAQ,SPAC(소속부없음),2040,1,15,0.74,2040,2040,2020,20915,42335465,8852250000,4350000,KSQ,ME006
468760,2026-09-29,KR7468760004,유진스팩10호,KOSDAQ,SPAC(소속부없음),2080,3,0,0.0,0,0,0,0,0,8819200000,4240000,KSQ,ME006
067770,2026-09-29,KR7067770008,세진티에스,KOSDAQ,관리종목(소속부없음),1049,2,-521,-33.18,999,1312,999,883255,1031151816,8808026057,8396593,KSQ,ME006
472230,2026-09-29,KR7472230002,에스케이증권제11호스팩,KOSDAQ,관리종목(소속부없음),2105,1,5,0.24,2105,2105,2100,139738,294037550,8746275000,4155000,KSQ,ME006
487720,2026-09-29,KR7487720005,키움제10호스팩,KOSDAQ,SPAC(소속부없음),2045,1,10,0.49,2045,2045,2035,5140,10494650,8650350000,4230000,KSQ,ME006
33637L,2026-09-29,KR733637K028,솔루스첨단소재2우B,KOSPI,,2270,3,0,0.0,2270,2270,2270,18,40860,8575814840,3777892,STK,ME006
354200,2026-09-29,KR7354200008,엔젠바이오,KOSDAQ,기술성장기업부,949,2,-316,-24.98,1088,1094,886,2048726,1977394602,8534436765,8936583,KSQ,ME006
0068Y0,2026-09-29,KR70068Y0003,비엔케이제3호스팩,KOSDAQ,SPAC(소속부없음),1980,1,7,0.35,1986,1986,1955,2868,5647142,8533800000,4310000,KSQ,ME006
001000,2026-09-29,KR7001000009,신라섬유,KOSDAQ,관리종목(소속부없음),1709,2,-32,-1.84,1691,1741,1691,7861,13370235,8298063172,4855508,KSQ,ME006
000225,2026-09-29,KR7000221002,유유제약1우,KOSPI,,3650,1,5,0.14,3645,3855,3605,2085,7665205,8274294500,2266930,STK,ME006
291810,2026-09-29,KR7291810000,핀텔,KOSDAQ,관리종목(소속부없음),584,2,-249,-29.89,584,584,584,100204,58519136,8191143120,14025930,KSQ,ME006
0041J0,2026-09-29,KR70041J0004,엘에스스팩1호,KOSDAQ,SPAC(소속부없음),1980,2,-1,-0.05,1961,1981,1961,9595,18905340,8137800000,4110000,KSQ,ME006
03481K,2026-09-29,KR703481K019,해성산업1우,KOSDAQ,중견기업부,5940,1,60,1.02,5880,5940,5780,155,909650,8126972700,1377453,KSQ,ME006
087260,2026-09-29,KR7087260006,모바일어플라이언스,KOSDAQ,관리종목(소속부없음),247,3,0,0.0,0,0,0,0,0,8040556667,32552861,KSQ,ME006
001515,2026-09-29,KR7001511005,SK증권우,KOSPI,,4000,1,5,0.13,3900,4000,3850,9385,36436010,7825028000,1956257,STK,ME006
475250,2026-09-29,KR7475250007,하나33호스팩,KOSDAQ,SPAC(소속부없음),2080,2,-5,-0.24,2080,2090,2080,4416,9203805,7696000000,3700000,KSQ,ME006
079970,2026-09-29,KR7079970000,투비소프트,KOSDAQ,관리종목(소속부없음),596,3,0,0.0,0,0,0,0,0,7646223464,12829234,KSQ,ME006
001065,2026-09-29,KR7001061001,JW중외제약우,KOSPI,,22200,2,-50,-0.22,22200,22200,22200,2,44400,7591312200,341951,STK,ME006
474930,2026-09-29,KR7474930005,신한제13호스팩,KOSDAQ,SPAC(소속부없음),2090,2,-5,-0.24,2095,2095,2085,93131,194198730,7565800000,3620000,KSQ,ME006
288980,2026-09-29,KR7288980006,모아데이타,KOSDAQ,관리종목(소속부없음),205,2,-13,-5.96,213,213,192,1274699,256685871,7458182695,36381379,KSQ,ME006
240600,2026-09-29,KR7240600007,유진테크놀로지,KOSDAQ,관리종목(소속부없음),892,2,-129,-12.63,1006,1007,829,184425,163935797,7403073720,8299410,KSQ,ME006
065420,2026-09-29,KR7065420002,에스아이리소스,KOSDAQ,중견기업부,940,3,0,0.0,0,0,0,0,0,7283384140,7748281,KSQ,ME006
308100,2026-09-29,KR7308100007,형지글로벌,KOSDAQ,관리종목(소속부없음),275,1,11,4.17,266,343,262,3563714,1078507494,7100499450,25819998,KSQ,ME006
276040,2026-09-29,KR7276040003,스코넥,KOSDAQ,관리종목(소속부없음),327,3,0,0.0,0,0,0,0,0,7073119545,21630335,KSQ,ME006
473000,2026-09-29,KR7473000008,에스케이증권제12호스팩,KOSDAQ,SPAC(소속부없음),2085,3,0,0.0,2075,2085,2075,1689,3506465,6901350000,3310000,KSQ,ME006
000325,2026-09-29,KR7000321000,노루홀딩스우,KOSPI,,28200,2,-200,-0.7,28200,28200,28200,1,28200,6868363800,243559,STK,ME006
475240,2026-09-29,KR7475240008,하나32호스팩,KOSDAQ,관리종목(소속부없음),2090,2,-5,-0.24,2090,2095,2090,42666,89202560,6688000000,3200000,KSQ,ME006
004985,2026-09-29,KR7004981007,성신양회우,KOSPI,,9030,2,-80,-0.88,9300,9300,8850,4373,39336630,6635517900,735645,STK,ME006
004835,2026-09-29,KR7004831004,덕성우,KOSPI,,4485,1,120,2.75,4475,4475,4220,7384,31927015,6187440000,1392000,STK,ME006
044380,2026-09-29,KR7044380004,주연테크,KOSPI,,436,3,0,0.0,0,0,0,0,0,6058793776,13896316,STK,ME006
900100,2026-09-29,USU652221081,파이온엑스,KOSDAQ,관리종목(소속부없음),1096,3,0,0.0,0,0,0,0,0,5782550800,5276050,KSQ,ME006
012205,2026-09-29,KR7012201000,계양전기우,KOSPI,,4920,2,-70,-1.4,4955,4955,4920,6899,34058710,5751868680,1169079,STK,ME006
26490K,2026-09-29,KR726490K013,크라운제과우,KOSPI,,7670,1,330,4.5,7480,7480,7260,55,411540,5616045600,773560,STK,ME006
044180,2026-09-29,KR7044180008,KD,KOSDAQ,관리종목(소속부없음),205,3,0,0.0,0,0,0,0,0,5477148795,26717799,KSQ,ME006
090355,2026-09-29,KR7090351008,노루페인트우,KOSPI,,11590,2,-200,-1.7,11680,11680,11450,73,843690,5367630340,463126,STK,ME006
313760,2026-09-29,KR7313760001,캐리,KOSDAQ,관리종목(소속부없음),468,3,0,0.0,0,0,0,0,0,5244963048,11207186,KSQ,ME006
001770,2026-09-29,KR7001770007,SHD,KOSPI,,4275,3,0,0.0,0,0,0,0,0,5193603450,1214878,STK,ME006
002995,2026-09-29,KR7002991008,금호건설우,KOSPI,,15900,2,-650,-3.93,16510,16560,15900,5809,94182670,4647029400,292266,STK,ME006
052770,2026-09-29,KR7052770005,아이톡시,KOSDAQ,관리종목(소속부없음),312,3,0,0.0,0,0,0,0,0,4545457488,14568774,KSQ,ME006
225430,2026-09-29,KR7225430008,케이엠제약,KOSDAQ,관리종목(소속부없음),698,3,0,0.0,0,0,0,0,0,4527001150,6485675,KSQ,ME006
000545,2026-09-29,KR7000541003,흥국화재우,KOSPI,,5600,2,-100,-1.75,5880,5880,5600,441,2469880,4300800000,768000,STK,ME006
000145,2026-09-29,KR7000141002,하이트진로홀딩스우,KOSPI,,9110,3,0,0.0,9190,9190,9030,36,325950,4289079100,470810,STK,ME006
025870,2026-09-29,KR7025870007,신라에스지,KOSDAQ,관리종목(소속부없음),1059,3,0,0.0,0,0,0,0,0,4236000000,4000000,KSQ,ME006
084180,2026-09-29,KR7084180009,수성웹툰,KOSDAQ,관리종목(소속부없음),219,1,11,5.29,180,219,166,2429289,470696240,3958267977,18074283,KSQ,ME006
009415,2026-09-29,KR7009411000,태영건설우,KOSPI,,6070,2,-150,-2.41,6220,6220,6070,501,3067990,3945342180,649974,STK,ME006
005965,2026-09-29,KR7005961008,동부건설우,KOSPI,,17210,3,0,0.0,17210,17210,17210,1221,21013410,3884847720,225732,STK,ME006
007575,2026-09-29,KR7007571003,일양약품우,KOSPI,,7950,1,50,0.63,7970,7970,7950,8,63740,3538386000,445080,STK,ME006
014825,2026-09-29,KR7014821003,동원시스템즈우,KOSPI,,13340,1,200,1.52,13400,13500,13340,16,213900,3523240740,264111,STK,ME006
250930,2026-09-29,KR7250930005,예선테크,KOSDAQ,관리종목(소속부없음),524,2,-224,-29.95,748,758,524,195269,123232587,3458446112,6600088,KSQ,ME006
005030,2026-09-29,KR7005030002,부산주공,KOSPI,,37,2,-449,-92.39,26,50,23,28872090,969538520,3432970556,92782988,STK,ME006
199730,2026-09-29,KR7199730003,바이오인프라,KOSDAQ,관리종목(소속부없음),697,1,11,1.6,719,805,675,102744,74065001,3390463799,4864367,KSQ,ME006
36328K,2026-09-29,KR736328K013,티와이홀딩스우,KOSPI,,2995,1,165,5.83,2890,2890,2690,5394,15036555,3301606690,1174949,STK,ME006
011080,2026-09-29,KR7011080009,형지I&C,KOSDAQ,관리종목(소속부없음),456,1,11,2.47,445,575,445,2264138,1134316985,3235895472,7096262,KSQ,ME006
005745,2026-09-29,KR7005741004,크라운해태홀딩스우,KOSPI,,5280,2,-30,-0.56,5300,5300,5180,21,109900,3171833280,600726,STK,ME006
014285,2026-09-29,KR7014281000,금강공업우,KOSPI,,5320,2,-300,-5.34,5410,5520,5320,3057,16538650,3138135000,589875,STK,ME006
058450,2026-09-29,KR7058450008,한주에이알티,KOSDAQ,관리종목(소속부없음),574,2,-64,-10.03,669,679,535,499248,303553571,3098435928,5397972,KSQ,ME006
014915,2026-09-29,KR7014911002,성문전자우,KOSPI,,4850,2,-200,-3.96,5240,5240,4845,456,2242150,2910000000,600000,STK,ME006
000227,2026-09-29,KR7000222000,유유제약2우B,KOSPI,,7690,2,-60,-0.77,7650,7800,7650,927,7171640,2483562400,322960,STK,ME006
008355,2026-09-29,KR7008351009,남선알미우,KOSPI,,7020,1,10,0.14,7170,7300,7020,617,4415140,2161387800,307890,STK,ME006
001525,2026-09-29,KR7001521004,동양우,KOSPI,,7630,2,-870,-10.24,8330,8340,7630,1296,10384430,2003752450,262615,STK,ME006
035290,2026-09-29,KR7035290006,골드앤에스,KOSDAQ,관리종목(소속부없음),384,3,0,0.0,0,0,0,0,0,1830776832,4767648,KSQ,ME006
021045,2026-09-29,KR7021041009,대호특수강우,KOSDAQ,중견기업부,2035,2,-60,-2.86,2045,2045,1961,2381,4762878,1726681220,848492,KSQ,ME006
004545,2026-09-29,KR7004541009,깨끗한나라우,KOSPI,,3325,2,-155,-4.45,3480,3480,3325,585,1972585,1217482000,366160,STK,ME006
011155,2026-09-29,KR7011151008,CJ씨푸드1우,KOSPI,,5950,1,90,1.54,6100,6100,5670,1037,5939010,1190000000,200000,STK,ME006
196490,2026-09-29,KR7196490007,디에이테크놀로지,KOSDAQ,투자주의환기종목(소속부없음),100,2,-40,-28.57,123,130,100,1493640,173075921,1135164500,11351645,KSQ,ME006
001527,2026-09-29,KR7001522002,동양2우B,KOSPI,,5080,2,-310,-5.75,5110,5360,5080,1233,6361830,1044981400,205705,STK,ME006
004415,2026-09-29,KR7004411005,서울식품우,KOSPI,,4100,2,-215,-4.98,4345,4355,4100,1417,6028815,912045000,222450,STK,ME006
312610,2026-09-29,KR7312610009,에이에프더블류,KOSDAQ,관리종목(소속부없음),45,2,-31,-40.79,69,69,45,2885827,165798989,911559960,20256888,KSQ,ME006
002785,2026-09-29,KR7002781003,진흥기업우B,KOSPI,,8700,2,-1410,-13.95,9850,9850,8700,3557,32384710,745772700,85721,STK,ME006
032685,2026-09-29,KR7032681009,소프트센우,KOSDAQ,중견기업부,5840,1,30,0.52,5750,5840,5740,753,4354080,416754080,71362,KSQ,ME006
002787,2026-09-29,KR7002782001,진흥기업2우B,KOSPI,,12620,1,110,0.88,12890,12900,12120,1185,15038300,372037600,29480,STK,ME006
